opportunity_id,sales_agent,product,product_series,account,sector,account_revenue,account_employees,deal_stage,engage_date,engagement_age_days,account_tier,product_value_tier,engagement_age_band,crm_priority_score,priority_tier
00400B1S,Lajuana Vencill,GTX Basic,GTX,,,,,Prospecting,,0,Unassigned Account,Low Value,Unengaged (Prospecting),30,Tier 3 — Lower Priority
01EH41WA,Zane Levy,GTX Pro,GTX,,,,,Engaging,2017-03-04,302,Unassigned Account,High Value,Stalled / Critical (> 180 days),70,Tier 2 — Medium Priority
01XZ9CRY,Zane Levy,GTX Plus Pro,GTX,Initech,telecommunications,6395.05,20275.0,Engaging,2017-09-18,104,Enterprise,High Value,Aging (91-180 days),95,Tier 1 — High Priority
021Z2J9L,Markita Hansen,GTK 500,GTK,Rundofase,technology,1008.06,1238.0,Engaging,2017-07-23,161,Mid-Market,High Value,Aging (91-180 days),85,Tier 1 — High Priority
02K37JAK,Jonathan Berthelot,GTX Plus Basic,GTX,,,,,Engaging,2017-07-21,163,Unassigned Account,Medium Value,Aging (91-180 days),65,Tier 2 — Medium Priority
03P9VXWG,Darcel Schlecht,GTX Basic,GTX,,,,,Prospecting,,0,Unassigned Account,Low Value,Unengaged (Prospecting),30,Tier 3 — Lower Priority
03VCDZEE,Maureen Marcano,GTX Pro,GTX,,,,,Engaging,2017-02-23,311,Unassigned Account,High Value,Stalled / Critical (> 180 days),70,Tier 2 — Medium Priority
041Q1IZL,Zane Levy,GTX Pro,GTX,Green-Plus,services,692.19,1922.0,Engaging,2017-08-15,138,Mid-Market,High Value,Aging (91-180 days),85,Tier 1 — High Priority
04OAV3CV,Elease Gluck,GTX Plus Pro,GTX,,,,,Engaging,2017-05-17,228,Unassigned Account,High Value,Stalled / Critical (> 180 days),70,Tier 2 — Medium Priority
04SCU6DK,Corliss Cosme,MG Advanced,MG,,,,,Engaging,2017-07-01,183,Unassigned Account,Medium Value,Stalled / Critical (> 180 days),60,Tier 2 — Medium Priority
04T6SOQW,Kami Bicknell,GTX Basic,GTX,,,,,Engaging,2017-08-06,147,Unassigned Account,Low Value,Aging (91-180 days),55,Tier 2 — Medium Priority
04YGLJ3N,Kary Hendrixson,GTX Plus Pro,GTX,,,,,Engaging,2017-03-17,289,Unassigned Account,High Value,Stalled / Critical (> 180 days),70,Tier 2 — Medium Priority
0558PJL2,Corliss Cosme,GTX Basic,GTX,,,,,Engaging,2017-09-11,111,Unassigned Account,Low Value,Aging (91-180 days),55,Tier 2 — Medium Priority
055Z2OAS,Anna Snelling,MG Special,MG,Dontechi,software,4618.0,10083.0,Engaging,2017-07-19,165,Enterprise,Low Value,Aging (91-180 days),75,Tier 1 — High Priority
059K86LU,Kami Bicknell,GTX Plus Pro,GTX,Labdrill,medical,2741.37,9226.0,Engaging,2017-08-26,127,Enterprise,High Value,Aging (91-180 days),95,Tier 1 — High Priority
06C1N1F7,Elease Gluck,MG Special,MG,,,,,Engaging,2017-10-05,87,Unassigned Account,Low Value,Recent (<= 90 days),60,Tier 2 — Medium Priority
07GUKIG3,Violet Mclelland,MG Special,MG,,,,,Engaging,2017-12-05,26,Unassigned Account,Low Value,Recent (<= 90 days),60,Tier 2 — Medium Priority
0A1LN7GB,Violet Mclelland,MG Special,MG,,,,,Engaging,2017-03-09,297,Unassigned Account,Low Value,Stalled / Critical (> 180 days),50,Tier 3 — Lower Priority
0AQGBN7B,Maureen Marcano,GTX Plus Basic,GTX,,,,,Engaging,2017-05-08,237,Unassigned Account,Medium Value,Stalled / Critical (> 180 days),60,Tier 2 — Medium Priority
0BQTT5UF,Marty Freudenburg,GTX Pro,GTX,Donware,marketing,1197.44,2570.0,Prospecting,,0,Mid-Market,High Value,Unengaged (Prospecting),60,Tier 2 — Medium Priority
0C34Z5UZ,Gladys Colclough,GTX Pro,GTX,,,,,Prospecting,,0,Unassigned Account,High Value,Unengaged (Prospecting),50,Tier 3 — Lower Priority
0CECGPEJ,Moses Frase,MG Advanced,MG,,,,,Prospecting,,0,Unassigned Account,Medium Value,Unengaged (Prospecting),40,Tier 3 — Lower Priority
0CR37ETK,Corliss Cosme,MG Advanced,MG,,,,,Engaging,2017-11-05,56,Unassigned Account,Medium Value,Recent (<= 90 days),70,Tier 2 — Medium Priority
0D37PQA0,Violet Mclelland,GTX Plus Basic,GTX,,,,,Engaging,2017-07-08,176,Unassigned Account,Medium Value,Aging (91-180 days),65,Tier 2 — Medium Priority
0D8Y5JA0,Anna Snelling,GTX Plus Pro,GTX,,,,,Prospecting,,0,Unassigned Account,High Value,Unengaged (Prospecting),50,Tier 3 — Lower Priority
0DRC1U9Q,Maureen Marcano,GTX Basic,GTX,Green-Plus,services,692.19,1922.0,Engaging,2016-11-20,406,Mid-Market,Low Value,Stalled / Critical (> 180 days),60,Tier 2 — Medium Priority
0E8D6TCQ,Moses Frase,GTX Plus Basic,GTX,,,,,Prospecting,,0,Unassigned Account,Medium Value,Unengaged (Prospecting),40,Tier 3 — Lower Priority
0EYXI1UN,Hayden Neloms,MG Advanced,MG,,,,,Engaging,2017-04-19,256,Unassigned Account,Medium Value,Stalled / Critical (> 180 days),60,Tier 2 — Medium Priority
0GS0L5VR,Anna Snelling,MG Special,MG,,,,,Engaging,2017-08-14,139,Unassigned Account,Low Value,Aging (91-180 days),55,Tier 2 — Medium Priority
0H9C9J03,Markita Hansen,GTX Plus Basic,GTX,,,,,Engaging,2017-08-25,128,Unassigned Account,Medium Value,Aging (91-180 days),65,Tier 2 — Medium Priority
0HR4TEU4,Marty Freudenburg,GTX Plus Basic,GTX,Plussunin,retail,1419.98,4018.0,Prospecting,,0,Mid-Market,Medium Value,Unengaged (Prospecting),50,Tier 3 — Lower Priority
0HUWQWOJ,Markita Hansen,MG Special,MG,,,,,Engaging,2017-10-09,83,Unassigned Account,Low Value,Recent (<= 90 days),60,Tier 2 — Medium Priority
0HVUV9OY,Gladys Colclough,GTX Basic,GTX,,,,,Engaging,2017-07-21,163,Unassigned Account,Low Value,Aging (91-180 days),55,Tier 2 — Medium Priority
0I6U3MQ6,Violet Mclelland,GTX Basic,GTX,Funholding,finance,2819.5,7227.0,Engaging,2017-01-12,353,Enterprise,Low Value,Stalled / Critical (> 180 days),70,Tier 2 — Medium Priority
0IO43YMS,Wilburn Farren,MG Advanced,MG,,,,,Engaging,2017-02-20,314,Unassigned Account,Medium Value,Stalled / Critical (> 180 days),60,Tier 2 — Medium Priority
0K59ZLQC,Corliss Cosme,GTX Basic,GTX,Donquadtech,technology,1712.68,3194.0,Engaging,2017-05-18,227,Mid-Market,Low Value,Stalled / Critical (> 180 days),60,Tier 2 — Medium Priority
0KEO3OP7,Daniell Hammack,GTX Plus Pro,GTX,,,,,Engaging,2017-04-27,248,Unassigned Account,High Value,Stalled / Critical (> 180 days),70,Tier 2 — Medium Priority
0KRVN3V5,Anna Snelling,MG Advanced,MG,Hatfan,services,792.46,1299.0,Engaging,2017-07-21,163,Mid-Market,Medium Value,Aging (91-180 days),75,Tier 1 — High Priority
0KSK9O00,Lajuana Vencill,GTX Basic,GTX,Bluth Company,technology,1242.32,3027.0,Prospecting,,0,Mid-Market,Low Value,Unengaged (Prospecting),40,Tier 3 — Lower Priority
0KWYQTQQ,Rosalina Dieter,MG Special,MG,,,,,Engaging,2017-11-10,51,Unassigned Account,Low Value,Recent (<= 90 days),60,Tier 2 — Medium Priority
0LRVHITK,Violet Mclelland,MG Special,MG,,,,,Engaging,2017-06-16,198,Unassigned Account,Low Value,Stalled / Critical (> 180 days),50,Tier 3 — Lower Priority
0M3NCPQX,Versie Hillebrand,MG Special,MG,,,,,Engaging,2017-07-30,154,Unassigned Account,Low Value,Aging (91-180 days),55,Tier 2 — Medium Priority
0M4K6F8Q,Gladys Colclough,GTX Basic,GTX,,,,,Prospecting,,0,Unassigned Account,Low Value,Unengaged (Prospecting),30,Tier 3 — Lower Priority
0N11U6L3,Daniell Hammack,GTX Plus Basic,GTX,Acme Corporation,technology,1100.04,2822.0,Engaging,2017-10-30,62,Mid-Market,Medium Value,Recent (<= 90 days),80,Tier 1 — High Priority
0NSRB3EO,Jonathan Berthelot,MG Special,MG,,,,,Engaging,2017-07-20,164,Unassigned Account,Low Value,Aging (91-180 days),55,Tier 2 — Medium Priority
0OESOJNN,James Ascencio,GTX Plus Basic,GTX,Warephase,services,2041.73,5276.0,Engaging,2017-01-17,348,Enterprise,Medium Value,Stalled / Critical (> 180 days),80,Tier 1 — High Priority
0OHEJOI5,Corliss Cosme,MG Advanced,MG,,,,,Engaging,2017-08-13,140,Unassigned Account,Medium Value,Aging (91-180 days),65,Tier 2 — Medium Priority
0PT4RY4P,Cecily Lampkin,MG Advanced,MG,,,,,Engaging,2017-07-31,153,Unassigned Account,Medium Value,Aging (91-180 days),65,Tier 2 — Medium Priority
0PXJYUT7,Niesha Huffines,GTX Plus Basic,GTX,,,,,Prospecting,,0,Unassigned Account,Medium Value,Unengaged (Prospecting),40,Tier 3 — Lower Priority
0QMDTHBS,Jonathan Berthelot,MG Special,MG,,,,,Prospecting,,0,Unassigned Account,Low Value,Unengaged (Prospecting),30,Tier 3 — Lower Priority
0QPZIIPF,Vicki Laflamme,GTX Plus Basic,GTX,Donware,marketing,1197.44,2570.0,Engaging,2017-03-27,279,Mid-Market,Medium Value,Stalled / Critical (> 180 days),70,Tier 2 — Medium Priority
0R5KAHNB,Moses Frase,MG Advanced,MG,Umbrella Corporation,finance,2022.14,5113.0,Engaging,2017-08-03,150,Enterprise,Medium Value,Aging (91-180 days),85,Tier 1 — High Priority
0RI2I8ZL,Lajuana Vencill,GTX Basic,GTX,,,,,Engaging,2017-07-28,156,Unassigned Account,Low Value,Aging (91-180 days),55,Tier 2 — Medium Priority
0RLU8I9Q,Jonathan Berthelot,GTX Basic,GTX,,,,,Prospecting,,0,Unassigned Account,Low Value,Unengaged (Prospecting),30,Tier 3 — Lower Priority
0S6OQ9AO,Marty Freudenburg,GTX Plus Basic,GTX,,,,,Engaging,2017-07-24,160,Unassigned Account,Medium Value,Aging (91-180 days),65,Tier 2 — Medium Priority
0STR2QEA,Corliss Cosme,GTX Plus Pro,GTX,Inity,marketing,2403.58,8801.0,Engaging,2017-05-25,220,Enterprise,High Value,Stalled / Critical (> 180 days),90,Tier 1 — High Priority
0T2CY70E,Lajuana Vencill,MG Advanced,MG,,,,,Engaging,2017-07-22,162,Unassigned Account,Medium Value,Aging (91-180 days),65,Tier 2 — Medium Priority
0T9KUEQ2,Cassey Cress,GTX Plus Pro,GTX,,,,,Engaging,2017-07-11,173,Unassigned Account,High Value,Aging (91-180 days),75,Tier 1 — High Priority
0TC6I9SJ,Darcel Schlecht,GTX Pro,GTX,Dontechi,software,4618.0,10083.0,Engaging,2017-07-24,160,Enterprise,High Value,Aging (91-180 days),95,Tier 1 — High Priority
0TQP0E65,Darcel Schlecht,GTX Plus Basic,GTX,,,,,Prospecting,,0,Unassigned Account,Medium Value,Unengaged (Prospecting),40,Tier 3 — Lower Priority
0U3WVJO0,Corliss Cosme,GTX Pro,GTX,,,,,Engaging,2016-12-28,368,Unassigned Account,High Value,Stalled / Critical (> 180 days),70,Tier 2 — Medium Priority
0XBGT413,Gladys Colclough,GTX Pro,GTX,,,,,Engaging,2017-07-30,154,Unassigned Account,High Value,Aging (91-180 days),75,Tier 1 — High Priority
0XVL2UMH,Jonathan Berthelot,GTX Basic,GTX,Groovestreet,retail,223.8,299.0,Prospecting,,0,Commercial / Small,Low Value,Unengaged (Prospecting),35,Tier 3 — Lower Priority
0XYUJ7HF,Vicki Laflamme,MG Special,MG,Isdom,medical,3178.24,4540.0,Engaging,2017-08-23,130,Enterprise,Low Value,Aging (91-180 days),75,Tier 1 — High Priority
0Z8ZAS2M,Zane Levy,GTX Basic,GTX,,,,,Engaging,2017-07-21,163,Unassigned Account,Low Value,Aging (91-180 days),55,Tier 2 — Medium Priority
0ZG6U7MQ,Cecily Lampkin,GTX Plus Pro,GTX,,,,,Prospecting,,0,Unassigned Account,High Value,Unengaged (Prospecting),50,Tier 3 — Lower Priority
102XKYAC,Cassey Cress,GTX Pro,GTX,Zotware,software,4478.47,13809.0,Engaging,2017-09-01,121,Enterprise,High Value,Aging (91-180 days),95,Tier 1 — High Priority
10AEGW41,Kary Hendrixson,GTX Pro,GTX,,,,,Engaging,2017-04-16,259,Unassigned Account,High Value,Stalled / Critical (> 180 days),70,Tier 2 — Medium Priority
10ALJD82,Anna Snelling,MG Special,MG,Nam-zim,services,405.59,1179.0,Prospecting,,0,Mid-Market,Low Value,Unengaged (Prospecting),40,Tier 3 — Lower Priority
10IY4PV4,Rosalina Dieter,MG Advanced,MG,,,,,Engaging,2017-03-18,288,Unassigned Account,Medium Value,Stalled / Critical (> 180 days),60,Tier 2 — Medium Priority
10QE4JCA,Anna Snelling,MG Special,MG,,,,,Engaging,2017-07-28,156,Unassigned Account,Low Value,Aging (91-180 days),55,Tier 2 — Medium Priority
10THTNLC,Zane Levy,GTX Plus Basic,GTX,,,,,Engaging,2017-06-22,192,Unassigned Account,Medium Value,Stalled / Critical (> 180 days),60,Tier 2 — Medium Priority
11LIZUQE,Cassey Cress,MG Advanced,MG,,,,,Engaging,2017-07-24,160,Unassigned Account,Medium Value,Aging (91-180 days),65,Tier 2 — Medium Priority
11T4HX93,Jonathan Berthelot,MG Special,MG,Bluth Company,technology,1242.32,3027.0,Prospecting,,0,Mid-Market,Low Value,Unengaged (Prospecting),40,Tier 3 — Lower Priority
11V16SZZ,Corliss Cosme,GTX Basic,GTX,Labdrill,medical,2741.37,9226.0,Engaging,2017-05-24,221,Enterprise,Low Value,Stalled / Critical (> 180 days),70,Tier 2 — Medium Priority
125VIRMX,Elease Gluck,GTK 500,GTK,Warephase,services,2041.73,5276.0,Engaging,2016-12-19,377,Enterprise,High Value,Stalled / Critical (> 180 days),90,Tier 1 — High Priority
13FIM9V3,Corliss Cosme,GTX Pro,GTX,,,,,Engaging,2017-06-24,190,Unassigned Account,High Value,Stalled / Critical (> 180 days),70,Tier 2 — Medium Priority
13GM5I6M,Kami Bicknell,GTX Pro,GTX,,,,,Engaging,2016-12-29,367,Unassigned Account,High Value,Stalled / Critical (> 180 days),70,Tier 2 — Medium Priority
14CNQKX8,Kary Hendrixson,GTX Pro,GTX,,,,,Engaging,2017-06-21,193,Unassigned Account,High Value,Stalled / Critical (> 180 days),70,Tier 2 — Medium Priority
18IUIUK0,Versie Hillebrand,MG Advanced,MG,,,,,Prospecting,,0,Unassigned Account,Medium Value,Unengaged (Prospecting),40,Tier 3 — Lower Priority
18YA4UUP,Versie Hillebrand,GTX Plus Pro,GTX,Xx-zobam,entertainment,3838.39,8274.0,Engaging,2017-07-27,157,Enterprise,High Value,Aging (91-180 days),95,Tier 1 — High Priority
1969NL80,Moses Frase,MG Special,MG,,,,,Prospecting,,0,Unassigned Account,Low Value,Unengaged (Prospecting),30,Tier 3 — Lower Priority
1976N63N,Darcel Schlecht,GTX Plus Basic,GTX,Kinnamplus,retail,702.72,1831.0,Engaging,2017-07-26,158,Mid-Market,Medium Value,Aging (91-180 days),75,Tier 1 — High Priority
197EQMY8,Kami Bicknell,GTX Pro,GTX,,,,,Engaging,2017-09-20,102,Unassigned Account,High Value,Aging (91-180 days),75,Tier 1 — High Priority
1B27CZ2M,James Ascencio,GTX Plus Pro,GTX,,,,,Engaging,2017-03-10,296,Unassigned Account,High Value,Stalled / Critical (> 180 days),70,Tier 2 — Medium Priority
1BB5LME9,Marty Freudenburg,MG Special,MG,Globex Corporation,technology,1223.72,2497.0,Prospecting,,0,Mid-Market,Low Value,Unengaged (Prospecting),40,Tier 3 — Lower Priority
1BW8S7JD,Violet Mclelland,MG Special,MG,,,,,Engaging,2017-11-06,55,Unassigned Account,Low Value,Recent (<= 90 days),60,Tier 2 — Medium Priority
1D54L027,Wilburn Farren,MG Advanced,MG,,,,,Engaging,2017-01-25,340,Unassigned Account,Medium Value,Stalled / Critical (> 180 days),60,Tier 2 — Medium Priority
1DC9PQ4S,Versie Hillebrand,MG Special,MG,,,,,Engaging,2017-08-01,152,Unassigned Account,Low Value,Aging (91-180 days),55,Tier 2 — Medium Priority
1FAU5C6V,Versie Hillebrand,MG Special,MG,,,,,Prospecting,,0,Unassigned Account,Low Value,Unengaged (Prospecting),30,Tier 3 — Lower Priority
1FEHFRKX,Anna Snelling,GTX Plus Pro,GTX,Labdrill,medical,2741.37,9226.0,Engaging,2017-07-20,164,Enterprise,High Value,Aging (91-180 days),95,Tier 1 — High Priority
1FLN8BTI,Darcel Schlecht,MG Special,MG,Rundofase,technology,1008.06,1238.0,Engaging,2017-08-01,152,Mid-Market,Low Value,Aging (91-180 days),65,Tier 2 — Medium Priority
1GIP77EP,Maureen Marcano,GTX Plus Pro,GTX,,,,,Engaging,2017-02-21,313,Unassigned Account,High Value,Stalled / Critical (> 180 days),70,Tier 2 — Medium Priority
1GT10YJD,Vicki Laflamme,GTX Plus Pro,GTX,,,,,Engaging,2017-03-17,289,Unassigned Account,High Value,Stalled / Critical (> 180 days),70,Tier 2 — Medium Priority
1H1YDS7C,Maureen Marcano,GTX Plus Basic,GTX,,,,,Engaging,2017-02-26,308,Unassigned Account,Medium Value,Stalled / Critical (> 180 days),60,Tier 2 — Medium Priority
1HD5JJM3,Moses Frase,GTX Plus Basic,GTX,,,,,Prospecting,,0,Unassigned Account,Medium Value,Unengaged (Prospecting),40,Tier 3 — Lower Priority
1K6HY455,Boris Faz,MG Advanced,MG,,,,,Engaging,2017-05-09,236,Unassigned Account,Medium Value,Stalled / Critical (> 180 days),60,Tier 2 — Medium Priority
1L68AC0E,Wilburn Farren,GTX Pro,GTX,Gogozoom,telecommunications,86.68,187.0,Engaging,2017-10-04,88,Commercial / Small,High Value,Recent (<= 90 days),85,Tier 1 — High Priority
1LHU0876,Elease Gluck,MG Advanced,MG,Labdrill,medical,2741.37,9226.0,Engaging,2017-09-22,100,Enterprise,Medium Value,Aging (91-180 days),85,Tier 1 — High Priority
1LWG4COF,Darcel Schlecht,GTX Plus Basic,GTX,,,,,Prospecting,,0,Unassigned Account,Medium Value,Unengaged (Prospecting),40,Tier 3 — Lower Priority
1LY8CAXD,Rosalina Dieter,GTK 500,GTK,Betasoloin,medical,251.41,495.0,Engaging,2017-09-27,95,Commercial / Small,High Value,Aging (91-180 days),80,Tier 1 — High Priority
1MQ3015O,Niesha Huffines,GTX Plus Basic,GTX,,,,,Engaging,2017-08-15,138,Unassigned Account,Medium Value,Aging (91-180 days),65,Tier 2 — Medium Priority
1O72EKFY,James Ascencio,GTX Plus Pro,GTX,,,,,Engaging,2017-07-31,153,Unassigned Account,High Value,Aging (91-180 days),75,Tier 1 — High Priority
1ORXGKVH,Kary Hendrixson,GTX Pro,GTX,Sonron,telecommunications,1699.85,5108.0,Engaging,2017-06-17,197,Enterprise,High Value,Stalled / Critical (> 180 days),90,Tier 1 — High Priority
1QKDD1OI,Darcel Schlecht,GTX Pro,GTX,Isdom,medical,3178.24,4540.0,Engaging,2017-07-25,159,Enterprise,High Value,Aging (91-180 days),95,Tier 1 — High Priority
1R2CLEGQ,Anna Snelling,MG Special,MG,,,,,Engaging,2017-07-20,164,Unassigned Account,Low Value,Aging (91-180 days),55,Tier 2 — Medium Priority
1RXGKOUE,Versie Hillebrand,GTX Plus Pro,GTX,,,,,Engaging,2017-07-29,155,Unassigned Account,High Value,Aging (91-180 days),75,Tier 1 — High Priority
1T5WFCEJ,Anna Snelling,GTX Plus Pro,GTX,,,,,Engaging,2017-07-27,157,Unassigned Account,High Value,Aging (91-180 days),75,Tier 1 — High Priority
1UW6ILCH,Maureen Marcano,GTX Basic,GTX,Bioplex,medical,326.82,1016.0,Engaging,2017-09-05,117,Mid-Market,Low Value,Aging (91-180 days),65,Tier 2 — Medium Priority
1VFT3UCK,Boris Faz,GTX Plus Basic,GTX,Condax,medical,4.54,9.0,Engaging,2017-08-21,132,Commercial / Small,Medium Value,Aging (91-180 days),70,Tier 2 — Medium Priority
1WHXI2RW,Markita Hansen,GTX Plus Basic,GTX,,,,,Engaging,2017-02-19,315,Unassigned Account,Medium Value,Stalled / Critical (> 180 days),60,Tier 2 — Medium Priority
1XJFMYCW,Anna Snelling,MG Special,MG,Golddex,finance,52.5,165.0,Engaging,2017-07-27,157,Commercial / Small,Low Value,Aging (91-180 days),60,Tier 2 — Medium Priority
1XR36ESV,Darcel Schlecht,MG Advanced,MG,,,,,Prospecting,,0,Unassigned Account,Medium Value,Unengaged (Prospecting),40,Tier 3 — Lower Priority
1Y58TSUU,Violet Mclelland,MG Special,MG,,,,,Engaging,2017-08-30,123,Unassigned Account,Low Value,Aging (91-180 days),55,Tier 2 — Medium Priority
1ZDDZD8B,Markita Hansen,MG Special,MG,,,,,Engaging,2016-12-15,381,Unassigned Account,Low Value,Stalled / Critical (> 180 days),50,Tier 3 — Lower Priority
20CVXRTX,Vicki Laflamme,GTX Pro,GTX,Kinnamplus,retail,702.72,1831.0,Engaging,2017-04-01,274,Mid-Market,High Value,Stalled / Critical (> 180 days),80,Tier 1 — High Priority
21OMR381,Corliss Cosme,MG Special,MG,,,,,Engaging,2017-07-12,172,Unassigned Account,Low Value,Aging (91-180 days),55,Tier 2 — Medium Priority
22HV3N2W,Niesha Huffines,GTX Plus Basic,GTX,Rangreen,technology,2938.67,8775.0,Engaging,2017-08-01,152,Enterprise,Medium Value,Aging (91-180 days),85,Tier 1 — High Priority
22TUMCKT,Jonathan Berthelot,GTX Basic,GTX,,,,,Prospecting,,0,Unassigned Account,Low Value,Unengaged (Prospecting),30,Tier 3 — Lower Priority
23J295J4,Rosalina Dieter,MG Special,MG,Xx-holding,finance,7537.24,20293.0,Engaging,2017-08-21,132,Enterprise,Low Value,Aging (91-180 days),75,Tier 1 — High Priority
23NAJF9W,Zane Levy,GTX Pro,GTX,Plussunin,retail,1419.98,4018.0,Engaging,2017-06-26,188,Mid-Market,High Value,Stalled / Critical (> 180 days),80,Tier 1 — High Priority
246MLWZ7,Zane Levy,GTX Basic,GTX,Rangreen,technology,2938.67,8775.0,Engaging,2017-05-09,236,Enterprise,Low Value,Stalled / Critical (> 180 days),70,Tier 2 — Medium Priority
24K085JJ,Maureen Marcano,GTX Plus Basic,GTX,,,,,Engaging,2017-09-15,107,Unassigned Account,Medium Value,Aging (91-180 days),65,Tier 2 — Medium Priority
24REVMX7,Rosalina Dieter,GTX Basic,GTX,,,,,Engaging,2017-06-25,189,Unassigned Account,Low Value,Stalled / Critical (> 180 days),50,Tier 3 — Lower Priority
25FUROM1,Daniell Hammack,GTX Plus Basic,GTX,Y-corporation,employment,2871.35,9561.0,Engaging,2017-02-27,307,Enterprise,Medium Value,Stalled / Critical (> 180 days),80,Tier 1 — High Priority
26CH1NDR,Daniell Hammack,GTX Basic,GTX,Mathtouch,marketing,3027.46,9516.0,Engaging,2017-03-09,297,Enterprise,Low Value,Stalled / Critical (> 180 days),70,Tier 2 — Medium Priority
27REMGYU,James Ascencio,GTX Basic,GTX,,,,,Engaging,2017-08-12,141,Unassigned Account,Low Value,Aging (91-180 days),55,Tier 2 — Medium Priority
27ZK0L0F,Niesha Huffines,GTX Basic,GTX,,,,,Prospecting,,0,Unassigned Account,Low Value,Unengaged (Prospecting),30,Tier 3 — Lower Priority
283MDYKM,Moses Frase,GTX Plus Basic,GTX,,,,,Engaging,2017-07-31,153,Unassigned Account,Medium Value,Aging (91-180 days),65,Tier 2 — Medium Priority
2872DC79,Moses Frase,MG Advanced,MG,,,,,Prospecting,,0,Unassigned Account,Medium Value,Unengaged (Prospecting),40,Tier 3 — Lower Priority
28EJ0L9T,Darcel Schlecht,GTX Plus Pro,GTX,,,,,Prospecting,,0,Unassigned Account,High Value,Unengaged (Prospecting),50,Tier 3 — Lower Priority
298J5EM0,Vicki Laflamme,GTX Basic,GTX,,,,,Engaging,2017-08-09,144,Unassigned Account,Low Value,Aging (91-180 days),55,Tier 2 — Medium Priority
29W6WPLA,Jonathan Berthelot,GTX Plus Basic,GTX,Gekko & Co,retail,2520.83,3502.0,Engaging,2017-07-20,164,Enterprise,Medium Value,Aging (91-180 days),85,Tier 1 — High Priority
2BD1SDBX,Jonathan Berthelot,GTX Basic,GTX,Vehement Capital Partners,finance,646.1,883.0,Prospecting,,0,Mid-Market,Low Value,Unengaged (Prospecting),40,Tier 3 — Lower Priority
2BXYT4PD,Hayden Neloms,GTX Plus Pro,GTX,Funholding,finance,2819.5,7227.0,Engaging,2017-05-18,227,Enterprise,High Value,Stalled / Critical (> 180 days),90,Tier 1 — High Priority
2CZUU9E0,Lajuana Vencill,GTX Basic,GTX,,,,,Engaging,2017-07-22,162,Unassigned Account,Low Value,Aging (91-180 days),55,Tier 2 — Medium Priority
2DY9U1V7,Rosie Papadopoulos,GTX Pro,GTX,Konex,technology,7708.38,13756.0,Engaging,2017-10-20,72,Enterprise,High Value,Recent (<= 90 days),100,Tier 1 — High Priority
2E2FDZHG,Niesha Huffines,GTX Pro,GTX,,,,,Engaging,2017-08-02,151,Unassigned Account,High Value,Aging (91-180 days),75,Tier 1 — High Priority
2F41W100,Daniell Hammack,GTX Plus Basic,GTX,,,,,Engaging,2017-08-26,127,Unassigned Account,Medium Value,Aging (91-180 days),65,Tier 2 — Medium Priority
2FM8HJDM,Vicki Laflamme,MG Advanced,MG,,,,,Engaging,2017-09-20,102,Unassigned Account,Medium Value,Aging (91-180 days),65,Tier 2 — Medium Priority
2FMT1053,Hayden Neloms,MG Advanced,MG,,,,,Engaging,2017-05-18,227,Unassigned Account,Medium Value,Stalled / Critical (> 180 days),60,Tier 2 — Medium Priority
2FNTCPOU,Vicki Laflamme,GTX Plus Pro,GTX,,,,,Engaging,2017-06-25,189,Unassigned Account,High Value,Stalled / Critical (> 180 days),70,Tier 2 — Medium Priority
2G5ZMOYC,Versie Hillebrand,GTX Basic,GTX,Scottech,marketing,45.39,100.0,Prospecting,,0,Commercial / Small,Low Value,Unengaged (Prospecting),35,Tier 3 — Lower Priority
2GFL3TAF,Darcel Schlecht,GTX Pro,GTX,,,,,Engaging,2017-07-25,159,Unassigned Account,High Value,Aging (91-180 days),75,Tier 1 — High Priority
2GV66JA7,Daniell Hammack,MG Advanced,MG,,,,,Engaging,2017-04-06,269,Unassigned Account,Medium Value,Stalled / Critical (> 180 days),60,Tier 2 — Medium Priority
2HS1C21I,Elease Gluck,GTX Pro,GTX,,,,,Engaging,2017-04-03,272,Unassigned Account,High Value,Stalled / Critical (> 180 days),70,Tier 2 — Medium Priority
2HT2R2GY,Cassey Cress,GTX Plus Pro,GTX,,,,,Engaging,2016-12-29,367,Unassigned Account,High Value,Stalled / Critical (> 180 days),70,Tier 2 — Medium Priority
2I7IFY8D,Darcel Schlecht,GTX Pro,GTX,,,,,Engaging,2017-07-29,155,Unassigned Account,High Value,Aging (91-180 days),75,Tier 1 — High Priority
2IRZM0LB,Darcel Schlecht,GTX Pro,GTX,Xx-zobam,entertainment,3838.39,8274.0,Prospecting,,0,Enterprise,High Value,Unengaged (Prospecting),70,Tier 2 — Medium Priority
2J5E145N,Daniell Hammack,GTX Pro,GTX,,,,,Engaging,2017-02-07,327,Unassigned Account,High Value,Stalled / Critical (> 180 days),70,Tier 2 — Medium Priority
2JY9SQ2L,Vicki Laflamme,MG Special,MG,,,,,Engaging,2017-03-18,288,Unassigned Account,Low Value,Stalled / Critical (> 180 days),50,Tier 3 — Lower Priority
2KWJIZX6,Lajuana Vencill,GTX Plus Basic,GTX,,,,,Engaging,2017-08-10,143,Unassigned Account,Medium Value,Aging (91-180 days),65,Tier 2 — Medium Priority
2LSNRT4U,Kary Hendrixson,GTX Pro,GTX,,,,,Engaging,2017-04-17,258,Unassigned Account,High Value,Stalled / Critical (> 180 days),70,Tier 2 — Medium Priority
2MKG6ZDD,James Ascencio,GTX Basic,GTX,Domzoom,entertainment,217.87,551.0,Engaging,2017-06-20,194,Commercial / Small,Low Value,Stalled / Critical (> 180 days),55,Tier 2 — Medium Priority
2N2MUDOA,Daniell Hammack,GTX Pro,GTX,Bioholding,medical,587.34,1356.0,Engaging,2017-08-05,148,Mid-Market,High Value,Aging (91-180 days),85,Tier 1 — High Priority
2NO97U9Z,Marty Freudenburg,MG Advanced,MG,,,,,Prospecting,,0,Unassigned Account,Medium Value,Unengaged (Prospecting),40,Tier 3 — Lower Priority
2O76H591,James Ascencio,MG Advanced,MG,,,,,Engaging,2017-06-17,197,Unassigned Account,Medium Value,Stalled / Critical (> 180 days),60,Tier 2 — Medium Priority
2PI827MA,Kary Hendrixson,GTX Pro,GTX,,,,,Engaging,2017-05-25,220,Unassigned Account,High Value,Stalled / Critical (> 180 days),70,Tier 2 — Medium Priority
2RQOUJ9V,Lajuana Vencill,GTX Basic,GTX,,,,,Prospecting,,0,Unassigned Account,Low Value,Unengaged (Prospecting),30,Tier 3 — Lower Priority
2SZX9B7J,Cecily Lampkin,GTX Plus Pro,GTX,Sunnamplex,marketing,894.37,1593.0,Prospecting,,0,Mid-Market,High Value,Unengaged (Prospecting),60,Tier 2 — Medium Priority
2TI0MAKP,Versie Hillebrand,GTX Basic,GTX,Lexiqvolax,medical,1618.89,3889.0,Prospecting,,0,Mid-Market,Low Value,Unengaged (Prospecting),40,Tier 3 — Lower Priority
2TYZRE2R,Moses Frase,MG Special,MG,Massive Dynamic,entertainment,665.06,1095.0,Engaging,2017-07-24,160,Mid-Market,Low Value,Aging (91-180 days),65,Tier 2 — Medium Priority
2VCDVCIZ,Kary Hendrixson,GTX Basic,GTX,,,,,Engaging,2016-12-27,369,Unassigned Account,Low Value,Stalled / Critical (> 180 days),50,Tier 3 — Lower Priority
2VDN72EP,Vicki Laflamme,GTX Basic,GTX,,,,,Engaging,2017-03-30,276,Unassigned Account,Low Value,Stalled / Critical (> 180 days),50,Tier 3 — Lower Priority
2WDSO6PG,Niesha Huffines,GTX Basic,GTX,Hatfan,services,792.46,1299.0,Engaging,2017-07-19,165,Mid-Market,Low Value,Aging (91-180 days),65,Tier 2 — Medium Priority
2WTPSQTN,Gladys Colclough,GTX Plus Pro,GTX,,,,,Prospecting,,0,Unassigned Account,High Value,Unengaged (Prospecting),50,Tier 3 — Lower Priority
2WWMPY7O,Versie Hillebrand,GTX Basic,GTX,,,,,Prospecting,,0,Unassigned Account,Low Value,Unengaged (Prospecting),30,Tier 3 — Lower Priority
2YLXKON1,Hayden Neloms,MG Advanced,MG,,,,,Engaging,2017-05-22,223,Unassigned Account,Medium Value,Stalled / Critical (> 180 days),60,Tier 2 — Medium Priority
30R81VZX,Kami Bicknell,GTX Pro,GTX,Zoomit,entertainment,324.19,978.0,Engaging,2017-02-06,328,Commercial / Small,High Value,Stalled / Critical (> 180 days),75,Tier 1 — High Priority
31IV2B9O,Vicki Laflamme,GTX Basic,GTX,,,,,Engaging,2017-10-26,66,Unassigned Account,Low Value,Recent (<= 90 days),60,Tier 2 — Medium Priority
32NDDT4L,Moses Frase,MG Special,MG,,,,,Prospecting,,0,Unassigned Account,Low Value,Unengaged (Prospecting),30,Tier 3 — Lower Priority
3372JYYQ,Cassey Cress,MG Advanced,MG,Condax,medical,4.54,9.0,Engaging,2017-05-15,230,Commercial / Small,Medium Value,Stalled / Critical (> 180 days),65,Tier 2 — Medium Priority
33BMGHPN,Gladys Colclough,MG Special,MG,Opentech,finance,355.23,853.0,Engaging,2017-07-22,162,Commercial / Small,Low Value,Aging (91-180 days),60,Tier 2 — Medium Priority
34XWXEQE,James Ascencio,GTX Pro,GTX,,,,,Engaging,2017-09-10,112,Unassigned Account,High Value,Aging (91-180 days),75,Tier 1 — High Priority
35LLMROC,Kary Hendrixson,GTX Basic,GTX,,,,,Engaging,2017-07-03,181,Unassigned Account,Low Value,Stalled / Critical (> 180 days),50,Tier 3 — Lower Priority
379DUF2N,Markita Hansen,GTX Basic,GTX,,,,,Engaging,2017-01-29,336,Unassigned Account,Low Value,Stalled / Critical (> 180 days),50,Tier 3 — Lower Priority
37PEZCGO,Gladys Colclough,MG Advanced,MG,,,,,Prospecting,,0,Unassigned Account,Medium Value,Unengaged (Prospecting),40,Tier 3 — Lower Priority
37UCYEDY,Cassey Cress,GTX Plus Basic,GTX,Bluth Company,technology,1242.32,3027.0,Engaging,2017-07-26,158,Mid-Market,Medium Value,Aging (91-180 days),75,Tier 1 — High Priority
38K5251H,Cecily Lampkin,GTX Basic,GTX,Fasehatice,retail,4968.91,7523.0,Prospecting,,0,Enterprise,Low Value,Unengaged (Prospecting),50,Tier 3 — Lower Priority
39EYEBMK,Violet Mclelland,GTX Basic,GTX,,,,,Engaging,2017-07-18,166,Unassigned Account,Low Value,Aging (91-180 days),55,Tier 2 — Medium Priority
39NJ6UC9,Darcel Schlecht,MG Advanced,MG,,,,,Prospecting,,0,Unassigned Account,Medium Value,Unengaged (Prospecting),40,Tier 3 — Lower Priority
3A2CCWEG,Cecily Lampkin,MG Special,MG,,,,,Engaging,2017-07-29,155,Unassigned Account,Low Value,Aging (91-180 days),55,Tier 2 — Medium Priority
3A54O8JT,Versie Hillebrand,MG Special,MG,,,,,Engaging,2017-08-05,148,Unassigned Account,Low Value,Aging (91-180 days),55,Tier 2 — Medium Priority
3A7G5K0E,Rosalina Dieter,GTX Basic,GTX,,,,,Engaging,2017-06-12,202,Unassigned Account,Low Value,Stalled / Critical (> 180 days),50,Tier 3 — Lower Priority
3ATYY665,Kami Bicknell,GTX Pro,GTX,Conecom,technology,1520.66,1806.0,Engaging,2017-05-26,219,Mid-Market,High Value,Stalled / Critical (> 180 days),80,Tier 1 — High Priority
3BA9OPGY,Lajuana Vencill,MG Special,MG,,,,,Engaging,2017-08-03,150,Unassigned Account,Low Value,Aging (91-180 days),55,Tier 2 — Medium Priority
3C5GNT3Q,Vicki Laflamme,MG Special,MG,,,,,Engaging,2017-06-16,198,Unassigned Account,Low Value,Stalled / Critical (> 180 days),50,Tier 3 — Lower Priority
3C6E0D28,Vicki Laflamme,GTX Plus Pro,GTX,,,,,Engaging,2017-08-12,141,Unassigned Account,High Value,Aging (91-180 days),75,Tier 1 — High Priority
3CB3WNBM,Boris Faz,GTX Basic,GTX,Kinnamplus,retail,702.72,1831.0,Engaging,2017-07-17,167,Mid-Market,Low Value,Aging (91-180 days),65,Tier 2 — Medium Priority
3DATPTEH,Anna Snelling,MG Special,MG,,,,,Engaging,2017-07-22,162,Unassigned Account,Low Value,Aging (91-180 days),55,Tier 2 — Medium Priority
3E4VTH6E,Hayden Neloms,MG Special,MG,Hatfan,services,792.46,1299.0,Engaging,2017-03-12,294,Mid-Market,Low Value,Stalled / Critical (> 180 days),60,Tier 2 — Medium Priority
3ECHUPQY,Daniell Hammack,GTX Plus Basic,GTX,,,,,Engaging,2016-12-20,376,Unassigned Account,Medium Value,Stalled / Critical (> 180 days),60,Tier 2 — Medium Priority
3F2ZPCSL,Kary Hendrixson,GTX Plus Basic,GTX,,,,,Engaging,2017-03-25,281,Unassigned Account,Medium Value,Stalled / Critical (> 180 days),60,Tier 2 — Medium Priority
3F34LWKM,Vicki Laflamme,GTX Pro,GTX,,,,,Engaging,2017-05-06,239,Unassigned Account,High Value,Stalled / Critical (> 180 days),70,Tier 2 — Medium Priority
3FI1J4VO,Gladys Colclough,MG Special,MG,,,,,Engaging,2017-07-29,155,Unassigned Account,Low Value,Aging (91-180 days),55,Tier 2 — Medium Priority
3FWZBSW1,Versie Hillebrand,MG Special,MG,Cancity,retail,718.62,2448.0,Engaging,2017-08-01,152,Mid-Market,Low Value,Aging (91-180 days),65,Tier 2 — Medium Priority
3G61D5KV,Gladys Colclough,MG Special,MG,,,,,Engaging,2017-08-03,150,Unassigned Account,Low Value,Aging (91-180 days),55,Tier 2 — Medium Priority
3H3TNCP5,James Ascencio,GTX Plus Basic,GTX,Condax,medical,4.54,9.0,Engaging,2017-05-23,222,Commercial / Small,Medium Value,Stalled / Critical (> 180 days),65,Tier 2 — Medium Priority
3IWUUUCN,Elease Gluck,GTX Pro,GTX,,,,,Engaging,2017-05-24,221,Unassigned Account,High Value,Stalled / Critical (> 180 days),70,Tier 2 — Medium Priority
3JUL12VK,Kami Bicknell,GTX Basic,GTX,,,,,Engaging,2017-03-22,284,Unassigned Account,Low Value,Stalled / Critical (> 180 days),50,Tier 3 — Lower Priority
3JW6CZ7K,Moses Frase,GTX Basic,GTX,,,,,Engaging,2017-07-20,164,Unassigned Account,Low Value,Aging (91-180 days),55,Tier 2 — Medium Priority
3K70RL7Q,Darcel Schlecht,GTX Pro,GTX,,,,,Prospecting,,0,Unassigned Account,High Value,Unengaged (Prospecting),50,Tier 3 — Lower Priority
3L3W9W8I,Marty Freudenburg,GTX Basic,GTX,,,,,Engaging,2017-07-28,156,Unassigned Account,Low Value,Aging (91-180 days),55,Tier 2 — Medium Priority
3LCLVRVV,Anna Snelling,GTX Basic,GTX,,,,,Prospecting,,0,Unassigned Account,Low Value,Unengaged (Prospecting),30,Tier 3 — Lower Priority
3N3RAHXR,Cassey Cress,GTX Plus Basic,GTX,Nam-zim,services,405.59,1179.0,Engaging,2017-03-19,287,Mid-Market,Medium Value,Stalled / Critical (> 180 days),70,Tier 2 — Medium Priority
3N46WQVI,Hayden Neloms,MG Advanced,MG,Faxquote,telecommunications,1825.82,5595.0,Engaging,2017-05-13,232,Enterprise,Medium Value,Stalled / Critical (> 180 days),80,Tier 1 — High Priority
3NC5XSDF,Violet Mclelland,MG Advanced,MG,,,,,Engaging,2017-09-12,110,Unassigned Account,Medium Value,Aging (91-180 days),65,Tier 2 — Medium Priority
3ORQ2R0R,Elease Gluck,GTX Pro,GTX,,,,,Engaging,2017-08-28,125,Unassigned Account,High Value,Aging (91-180 days),75,Tier 1 — High Priority
3P7QQSVF,Vicki Laflamme,MG Special,MG,,,,,Engaging,2017-04-12,263,Unassigned Account,Low Value,Stalled / Critical (> 180 days),50,Tier 3 — Lower Priority
3PN3YSPK,Darcel Schlecht,MG Advanced,MG,,,,,Prospecting,,0,Unassigned Account,Medium Value,Unengaged (Prospecting),40,Tier 3 — Lower Priority
3PPHOXTT,Darcel Schlecht,MG Special,MG,,,,,Engaging,2017-07-28,156,Unassigned Account,Low Value,Aging (91-180 days),55,Tier 2 — Medium Priority
3PVNGGBX,Markita Hansen,GTX Basic,GTX,The New York Inquirer,medical,439.21,792.0,Engaging,2017-03-14,292,Commercial / Small,Low Value,Stalled / Critical (> 180 days),55,Tier 2 — Medium Priority
3Q15OHQB,Vicki Laflamme,MG Advanced,MG,,,,,Engaging,2017-09-23,99,Unassigned Account,Medium Value,Aging (91-180 days),65,Tier 2 — Medium Priority
3R4W7ZVY,Cecily Lampkin,GTX Plus Basic,GTX,,,,,Prospecting,,0,Unassigned Account,Medium Value,Unengaged (Prospecting),40,Tier 3 — Lower Priority
3SD04QJ4,Wilburn Farren,MG Advanced,MG,,,,,Engaging,2017-07-29,155,Unassigned Account,Medium Value,Aging (91-180 days),65,Tier 2 — Medium Priority
3SEMPUU1,Markita Hansen,GTX Pro,GTX,Labdrill,medical,2741.37,9226.0,Engaging,2017-05-17,228,Enterprise,High Value,Stalled / Critical (> 180 days),90,Tier 1 — High Priority
3T23AW36,James Ascencio,GTX Plus Basic,GTX,,,,,Engaging,2017-06-30,184,Unassigned Account,Medium Value,Stalled / Critical (> 180 days),60,Tier 2 — Medium Priority
3T64Z7DB,Kami Bicknell,GTX Basic,GTX,,,,,Engaging,2017-03-25,281,Unassigned Account,Low Value,Stalled / Critical (> 180 days),50,Tier 3 — Lower Priority
3TMNC3GW,Lajuana Vencill,MG Advanced,MG,Kinnamplus,retail,702.72,1831.0,Prospecting,,0,Mid-Market,Medium Value,Unengaged (Prospecting),50,Tier 3 — Lower Priority
3VC45PML,James Ascencio,GTX Basic,GTX,,,,,Engaging,2017-06-14,200,Unassigned Account,Low Value,Stalled / Critical (> 180 days),50,Tier 3 — Lower Priority
3YDXZ4FA,Versie Hillebrand,GTX Plus Pro,GTX,,,,,Engaging,2017-07-21,163,Unassigned Account,High Value,Aging (91-180 days),75,Tier 1 — High Priority
41RF80KQ,Boris Faz,GTX Plus Pro,GTX,,,,,Engaging,2017-05-23,222,Unassigned Account,High Value,Stalled / Critical (> 180 days),70,Tier 2 — Medium Priority
426EL41A,Anna Snelling,MG Special,MG,,,,,Prospecting,,0,Unassigned Account,Low Value,Unengaged (Prospecting),30,Tier 3 — Lower Priority
43LFUTVM,Zane Levy,GTX Plus Pro,GTX,,,,,Engaging,2017-03-24,282,Unassigned Account,High Value,Stalled / Critical (> 180 days),70,Tier 2 — Medium Priority
44JDHBI8,Lajuana Vencill,MG Advanced,MG,,,,,Prospecting,,0,Unassigned Account,Medium Value,Unengaged (Prospecting),40,Tier 3 — Lower Priority
44Q1W18Y,Moses Frase,MG Special,MG,Zoomit,entertainment,324.19,978.0,Engaging,2017-08-12,141,Commercial / Small,Low Value,Aging (91-180 days),60,Tier 2 — Medium Priority
44Y3J17P,Boris Faz,GTX Plus Basic,GTX,,,,,Engaging,2017-05-02,243,Unassigned Account,Medium Value,Stalled / Critical (> 180 days),60,Tier 2 — Medium Priority
456BP2X7,Zane Levy,MG Advanced,MG,,,,,Engaging,2017-04-10,265,Unassigned Account,Medium Value,Stalled / Critical (> 180 days),60,Tier 2 — Medium Priority
45B6VA2Y,Violet Mclelland,MG Special,MG,,,,,Engaging,2017-04-09,266,Unassigned Account,Low Value,Stalled / Critical (> 180 days),50,Tier 3 — Lower Priority
45H84LNT,Darcel Schlecht,GTX Pro,GTX,,,,,Engaging,2017-07-27,157,Unassigned Account,High Value,Aging (91-180 days),75,Tier 1 — High Priority
465ZW6J2,Marty Freudenburg,GTX Plus Basic,GTX,,,,,Prospecting,,0,Unassigned Account,Medium Value,Unengaged (Prospecting),40,Tier 3 — Lower Priority
46UHJGY0,Corliss Cosme,MG Special,MG,,,,,Engaging,2017-11-02,59,Unassigned Account,Low Value,Recent (<= 90 days),60,Tier 2 — Medium Priority
473F6L9F,Moses Frase,MG Special,MG,,,,,Prospecting,,0,Unassigned Account,Low Value,Unengaged (Prospecting),30,Tier 3 — Lower Priority
477HSG28,Vicki Laflamme,GTX Basic,GTX,,,,,Engaging,2017-06-11,203,Unassigned Account,Low Value,Stalled / Critical (> 180 days),50,Tier 3 — Lower Priority
47P0HBNM,Anna Snelling,MG Special,MG,Plussunin,retail,1419.98,4018.0,Prospecting,,0,Mid-Market,Low Value,Unengaged (Prospecting),40,Tier 3 — Lower Priority
49SUORYW,Niesha Huffines,GTX Plus Basic,GTX,Betasoloin,medical,251.41,495.0,Engaging,2017-08-04,149,Commercial / Small,Medium Value,Aging (91-180 days),70,Tier 2 — Medium Priority
49T60OCI,Cassey Cress,GTX Plus Pro,GTX,Scottech,marketing,45.39,100.0,Engaging,2017-07-04,180,Commercial / Small,High Value,Aging (91-180 days),80,Tier 1 — High Priority
49T7VKA7,Gladys Colclough,GTX Plus Pro,GTX,Plussunin,retail,1419.98,4018.0,Prospecting,,0,Mid-Market,High Value,Unengaged (Prospecting),60,Tier 2 — Medium Priority
49ZS7GTS,Vicki Laflamme,MG Special,MG,,,,,Engaging,2017-04-18,257,Unassigned Account,Low Value,Stalled / Critical (> 180 days),50,Tier 3 — Lower Priority
4AUWVKUU,Marty Freudenburg,GTX Basic,GTX,,,,,Prospecting,,0,Unassigned Account,Low Value,Unengaged (Prospecting),30,Tier 3 — Lower Priority
4CXUC4VR,Vicki Laflamme,GTX Basic,GTX,Rantouch,telecommunications,1188.42,3015.0,Engaging,2017-03-02,304,Mid-Market,Low Value,Stalled / Critical (> 180 days),60,Tier 2 — Medium Priority
4D0K5T7T,Zane Levy,GTX Pro,GTX,Gogozoom,telecommunications,86.68,187.0,Engaging,2017-10-26,66,Commercial / Small,High Value,Recent (<= 90 days),85,Tier 1 — High Priority
4DLY9ZDH,Anna Snelling,MG Advanced,MG,Dalttechnology,software,98.79,96.0,Engaging,2017-07-25,159,Commercial / Small,Medium Value,Aging (91-180 days),70,Tier 2 — Medium Priority
4E5A84H1,Kami Bicknell,MG Advanced,MG,,,,,Engaging,2017-02-23,311,Unassigned Account,Medium Value,Stalled / Critical (> 180 days),60,Tier 2 — Medium Priority
4EGO7VCJ,Kami Bicknell,GTX Pro,GTX,,,,,Engaging,2017-07-02,182,Unassigned Account,High Value,Stalled / Critical (> 180 days),70,Tier 2 — Medium Priority
4ENCEYPG,Anna Snelling,MG Special,MG,,,,,Prospecting,,0,Unassigned Account,Low Value,Unengaged (Prospecting),30,Tier 3 — Lower Priority
4G0X8VHP,Markita Hansen,MG Advanced,MG,Y-corporation,employment,2871.35,9561.0,Engaging,2017-05-24,221,Enterprise,Medium Value,Stalled / Critical (> 180 days),80,Tier 1 — High Priority
4H2QMS78,Vicki Laflamme,GTX Basic,GTX,,,,,Engaging,2016-12-21,375,Unassigned Account,Low Value,Stalled / Critical (> 180 days),50,Tier 3 — Lower Priority
4H6DFFO4,Versie Hillebrand,MG Advanced,MG,,,,,Prospecting,,0,Unassigned Account,Medium Value,Unengaged (Prospecting),40,Tier 3 — Lower Priority
4H8GZ075,Anna Snelling,MG Special,MG,Scotfind,software,6354.87,16780.0,Prospecting,,0,Enterprise,Low Value,Unengaged (Prospecting),50,Tier 3 — Lower Priority
4I8X7EMW,Corliss Cosme,GTX Pro,GTX,,,,,Engaging,2017-01-11,354,Unassigned Account,High Value,Stalled / Critical (> 180 days),70,Tier 2 — Medium Priority
4IT33RBO,Markita Hansen,GTX Basic,GTX,,,,,Engaging,2017-03-13,293,Unassigned Account,Low Value,Stalled / Critical (> 180 days),50,Tier 3 — Lower Priority
4JHY98UG,Cassey Cress,GTX Basic,GTX,,,,,Engaging,2017-01-07,358,Unassigned Account,Low Value,Stalled / Critical (> 180 days),50,Tier 3 — Lower Priority
4JTH72JR,Versie Hillebrand,MG Special,MG,,,,,Engaging,2017-07-22,162,Unassigned Account,Low Value,Aging (91-180 days),55,Tier 2 — Medium Priority
4LOHS2AJ,Rosie Papadopoulos,MG Special,MG,,,,,Engaging,2017-07-13,171,Unassigned Account,Low Value,Aging (91-180 days),55,Tier 2 — Medium Priority
4LXUITP3,Kary Hendrixson,GTX Basic,GTX,,,,,Engaging,2017-06-04,210,Unassigned Account,Low Value,Stalled / Critical (> 180 days),50,Tier 3 — Lower Priority
4NGSQODD,James Ascencio,GTX Pro,GTX,Blackzim,retail,497.11,1588.0,Engaging,2017-01-28,337,Mid-Market,High Value,Stalled / Critical (> 180 days),80,Tier 1 — High Priority
4O3EPWFR,Corliss Cosme,GTX Plus Basic,GTX,,,,,Engaging,2017-10-12,80,Unassigned Account,Medium Value,Recent (<= 90 days),70,Tier 2 — Medium Priority
4OYGRQGO,Kami Bicknell,MG Advanced,MG,,,,,Engaging,2017-07-29,155,Unassigned Account,Medium Value,Aging (91-180 days),65,Tier 2 — Medium Priority
4PNXMXXC,Anna Snelling,GTX Basic,GTX,,,,,Engaging,2017-08-05,148,Unassigned Account,Low Value,Aging (91-180 days),55,Tier 2 — Medium Priority
4QFATB6J,Violet Mclelland,GTX Basic,GTX,,,,,Engaging,2017-04-22,253,Unassigned Account,Low Value,Stalled / Critical (> 180 days),50,Tier 3 — Lower Priority
4QQOSYGL,Corliss Cosme,MG Advanced,MG,,,,,Engaging,2017-07-29,155,Unassigned Account,Medium Value,Aging (91-180 days),65,Tier 2 — Medium Priority
4R4QF0ZU,Zane Levy,GTX Pro,GTX,,,,,Engaging,2017-09-20,102,Unassigned Account,High Value,Aging (91-180 days),75,Tier 1 — High Priority
4RDJBBB6,Daniell Hammack,MG Special,MG,,,,,Engaging,2017-03-22,284,Unassigned Account,Low Value,Stalled / Critical (> 180 days),50,Tier 3 — Lower Priority
4ROECHG6,Darcel Schlecht,GTX Pro,GTX,Ron-tech,medical,3922.42,6837.0,Prospecting,,0,Enterprise,High Value,Unengaged (Prospecting),70,Tier 2 — Medium Priority
4S17VJ7O,Kary Hendrixson,MG Advanced,MG,,,,,Engaging,2017-10-19,73,Unassigned Account,Medium Value,Recent (<= 90 days),70,Tier 2 — Medium Priority
4SOUOUKH,Vicki Laflamme,GTX Plus Pro,GTX,Treequote,telecommunications,5266.09,8595.0,Engaging,2017-09-30,92,Enterprise,High Value,Aging (91-180 days),95,Tier 1 — High Priority
4U9D1IZ5,Zane Levy,GTX Basic,GTX,,,,,Engaging,2017-03-22,284,Unassigned Account,Low Value,Stalled / Critical (> 180 days),50,Tier 3 — Lower Priority
4UZCVHEV,Violet Mclelland,GTX Basic,GTX,,,,,Engaging,2017-03-17,289,Unassigned Account,Low Value,Stalled / Critical (> 180 days),50,Tier 3 — Lower Priority
4V17GRKW,Lajuana Vencill,MG Advanced,MG,,,,,Prospecting,,0,Unassigned Account,Medium Value,Unengaged (Prospecting),40,Tier 3 — Lower Priority
4V9NMGEA,Rosalina Dieter,GTX Basic,GTX,,,,,Engaging,2017-03-02,304,Unassigned Account,Low Value,Stalled / Critical (> 180 days),50,Tier 3 — Lower Priority
4XQ43RJW,Lajuana Vencill,MG Advanced,MG,,,,,Prospecting,,0,Unassigned Account,Medium Value,Unengaged (Prospecting),40,Tier 3 — Lower Priority
4XXAK1QL,Jonathan Berthelot,GTX Basic,GTX,,,,,Engaging,2017-07-31,153,Unassigned Account,Low Value,Aging (91-180 days),55,Tier 2 — Medium Priority
4XZ4RY1N,Wilburn Farren,GTX Plus Basic,GTX,,,,,Engaging,2017-03-15,291,Unassigned Account,Medium Value,Stalled / Critical (> 180 days),60,Tier 2 — Medium Priority
4YJKB8EC,Darcel Schlecht,GTX Pro,GTX,,,,,Prospecting,,0,Unassigned Account,High Value,Unengaged (Prospecting),50,Tier 3 — Lower Priority
4ZB2W6O7,Anna Snelling,MG Special,MG,Plusstrip,entertainment,349.81,315.0,Engaging,2017-08-01,152,Commercial / Small,Low Value,Aging (91-180 days),60,Tier 2 — Medium Priority
4ZKFSG5F,Violet Mclelland,GTX Basic,GTX,,,,,Engaging,2017-10-16,76,Unassigned Account,Low Value,Recent (<= 90 days),60,Tier 2 — Medium Priority
4ZQTMS3Z,Violet Mclelland,MG Special,MG,Kan-code,software,11698.03,34288.0,Engaging,2017-11-23,38,Enterprise,Low Value,Recent (<= 90 days),80,Tier 1 — High Priority
4ZX1WPS7,Cassey Cress,GTX Pro,GTX,Inity,marketing,2403.58,8801.0,Engaging,2017-05-03,242,Enterprise,High Value,Stalled / Critical (> 180 days),90,Tier 1 — High Priority
513PSPBN,Anna Snelling,GTX Plus Pro,GTX,,,,,Engaging,2017-07-24,160,Unassigned Account,High Value,Aging (91-180 days),75,Tier 1 — High Priority
51H02FX1,Niesha Huffines,MG Special,MG,,,,,Engaging,2017-07-27,157,Unassigned Account,Low Value,Aging (91-180 days),55,Tier 2 — Medium Priority
51HOGHF0,Darcel Schlecht,GTX Pro,GTX,,,,,Prospecting,,0,Unassigned Account,High Value,Unengaged (Prospecting),50,Tier 3 — Lower Priority
51VR0RD3,Violet Mclelland,MG Special,MG,,,,,Engaging,2017-08-04,149,Unassigned Account,Low Value,Aging (91-180 days),55,Tier 2 — Medium Priority
52V1RWCZ,Moses Frase,GTX Basic,GTX,Stanredtax,finance,1698.2,3798.0,Prospecting,,0,Mid-Market,Low Value,Unengaged (Prospecting),40,Tier 3 — Lower Priority
52WACRCG,Niesha Huffines,GTX Plus Basic,GTX,,,,,Prospecting,,0,Unassigned Account,Medium Value,Unengaged (Prospecting),40,Tier 3 — Lower Priority
5378T3K3,Markita Hansen,GTX Plus Pro,GTX,,,,,Engaging,2017-08-15,138,Unassigned Account,High Value,Aging (91-180 days),75,Tier 1 — High Priority
537X47QY,Darcel Schlecht,GTX Pro,GTX,,,,,Prospecting,,0,Unassigned Account,High Value,Unengaged (Prospecting),50,Tier 3 — Lower Priority
54OH0061,Maureen Marcano,GTX Pro,GTX,,,,,Engaging,2017-06-19,195,Unassigned Account,High Value,Stalled / Critical (> 180 days),70,Tier 2 — Medium Priority
5653N8BM,Rosie Papadopoulos,GTX Plus Basic,GTX,Zoomit,entertainment,324.19,978.0,Engaging,2017-06-11,203,Commercial / Small,Medium Value,Stalled / Critical (> 180 days),65,Tier 2 — Medium Priority
566X0PLZ,Gladys Colclough,GTX Plus Basic,GTX,,,,,Prospecting,,0,Unassigned Account,Medium Value,Unengaged (Prospecting),40,Tier 3 — Lower Priority
5697WKA6,Versie Hillebrand,MG Special,MG,,,,,Prospecting,,0,Unassigned Account,Low Value,Unengaged (Prospecting),30,Tier 3 — Lower Priority
56LUBQTV,Moses Frase,MG Advanced,MG,,,,,Engaging,2017-07-31,153,Unassigned Account,Medium Value,Aging (91-180 days),65,Tier 2 — Medium Priority
579LZ3F9,Daniell Hammack,GTX Plus Basic,GTX,J-Texon,retail,1388.67,3583.0,Engaging,2016-11-24,402,Mid-Market,Medium Value,Stalled / Critical (> 180 days),70,Tier 2 — Medium Priority
58W7CZGD,Vicki Laflamme,GTX Pro,GTX,Cancity,retail,718.62,2448.0,Engaging,2017-08-12,141,Mid-Market,High Value,Aging (91-180 days),85,Tier 1 — High Priority
5BE27MLY,Maureen Marcano,GTX Pro,GTX,,,,,Engaging,2017-01-28,337,Unassigned Account,High Value,Stalled / Critical (> 180 days),70,Tier 2 — Medium Priority
5BXUKFPR,James Ascencio,GTX Plus Pro,GTX,,,,,Engaging,2017-02-11,323,Unassigned Account,High Value,Stalled / Critical (> 180 days),70,Tier 2 — Medium Priority
5C59O9GU,Anna Snelling,MG Special,MG,Conecom,technology,1520.66,1806.0,Prospecting,,0,Mid-Market,Low Value,Unengaged (Prospecting),40,Tier 3 — Lower Priority
5C8HCDXT,Wilburn Farren,MG Advanced,MG,,,,,Engaging,2017-03-21,285,Unassigned Account,Medium Value,Stalled / Critical (> 180 days),60,Tier 2 — Medium Priority
5CAP1055,Kary Hendrixson,GTX Plus Pro,GTX,Kan-code,software,11698.03,34288.0,Engaging,2017-08-13,140,Enterprise,High Value,Aging (91-180 days),95,Tier 1 — High Priority
5CZBHSRI,Kary Hendrixson,MG Advanced,MG,Toughzap,retail,332.43,799.0,Engaging,2017-04-29,246,Commercial / Small,Medium Value,Stalled / Critical (> 180 days),65,Tier 2 — Medium Priority
5DQZSOBE,Cecily Lampkin,GTX Plus Basic,GTX,,,,,Engaging,2017-07-22,162,Unassigned Account,Medium Value,Aging (91-180 days),65,Tier 2 — Medium Priority
5E274CQS,Boris Faz,GTX Pro,GTX,,,,,Engaging,2017-09-05,117,Unassigned Account,High Value,Aging (91-180 days),75,Tier 1 — High Priority
5ELMZN3E,Anna Snelling,MG Special,MG,,,,,Prospecting,,0,Unassigned Account,Low Value,Unengaged (Prospecting),30,Tier 3 — Lower Priority
5EUHU5AF,Marty Freudenburg,GTX Plus Pro,GTX,,,,,Prospecting,,0,Unassigned Account,High Value,Unengaged (Prospecting),50,Tier 3 — Lower Priority
5F1RM2YM,Elease Gluck,MG Special,MG,,,,,Engaging,2017-09-20,102,Unassigned Account,Low Value,Aging (91-180 days),55,Tier 2 — Medium Priority
5G4I94TF,Kary Hendrixson,GTX Plus Pro,GTX,Statholdings,employment,291.27,586.0,Engaging,2017-03-26,280,Commercial / Small,High Value,Stalled / Critical (> 180 days),75,Tier 1 — High Priority
5IQAJGCU,Kami Bicknell,GTX Basic,GTX,,,,,Engaging,2017-05-11,234,Unassigned Account,Low Value,Stalled / Critical (> 180 days),50,Tier 3 — Lower Priority
5JDWBOLS,Daniell Hammack,GTX Basic,GTX,,,,,Engaging,2017-03-04,302,Unassigned Account,Low Value,Stalled / Critical (> 180 days),50,Tier 3 — Lower Priority
5JS1Z5BQ,Marty Freudenburg,GTX Plus Pro,GTX,,,,,Prospecting,,0,Unassigned Account,High Value,Unengaged (Prospecting),50,Tier 3 — Lower Priority
5K0ZFCVO,Violet Mclelland,MG Special,MG,,,,,Engaging,2017-04-18,257,Unassigned Account,Low Value,Stalled / Critical (> 180 days),50,Tier 3 — Lower Priority
5KK2SSSB,Rosie Papadopoulos,GTX Basic,GTX,,,,,Engaging,2017-02-16,318,Unassigned Account,Low Value,Stalled / Critical (> 180 days),50,Tier 3 — Lower Priority
5M5TW9RC,Cassey Cress,GTX Plus Basic,GTX,Umbrella Corporation,finance,2022.14,5113.0,Engaging,2017-07-07,177,Enterprise,Medium Value,Aging (91-180 days),85,Tier 1 — High Priority
5MAXF8FK,Gladys Colclough,GTX Plus Pro,GTX,The New York Inquirer,medical,439.21,792.0,Engaging,2017-08-11,142,Commercial / Small,High Value,Aging (91-180 days),80,Tier 1 — High Priority
5MNF16D8,Darcel Schlecht,GTX Pro,GTX,,,,,Prospecting,,0,Unassigned Account,High Value,Unengaged (Prospecting),50,Tier 3 — Lower Priority
5NGPM4C3,Darcel Schlecht,GTX Plus Pro,GTX,,,,,Engaging,2017-08-05,148,Unassigned Account,High Value,Aging (91-180 days),75,Tier 1 — High Priority
5P3NH791,Boris Faz,MG Advanced,MG,Golddex,finance,52.5,165.0,Engaging,2017-02-10,324,Commercial / Small,Medium Value,Stalled / Critical (> 180 days),65,Tier 2 — Medium Priority
5P4O1IU6,Cassey Cress,MG Advanced,MG,,,,,Engaging,2017-08-22,131,Unassigned Account,Medium Value,Aging (91-180 days),65,Tier 2 — Medium Priority
5P4OCP0Q,Versie Hillebrand,MG Special,MG,,,,,Prospecting,,0,Unassigned Account,Low Value,Unengaged (Prospecting),30,Tier 3 — Lower Priority
5PWO4RPC,Jonathan Berthelot,GTX Basic,GTX,,,,,Engaging,2017-07-27,157,Unassigned Account,Low Value,Aging (91-180 days),55,Tier 2 — Medium Priority
5Q2BX622,Anna Snelling,MG Advanced,MG,Inity,marketing,2403.58,8801.0,Prospecting,,0,Enterprise,Medium Value,Unengaged (Prospecting),60,Tier 2 — Medium Priority
5RNWV17L,Rosalina Dieter,MG Advanced,MG,Golddex,finance,52.5,165.0,Engaging,2017-02-11,323,Commercial / Small,Medium Value,Stalled / Critical (> 180 days),65,Tier 2 — Medium Priority
5SNCUQ8Z,Anna Snelling,MG Special,MG,,,,,Engaging,2017-07-30,154,Unassigned Account,Low Value,Aging (91-180 days),55,Tier 2 — Medium Priority
5T8Q2YID,Elease Gluck,MG Special,MG,,,,,Engaging,2017-01-01,364,Unassigned Account,Low Value,Stalled / Critical (> 180 days),50,Tier 3 — Lower Priority
5TCGN3GX,Violet Mclelland,GTX Plus Basic,GTX,,,,,Engaging,2017-10-16,76,Unassigned Account,Medium Value,Recent (<= 90 days),70,Tier 2 — Medium Priority
5TGQL49J,Anna Snelling,MG Advanced,MG,,,,,Prospecting,,0,Unassigned Account,Medium Value,Unengaged (Prospecting),40,Tier 3 — Lower Priority
5UFU5IO4,Corliss Cosme,MG Special,MG,Cancity,retail,718.62,2448.0,Engaging,2017-08-04,149,Mid-Market,Low Value,Aging (91-180 days),65,Tier 2 — Medium Priority
5URQT67R,Markita Hansen,GTK 500,GTK,Treequote,telecommunications,5266.09,8595.0,Engaging,2017-06-14,200,Enterprise,High Value,Stalled / Critical (> 180 days),90,Tier 1 — High Priority
5VW9YVTU,Moses Frase,GTX Basic,GTX,Condax,medical,4.54,9.0,Engaging,2017-08-04,149,Commercial / Small,Low Value,Aging (91-180 days),60,Tier 2 — Medium Priority
5VYJCJAE,Corliss Cosme,GTX Plus Pro,GTX,Zoomit,entertainment,324.19,978.0,Engaging,2017-01-15,350,Commercial / Small,High Value,Stalled / Critical (> 180 days),75,Tier 1 — High Priority
5W29OCB8,Lajuana Vencill,MG Special,MG,Bioholding,medical,587.34,1356.0,Engaging,2017-07-30,154,Mid-Market,Low Value,Aging (91-180 days),65,Tier 2 — Medium Priority
5WAKI1NB,Corliss Cosme,GTX Basic,GTX,,,,,Engaging,2017-10-04,88,Unassigned Account,Low Value,Recent (<= 90 days),60,Tier 2 — Medium Priority
5WHMLQDK,Kary Hendrixson,GTX Pro,GTX,,,,,Engaging,2017-05-01,244,Unassigned Account,High Value,Stalled / Critical (> 180 days),70,Tier 2 — Medium Priority
5WSQ6D2E,Gladys Colclough,MG Special,MG,,,,,Engaging,2017-07-23,161,Unassigned Account,Low Value,Aging (91-180 days),55,Tier 2 — Medium Priority
5X3TSUA9,Cassey Cress,GTX Plus Basic,GTX,,,,,Engaging,2017-09-13,109,Unassigned Account,Medium Value,Aging (91-180 days),65,Tier 2 — Medium Priority
5XPYFICK,Rosie Papadopoulos,MG Special,MG,Inity,marketing,2403.58,8801.0,Engaging,2017-03-10,296,Enterprise,Low Value,Stalled / Critical (> 180 days),70,Tier 2 — Medium Priority
5Z8S8UHK,Cassey Cress,GTX Basic,GTX,,,,,Engaging,2017-03-06,300,Unassigned Account,Low Value,Stalled / Critical (> 180 days),50,Tier 3 — Lower Priority
5ZATE1WV,Darcel Schlecht,GTX Basic,GTX,,,,,Prospecting,,0,Unassigned Account,Low Value,Unengaged (Prospecting),30,Tier 3 — Lower Priority
60NIT1PM,Boris Faz,GTX Plus Basic,GTX,,,,,Engaging,2017-05-02,243,Unassigned Account,Medium Value,Stalled / Critical (> 180 days),60,Tier 2 — Medium Priority
61E7IHAY,Violet Mclelland,MG Special,MG,,,,,Engaging,2017-04-22,253,Unassigned Account,Low Value,Stalled / Critical (> 180 days),50,Tier 3 — Lower Priority
61GDYW9T,Cecily Lampkin,MG Advanced,MG,,,,,Prospecting,,0,Unassigned Account,Medium Value,Unengaged (Prospecting),40,Tier 3 — Lower Priority
61IKUAZI,Rosalina Dieter,GTX Plus Basic,GTX,Dalttechnology,software,98.79,96.0,Engaging,2017-09-20,102,Commercial / Small,Medium Value,Aging (91-180 days),70,Tier 2 — Medium Priority
62PCN0KS,Maureen Marcano,GTX Plus Basic,GTX,,,,,Engaging,2017-11-16,45,Unassigned Account,Medium Value,Recent (<= 90 days),70,Tier 2 — Medium Priority
647SQRGL,Niesha Huffines,GTX Basic,GTX,,,,,Prospecting,,0,Unassigned Account,Low Value,Unengaged (Prospecting),30,Tier 3 — Lower Priority
64KHY8MT,Jonathan Berthelot,GTX Basic,GTX,,,,,Engaging,2017-07-27,157,Unassigned Account,Low Value,Aging (91-180 days),55,Tier 2 — Medium Priority
64OXRCSR,Darcel Schlecht,GTX Plus Basic,GTX,,,,,Prospecting,,0,Unassigned Account,Medium Value,Unengaged (Prospecting),40,Tier 3 — Lower Priority
65SMA4OZ,Darcel Schlecht,GTX Pro,GTX,,,,,Prospecting,,0,Unassigned Account,High Value,Unengaged (Prospecting),50,Tier 3 — Lower Priority
67CBAWHG,Gladys Colclough,GTX Plus Pro,GTX,,,,,Prospecting,,0,Unassigned Account,High Value,Unengaged (Prospecting),50,Tier 3 — Lower Priority
67IKZGGJ,Maureen Marcano,GTX Plus Basic,GTX,,,,,Engaging,2017-01-29,336,Unassigned Account,Medium Value,Stalled / Critical (> 180 days),60,Tier 2 — Medium Priority
68EYCEV4,Rosie Papadopoulos,GTX Pro,GTX,Faxquote,telecommunications,1825.82,5595.0,Engaging,2017-08-10,143,Enterprise,High Value,Aging (91-180 days),95,Tier 1 — High Priority
693K7IAT,Boris Faz,GTX Basic,GTX,Funholding,finance,2819.5,7227.0,Engaging,2017-08-07,146,Enterprise,Low Value,Aging (91-180 days),75,Tier 1 — High Priority
69U39SXU,Darcel Schlecht,GTX Pro,GTX,,,,,Engaging,2017-08-04,149,Unassigned Account,High Value,Aging (91-180 days),75,Tier 1 — High Priority
6AEVX11M,Violet Mclelland,MG Special,MG,,,,,Engaging,2017-04-18,257,Unassigned Account,Low Value,Stalled / Critical (> 180 days),50,Tier 3 — Lower Priority
6AO6E15O,Rosalina Dieter,GTX Pro,GTX,Statholdings,employment,291.27,586.0,Engaging,2017-07-09,175,Commercial / Small,High Value,Aging (91-180 days),80,Tier 1 — High Priority
6BIZ2MB6,Maureen Marcano,MG Special,MG,,,,,Engaging,2017-05-24,221,Unassigned Account,Low Value,Stalled / Critical (> 180 days),50,Tier 3 — Lower Priority
6C6Z3HRA,Zane Levy,GTX Basic,GTX,,,,,Engaging,2017-08-31,122,Unassigned Account,Low Value,Aging (91-180 days),55,Tier 2 — Medium Priority
6CT660FF,Maureen Marcano,GTX Plus Basic,GTX,,,,,Engaging,2017-08-31,122,Unassigned Account,Medium Value,Aging (91-180 days),65,Tier 2 — Medium Priority
6CWZFOHJ,Anna Snelling,GTX Basic,GTX,Green-Plus,services,692.19,1922.0,Prospecting,,0,Mid-Market,Low Value,Unengaged (Prospecting),40,Tier 3 — Lower Priority
6F5TIV66,Jonathan Berthelot,GTX Plus Basic,GTX,,,,,Engaging,2017-07-21,163,Unassigned Account,Medium Value,Aging (91-180 days),65,Tier 2 — Medium Priority
6F79VYH8,Boris Faz,GTX Basic,GTX,,,,,Engaging,2017-03-07,299,Unassigned Account,Low Value,Stalled / Critical (> 180 days),50,Tier 3 — Lower Priority
6G6ZCKSB,Vicki Laflamme,GTX Pro,GTX,,,,,Engaging,2017-04-16,259,Unassigned Account,High Value,Stalled / Critical (> 180 days),70,Tier 2 — Medium Priority
6GG9CSTV,Gladys Colclough,MG Special,MG,,,,,Engaging,2017-07-23,161,Unassigned Account,Low Value,Aging (91-180 days),55,Tier 2 — Medium Priority
6HG76L6U,Boris Faz,GTX Pro,GTX,,,,,Engaging,2017-02-21,313,Unassigned Account,High Value,Stalled / Critical (> 180 days),70,Tier 2 — Medium Priority
6I125KPN,Daniell Hammack,MG Advanced,MG,,,,,Engaging,2017-05-22,223,Unassigned Account,Medium Value,Stalled / Critical (> 180 days),60,Tier 2 — Medium Priority
6IG2A8KD,Niesha Huffines,MG Special,MG,,,,,Prospecting,,0,Unassigned Account,Low Value,Unengaged (Prospecting),30,Tier 3 — Lower Priority
6IO91583,Versie Hillebrand,GTX Plus Basic,GTX,,,,,Prospecting,,0,Unassigned Account,Medium Value,Unengaged (Prospecting),40,Tier 3 — Lower Priority
6JBM1ZKO,Vicki Laflamme,GTX Pro,GTX,,,,,Engaging,2017-11-09,52,Unassigned Account,High Value,Recent (<= 90 days),80,Tier 1 — High Priority
6KEWAQMX,Cassey Cress,GTX Pro,GTX,,,,,Engaging,2017-08-12,141,Unassigned Account,High Value,Aging (91-180 days),75,Tier 1 — High Priority
6KHIXTAD,Anna Snelling,GTX Plus Pro,GTX,,,,,Prospecting,,0,Unassigned Account,High Value,Unengaged (Prospecting),50,Tier 3 — Lower Priority
6KW4PU0S,Lajuana Vencill,GTX Basic,GTX,,,,,Prospecting,,0,Unassigned Account,Low Value,Unengaged (Prospecting),30,Tier 3 — Lower Priority
6OD1J7MW,Elease Gluck,GTX Plus Pro,GTX,Plexzap,retail,2437.85,4874.0,Engaging,2017-09-02,120,Mid-Market,High Value,Aging (91-180 days),85,Tier 1 — High Priority
6PW6ZQEE,Corliss Cosme,GTX Basic,GTX,,,,,Engaging,2017-02-23,311,Unassigned Account,Low Value,Stalled / Critical (> 180 days),50,Tier 3 — Lower Priority
6Q67ZUJ1,Maureen Marcano,MG Special,MG,,,,,Engaging,2017-01-09,356,Unassigned Account,Low Value,Stalled / Critical (> 180 days),50,Tier 3 — Lower Priority
6QKBZAEQ,Versie Hillebrand,MG Special,MG,,,,,Prospecting,,0,Unassigned Account,Low Value,Unengaged (Prospecting),30,Tier 3 — Lower Priority
6R6S91WE,Daniell Hammack,GTX Pro,GTX,,,,,Engaging,2017-03-25,281,Unassigned Account,High Value,Stalled / Critical (> 180 days),70,Tier 2 — Medium Priority
6R94B0SG,Darcel Schlecht,GTX Pro,GTX,,,,,Prospecting,,0,Unassigned Account,High Value,Unengaged (Prospecting),50,Tier 3 — Lower Priority
6RN7I8ZF,Darcel Schlecht,GTX Pro,GTX,Condax,medical,4.54,9.0,Prospecting,,0,Commercial / Small,High Value,Unengaged (Prospecting),55,Tier 2 — Medium Priority
6RQUXORL,Darcel Schlecht,GTX Plus Pro,GTX,,,,,Prospecting,,0,Unassigned Account,High Value,Unengaged (Prospecting),50,Tier 3 — Lower Priority
6RZ5GSAB,Jonathan Berthelot,GTX Basic,GTX,,,,,Engaging,2017-08-03,150,Unassigned Account,Low Value,Aging (91-180 days),55,Tier 2 — Medium Priority
6S2ABHZS,Markita Hansen,GTX Basic,GTX,,,,,Engaging,2017-04-14,261,Unassigned Account,Low Value,Stalled / Critical (> 180 days),50,Tier 3 — Lower Priority
6SLKZ8FI,Versie Hillebrand,MG Advanced,MG,,,,,Prospecting,,0,Unassigned Account,Medium Value,Unengaged (Prospecting),40,Tier 3 — Lower Priority
6SMB6SDY,Vicki Laflamme,GTX Pro,GTX,,,,,Engaging,2017-08-15,138,Unassigned Account,High Value,Aging (91-180 days),75,Tier 1 — High Priority
6SN2RQJX,Vicki Laflamme,MG Special,MG,,,,,Engaging,2016-12-17,379,Unassigned Account,Low Value,Stalled / Critical (> 180 days),50,Tier 3 — Lower Priority
6TGCOE5O,Cassey Cress,GTX Plus Pro,GTX,,,,,Engaging,2017-08-03,150,Unassigned Account,High Value,Aging (91-180 days),75,Tier 1 — High Priority
6US3WW0M,Jonathan Berthelot,MG Special,MG,,,,,Engaging,2017-07-29,155,Unassigned Account,Low Value,Aging (91-180 days),55,Tier 2 — Medium Priority
6V7FT2YU,Darcel Schlecht,GTX Pro,GTX,,,,,Engaging,2017-07-20,164,Unassigned Account,High Value,Aging (91-180 days),75,Tier 1 — High Priority
6VIK2VX8,Hayden Neloms,MG Special,MG,Isdom,medical,3178.24,4540.0,Engaging,2017-02-06,328,Enterprise,Low Value,Stalled / Critical (> 180 days),70,Tier 2 — Medium Priority
6WNENPQM,Versie Hillebrand,MG Special,MG,Goodsilron,marketing,2952.73,5107.0,Prospecting,,0,Enterprise,Low Value,Unengaged (Prospecting),50,Tier 3 — Lower Priority
6Z6DMG2V,Marty Freudenburg,GTX Plus Basic,GTX,,,,,Prospecting,,0,Unassigned Account,Medium Value,Unengaged (Prospecting),40,Tier 3 — Lower Priority
71GQNH5T,Cassey Cress,MG Advanced,MG,,,,,Engaging,2017-03-05,301,Unassigned Account,Medium Value,Stalled / Critical (> 180 days),60,Tier 2 — Medium Priority
73086D08,Markita Hansen,GTX Plus Pro,GTX,,,,,Engaging,2017-05-07,238,Unassigned Account,High Value,Stalled / Critical (> 180 days),70,Tier 2 — Medium Priority
73CWPT9H,Gladys Colclough,GTX Plus Pro,GTX,,,,,Prospecting,,0,Unassigned Account,High Value,Unengaged (Prospecting),50,Tier 3 — Lower Priority
73HO9OZC,Cassey Cress,GTX Basic,GTX,Finjob,employment,2059.9,3644.0,Engaging,2017-03-12,294,Mid-Market,Low Value,Stalled / Critical (> 180 days),60,Tier 2 — Medium Priority
7439NGIG,Marty Freudenburg,GTX Pro,GTX,Sumace,retail,167.89,493.0,Engaging,2017-07-20,164,Commercial / Small,High Value,Aging (91-180 days),80,Tier 1 — High Priority
74KGIZW4,Kary Hendrixson,GTX Pro,GTX,Betasoloin,medical,251.41,495.0,Engaging,2017-06-24,190,Commercial / Small,High Value,Stalled / Critical (> 180 days),75,Tier 1 — High Priority
74LCNGIK,Darcel Schlecht,GTX Plus Pro,GTX,,,,,Prospecting,,0,Unassigned Account,High Value,Unengaged (Prospecting),50,Tier 3 — Lower Priority
751V8OFM,Gladys Colclough,GTX Plus Basic,GTX,Funholding,finance,2819.5,7227.0,Engaging,2017-07-22,162,Enterprise,Medium Value,Aging (91-180 days),85,Tier 1 — High Priority
754UOV5F,Marty Freudenburg,MG Special,MG,,,,,Engaging,2017-07-30,154,Unassigned Account,Low Value,Aging (91-180 days),55,Tier 2 — Medium Priority
76WK0KFZ,Lajuana Vencill,GTX Basic,GTX,Konex,technology,7708.38,13756.0,Prospecting,,0,Enterprise,Low Value,Unengaged (Prospecting),50,Tier 3 — Lower Priority
77IBMLTB,James Ascencio,GTX Plus Pro,GTX,,,,,Engaging,2017-09-11,111,Unassigned Account,High Value,Aging (91-180 days),75,Tier 1 — High Priority
7868JVH9,Cassey Cress,GTX Plus Basic,GTX,Rantouch,telecommunications,1188.42,3015.0,Engaging,2017-08-29,124,Mid-Market,Medium Value,Aging (91-180 days),75,Tier 1 — High Priority
7882RJGY,Wilburn Farren,MG Special,MG,,,,,Engaging,2017-04-27,248,Unassigned Account,Low Value,Stalled / Critical (> 180 days),50,Tier 3 — Lower Priority
79EHWR35,Vicki Laflamme,GTX Basic,GTX,,,,,Engaging,2017-03-02,304,Unassigned Account,Low Value,Stalled / Critical (> 180 days),50,Tier 3 — Lower Priority
7A3R2M9T,Vicki Laflamme,GTX Plus Pro,GTX,Sonron,telecommunications,1699.85,5108.0,Engaging,2017-07-17,167,Enterprise,High Value,Aging (91-180 days),95,Tier 1 — High Priority
7AFBJFP5,Maureen Marcano,MG Special,MG,,,,,Engaging,2017-07-24,160,Unassigned Account,Low Value,Aging (91-180 days),55,Tier 2 — Medium Priority
7AXR8U55,Boris Faz,MG Advanced,MG,,,,,Engaging,2017-05-26,219,Unassigned Account,Medium Value,Stalled / Critical (> 180 days),60,Tier 2 — Medium Priority
7BKYKVF2,Jonathan Berthelot,GTX Plus Basic,GTX,,,,,Engaging,2017-07-29,155,Unassigned Account,Medium Value,Aging (91-180 days),65,Tier 2 — Medium Priority
7COYG1Z2,Kami Bicknell,MG Special,MG,,,,,Engaging,2017-07-30,154,Unassigned Account,Low Value,Aging (91-180 days),55,Tier 2 — Medium Priority
7CZU8GS1,Darcel Schlecht,MG Special,MG,,,,,Prospecting,,0,Unassigned Account,Low Value,Unengaged (Prospecting),30,Tier 3 — Lower Priority
7D75QXBD,Kary Hendrixson,GTX Plus Basic,GTX,Groovestreet,retail,223.8,299.0,Engaging,2017-05-18,227,Commercial / Small,Medium Value,Stalled / Critical (> 180 days),65,Tier 2 — Medium Priority
7DOGGIXI,Elease Gluck,MG Special,MG,Bioplex,medical,326.82,1016.0,Engaging,2017-08-05,148,Mid-Market,Low Value,Aging (91-180 days),65,Tier 2 — Medium Priority
7DT8UKKY,Corliss Cosme,GTX Basic,GTX,Zencorporation,technology,40.79,142.0,Engaging,2017-05-01,244,Commercial / Small,Low Value,Stalled / Critical (> 180 days),55,Tier 2 — Medium Priority
7EHJYKWE,Kary Hendrixson,GTX Basic,GTX,Xx-holding,finance,7537.24,20293.0,Engaging,2017-10-28,64,Enterprise,Low Value,Recent (<= 90 days),80,Tier 1 — High Priority
7F2DDW3C,Hayden Neloms,MG Advanced,MG,,,,,Engaging,2017-07-25,159,Unassigned Account,Medium Value,Aging (91-180 days),65,Tier 2 — Medium Priority
7FFV8D9U,Gladys Colclough,GTX Pro,GTX,Plusstrip,entertainment,349.81,315.0,Engaging,2017-08-06,147,Commercial / Small,High Value,Aging (91-180 days),80,Tier 1 — High Priority
7FLPKZN7,Kami Bicknell,GTX Pro,GTX,Kan-code,software,11698.03,34288.0,Engaging,2017-09-23,99,Enterprise,High Value,Aging (91-180 days),95,Tier 1 — High Priority
7FVBMH48,Markita Hansen,MG Advanced,MG,,,,,Engaging,2017-08-13,140,Unassigned Account,Medium Value,Aging (91-180 days),65,Tier 2 — Medium Priority
7FZ9CBZ3,Anna Snelling,GTX Plus Pro,GTX,Scotfind,software,6354.87,16780.0,Engaging,2017-07-24,160,Enterprise,High Value,Aging (91-180 days),95,Tier 1 — High Priority
7GDSUY9K,Hayden Neloms,GTX Plus Pro,GTX,Konmatfix,marketing,375.43,1190.0,Engaging,2017-09-05,117,Mid-Market,High Value,Aging (91-180 days),85,Tier 1 — High Priority
7HSRDCCK,Kary Hendrixson,GTX Plus Pro,GTX,,,,,Engaging,2017-06-13,201,Unassigned Account,High Value,Stalled / Critical (> 180 days),70,Tier 2 — Medium Priority
7J0ZLDB1,Zane Levy,MG Special,MG,,,,,Engaging,2017-06-05,209,Unassigned Account,Low Value,Stalled / Critical (> 180 days),50,Tier 3 — Lower Priority
7K0S2P6K,Rosalina Dieter,GTX Pro,GTX,,,,,Engaging,2017-04-17,258,Unassigned Account,High Value,Stalled / Critical (> 180 days),70,Tier 2 — Medium Priority
7K1KXMBT,Kami Bicknell,GTX Pro,GTX,,,,,Engaging,2017-08-27,126,Unassigned Account,High Value,Aging (91-180 days),75,Tier 1 — High Priority
7K31BXX3,Jonathan Berthelot,GTX Pro,GTX,,,,,Engaging,2017-07-28,156,Unassigned Account,High Value,Aging (91-180 days),75,Tier 1 — High Priority
7KKFQ7LX,Hayden Neloms,MG Advanced,MG,,,,,Engaging,2017-05-26,219,Unassigned Account,Medium Value,Stalled / Critical (> 180 days),60,Tier 2 — Medium Priority
7KQAH6UI,Marty Freudenburg,MG Advanced,MG,,,,,Prospecting,,0,Unassigned Account,Medium Value,Unengaged (Prospecting),40,Tier 3 — Lower Priority
7LD79NYD,Marty Freudenburg,MG Advanced,MG,,,,,Engaging,2017-07-19,165,Unassigned Account,Medium Value,Aging (91-180 days),65,Tier 2 — Medium Priority
7MKYTX69,Moses Frase,GTX Plus Pro,GTX,,,,,Prospecting,,0,Unassigned Account,High Value,Unengaged (Prospecting),50,Tier 3 — Lower Priority
7MP6KLZO,Moses Frase,GTX Basic,GTX,Goodsilron,marketing,2952.73,5107.0,Engaging,2017-07-24,160,Enterprise,Low Value,Aging (91-180 days),75,Tier 1 — High Priority
7N6AHU7C,Darcel Schlecht,MG Special,MG,,,,,Prospecting,,0,Unassigned Account,Low Value,Unengaged (Prospecting),30,Tier 3 — Lower Priority
7O1UQ19W,Gladys Colclough,GTX Basic,GTX,,,,,Engaging,2017-08-13,140,Unassigned Account,Low Value,Aging (91-180 days),55,Tier 2 — Medium Priority
7ONH55WT,Cassey Cress,GTX Basic,GTX,,,,,Engaging,2017-02-24,310,Unassigned Account,Low Value,Stalled / Critical (> 180 days),50,Tier 3 — Lower Priority
7OZ7L8BB,Gladys Colclough,GTX Basic,GTX,,,,,Engaging,2017-07-24,160,Unassigned Account,Low Value,Aging (91-180 days),55,Tier 2 — Medium Priority
7P069DNF,Kary Hendrixson,GTX Plus Basic,GTX,Labdrill,medical,2741.37,9226.0,Engaging,2017-08-20,133,Enterprise,Medium Value,Aging (91-180 days),85,Tier 1 — High Priority
7PXJ92C5,Kary Hendrixson,GTX Pro,GTX,,,,,Engaging,2017-03-15,291,Unassigned Account,High Value,Stalled / Critical (> 180 days),70,Tier 2 — Medium Priority
7Q90C2VN,Anna Snelling,MG Special,MG,,,,,Prospecting,,0,Unassigned Account,Low Value,Unengaged (Prospecting),30,Tier 3 — Lower Priority
7RLLNAYC,Gladys Colclough,MG Special,MG,,,,,Engaging,2017-07-26,158,Unassigned Account,Low Value,Aging (91-180 days),55,Tier 2 — Medium Priority
7S8SLZDY,Rosalina Dieter,MG Special,MG,,,,,Engaging,2017-11-27,34,Unassigned Account,Low Value,Recent (<= 90 days),60,Tier 2 — Medium Priority
7TFHGN6O,Darcel Schlecht,GTX Plus Pro,GTX,Inity,marketing,2403.58,8801.0,Engaging,2017-07-26,158,Enterprise,High Value,Aging (91-180 days),95,Tier 1 — High Priority
7TI1WTV9,Zane Levy,GTX Pro,GTX,Acme Corporation,technology,1100.04,2822.0,Engaging,2017-03-04,302,Mid-Market,High Value,Stalled / Critical (> 180 days),80,Tier 1 — High Priority
7UVKZD60,Jonathan Berthelot,GTX Basic,GTX,,,,,Prospecting,,0,Unassigned Account,Low Value,Unengaged (Prospecting),30,Tier 3 — Lower Priority
7VGJ2B7O,Violet Mclelland,MG Special,MG,,,,,Engaging,2017-03-17,289,Unassigned Account,Low Value,Stalled / Critical (> 180 days),50,Tier 3 — Lower Priority
7VKQWIXD,Boris Faz,GTX Plus Basic,GTX,,,,,Engaging,2017-03-14,292,Unassigned Account,Medium Value,Stalled / Critical (> 180 days),60,Tier 2 — Medium Priority
7VMOJBPN,Kami Bicknell,GTX Pro,GTX,Faxquote,telecommunications,1825.82,5595.0,Engaging,2017-06-03,211,Enterprise,High Value,Stalled / Critical (> 180 days),90,Tier 1 — High Priority
7VOW7BUJ,Cassey Cress,GTX Pro,GTX,,,,,Engaging,2017-02-07,327,Unassigned Account,High Value,Stalled / Critical (> 180 days),70,Tier 2 — Medium Priority
7VSFD2MV,Kary Hendrixson,GTX Basic,GTX,,,,,Engaging,2017-08-03,150,Unassigned Account,Low Value,Aging (91-180 days),55,Tier 2 — Medium Priority
7W9S4DCZ,Lajuana Vencill,MG Special,MG,Dalttechnology,software,98.79,96.0,Engaging,2017-07-28,156,Commercial / Small,Low Value,Aging (91-180 days),60,Tier 2 — Medium Priority
7WXPAXAV,Marty Freudenburg,MG Special,MG,Rangreen,technology,2938.67,8775.0,Prospecting,,0,Enterprise,Low Value,Unengaged (Prospecting),50,Tier 3 — Lower Priority
7X0T2QOL,Hayden Neloms,MG Advanced,MG,,,,,Engaging,2017-05-26,219,Unassigned Account,Medium Value,Stalled / Critical (> 180 days),60,Tier 2 — Medium Priority
7XRWWM0X,Kami Bicknell,MG Special,MG,Scotfind,software,6354.87,16780.0,Engaging,2017-11-15,46,Enterprise,Low Value,Recent (<= 90 days),80,Tier 1 — High Priority
7Y530NLJ,Boris Faz,GTX Plus Basic,GTX,Genco Pura Olive Oil Company,retail,894.33,1635.0,Engaging,2017-04-12,263,Mid-Market,Medium Value,Stalled / Critical (> 180 days),70,Tier 2 — Medium Priority
7YOJ4KU7,Darcel Schlecht,GTX Pro,GTX,,,,,Prospecting,,0,Unassigned Account,High Value,Unengaged (Prospecting),50,Tier 3 — Lower Priority
7YT7NRV9,Elease Gluck,MG Special,MG,,,,,Engaging,2017-05-15,230,Unassigned Account,Low Value,Stalled / Critical (> 180 days),50,Tier 3 — Lower Priority
7ZN8YCH8,Versie Hillebrand,MG Special,MG,Gekko & Co,retail,2520.83,3502.0,Engaging,2017-08-12,141,Enterprise,Low Value,Aging (91-180 days),75,Tier 1 — High Priority
806KPNNN,Versie Hillebrand,GTX Basic,GTX,Zathunicon,retail,71.12,144.0,Engaging,2017-07-24,160,Commercial / Small,Low Value,Aging (91-180 days),60,Tier 2 — Medium Priority
80QJ0BQH,Anna Snelling,MG Special,MG,,,,,Engaging,2017-08-05,148,Unassigned Account,Low Value,Aging (91-180 days),55,Tier 2 — Medium Priority
81FNO0VM,Wilburn Farren,GTX Plus Basic,GTX,,,,,Engaging,2017-03-07,299,Unassigned Account,Medium Value,Stalled / Critical (> 180 days),60,Tier 2 — Medium Priority
81G840FM,Zane Levy,GTX Basic,GTX,,,,,Engaging,2017-04-13,262,Unassigned Account,Low Value,Stalled / Critical (> 180 days),50,Tier 3 — Lower Priority
81MXE1H7,Markita Hansen,MG Advanced,MG,Bioholding,medical,587.34,1356.0,Engaging,2017-02-14,320,Mid-Market,Medium Value,Stalled / Critical (> 180 days),70,Tier 2 — Medium Priority
81PWOUF0,Maureen Marcano,GTX Pro,GTX,,,,,Engaging,2017-07-06,178,Unassigned Account,High Value,Aging (91-180 days),75,Tier 1 — High Priority
8254HM4E,Kami Bicknell,GTX Plus Basic,GTX,,,,,Engaging,2017-04-06,269,Unassigned Account,Medium Value,Stalled / Critical (> 180 days),60,Tier 2 — Medium Priority
82K9NWKO,Gladys Colclough,MG Advanced,MG,,,,,Engaging,2017-07-27,157,Unassigned Account,Medium Value,Aging (91-180 days),65,Tier 2 — Medium Priority
839AMI93,Kary Hendrixson,GTX Basic,GTX,,,,,Engaging,2017-03-10,296,Unassigned Account,Low Value,Stalled / Critical (> 180 days),50,Tier 3 — Lower Priority
847RHYQE,Gladys Colclough,GTX Pro,GTX,,,,,Prospecting,,0,Unassigned Account,High Value,Unengaged (Prospecting),50,Tier 3 — Lower Priority
848QSODT,Vicki Laflamme,GTX Basic,GTX,,,,,Engaging,2017-05-14,231,Unassigned Account,Low Value,Stalled / Critical (> 180 days),50,Tier 3 — Lower Priority
84LN84VM,Vicki Laflamme,MG Advanced,MG,,,,,Engaging,2017-02-17,317,Unassigned Account,Medium Value,Stalled / Critical (> 180 days),60,Tier 2 — Medium Priority
854QZNWK,Violet Mclelland,MG Special,MG,,,,,Engaging,2017-11-01,60,Unassigned Account,Low Value,Recent (<= 90 days),60,Tier 2 — Medium Priority
86C26QSR,Markita Hansen,GTX Plus Pro,GTX,,,,,Engaging,2017-05-03,242,Unassigned Account,High Value,Stalled / Critical (> 180 days),70,Tier 2 — Medium Priority
89P5UVQ0,Wilburn Farren,GTX Pro,GTX,,,,,Engaging,2017-05-14,231,Unassigned Account,High Value,Stalled / Critical (> 180 days),70,Tier 2 — Medium Priority
8AJG1YLJ,Kary Hendrixson,GTX Basic,GTX,,,,,Engaging,2017-02-11,323,Unassigned Account,Low Value,Stalled / Critical (> 180 days),50,Tier 3 — Lower Priority
8AK3KGFA,Gladys Colclough,MG Advanced,MG,,,,,Engaging,2017-07-25,159,Unassigned Account,Medium Value,Aging (91-180 days),65,Tier 2 — Medium Priority
8BYEALF9,Vicki Laflamme,MG Special,MG,,,,,Engaging,2017-07-14,170,Unassigned Account,Low Value,Aging (91-180 days),55,Tier 2 — Medium Priority
8CBTC1PX,Marty Freudenburg,MG Advanced,MG,Streethex,retail,1376.8,1165.0,Engaging,2017-08-11,142,Mid-Market,Medium Value,Aging (91-180 days),75,Tier 1 — High Priority
8D8JOXP6,Cecily Lampkin,MG Special,MG,,,,,Engaging,2017-07-19,165,Unassigned Account,Low Value,Aging (91-180 days),55,Tier 2 — Medium Priority
8DDR4MUL,James Ascencio,MG Advanced,MG,,,,,Engaging,2017-09-08,114,Unassigned Account,Medium Value,Aging (91-180 days),65,Tier 2 — Medium Priority
8E0VRCLW,Anna Snelling,GTX Basic,GTX,,,,,Prospecting,,0,Unassigned Account,Low Value,Unengaged (Prospecting),30,Tier 3 — Lower Priority
8FGW6RSX,Elease Gluck,MG Special,MG,,,,,Engaging,2017-08-14,139,Unassigned Account,Low Value,Aging (91-180 days),55,Tier 2 — Medium Priority
8G3HB5S6,James Ascencio,GTX Basic,GTX,,,,,Engaging,2017-05-29,216,Unassigned Account,Low Value,Stalled / Critical (> 180 days),50,Tier 3 — Lower Priority
8GE7FY98,Violet Mclelland,GTX Pro,GTX,,,,,Engaging,2017-03-22,284,Unassigned Account,High Value,Stalled / Critical (> 180 days),70,Tier 2 — Medium Priority
8GNSME5U,Versie Hillebrand,MG Special,MG,,,,,Prospecting,,0,Unassigned Account,Low Value,Unengaged (Prospecting),30,Tier 3 — Lower Priority
8GV0BQTU,Kary Hendrixson,MG Advanced,MG,Xx-holding,finance,7537.24,20293.0,Engaging,2017-05-17,228,Enterprise,Medium Value,Stalled / Critical (> 180 days),80,Tier 1 — High Priority
8I5ONXJX,Versie Hillebrand,MG Advanced,MG,,,,,Prospecting,,0,Unassigned Account,Medium Value,Unengaged (Prospecting),40,Tier 3 — Lower Priority
8I84MV5A,Cassey Cress,GTX Basic,GTX,Zencorporation,technology,40.79,142.0,Engaging,2017-05-11,234,Commercial / Small,Low Value,Stalled / Critical (> 180 days),55,Tier 2 — Medium Priority
8IPMP8NT,Darcel Schlecht,GTX Pro,GTX,,,,,Prospecting,,0,Unassigned Account,High Value,Unengaged (Prospecting),50,Tier 3 — Lower Priority
8JH8YA79,Kami Bicknell,GTX Basic,GTX,,,,,Engaging,2017-07-14,170,Unassigned Account,Low Value,Aging (91-180 days),55,Tier 2 — Medium Priority
8JL58ECD,Darcel Schlecht,GTX Pro,GTX,,,,,Prospecting,,0,Unassigned Account,High Value,Unengaged (Prospecting),50,Tier 3 — Lower Priority
8LA72RM8,Maureen Marcano,MG Advanced,MG,Donware,marketing,1197.44,2570.0,Engaging,2017-09-17,105,Mid-Market,Medium Value,Aging (91-180 days),75,Tier 1 — High Priority
8LP076IV,Versie Hillebrand,MG Special,MG,,,,,Engaging,2017-08-02,151,Unassigned Account,Low Value,Aging (91-180 days),55,Tier 2 — Medium Priority
8LW65NDL,Violet Mclelland,GTX Plus Pro,GTX,,,,,Engaging,2017-01-10,355,Unassigned Account,High Value,Stalled / Critical (> 180 days),70,Tier 2 — Medium Priority
8M2O0Q8V,Versie Hillebrand,MG Advanced,MG,Silis,medical,2818.38,6290.0,Prospecting,,0,Enterprise,Medium Value,Unengaged (Prospecting),60,Tier 2 — Medium Priority
8MUD1WS1,Cecily Lampkin,MG Advanced,MG,,,,,Engaging,2017-08-12,141,Unassigned Account,Medium Value,Aging (91-180 days),65,Tier 2 — Medium Priority
8NG46N94,Kami Bicknell,GTX Pro,GTX,,,,,Engaging,2017-09-10,112,Unassigned Account,High Value,Aging (91-180 days),75,Tier 1 — High Priority
8NI8O26G,Cecily Lampkin,MG Special,MG,Goodsilron,marketing,2952.73,5107.0,Prospecting,,0,Enterprise,Low Value,Unengaged (Prospecting),50,Tier 3 — Lower Priority
8NLGRTU5,Jonathan Berthelot,GTX Pro,GTX,,,,,Prospecting,,0,Unassigned Account,High Value,Unengaged (Prospecting),50,Tier 3 — Lower Priority
8O212QCV,Niesha Huffines,GTX Pro,GTX,,,,,Prospecting,,0,Unassigned Account,High Value,Unengaged (Prospecting),50,Tier 3 — Lower Priority
8O98HGMW,Moses Frase,MG Advanced,MG,,,,,Prospecting,,0,Unassigned Account,Medium Value,Unengaged (Prospecting),40,Tier 3 — Lower Priority
8ODHXBNE,Rosalina Dieter,MG Special,MG,,,,,Engaging,2017-07-25,159,Unassigned Account,Low Value,Aging (91-180 days),55,Tier 2 — Medium Priority
8P3O8A9H,Vicki Laflamme,MG Special,MG,,,,,Engaging,2017-08-21,132,Unassigned Account,Low Value,Aging (91-180 days),55,Tier 2 — Medium Priority
8PLXH354,Rosalina Dieter,MG Special,MG,,,,,Engaging,2017-08-26,127,Unassigned Account,Low Value,Aging (91-180 days),55,Tier 2 — Medium Priority
8QDSXHQ8,Cecily Lampkin,GTX Basic,GTX,,,,,Engaging,2017-07-22,162,Unassigned Account,Low Value,Aging (91-180 days),55,Tier 2 — Medium Priority
8RQCHZ5O,Jonathan Berthelot,GTX Pro,GTX,,,,,Prospecting,,0,Unassigned Account,High Value,Unengaged (Prospecting),50,Tier 3 — Lower Priority
8SLDCS0F,Markita Hansen,MG Special,MG,,,,,Engaging,2017-10-11,81,Unassigned Account,Low Value,Recent (<= 90 days),60,Tier 2 — Medium Priority
8SVMGDPA,Maureen Marcano,GTX Plus Basic,GTX,Donquadtech,technology,1712.68,3194.0,Engaging,2017-05-09,236,Mid-Market,Medium Value,Stalled / Critical (> 180 days),70,Tier 2 — Medium Priority
8TD2LLOF,Darcel Schlecht,MG Advanced,MG,,,,,Engaging,2017-07-26,158,Unassigned Account,Medium Value,Aging (91-180 days),65,Tier 2 — Medium Priority
8TFYRWZ6,Gladys Colclough,MG Advanced,MG,Mathtouch,marketing,3027.46,9516.0,Engaging,2017-07-22,162,Enterprise,Medium Value,Aging (91-180 days),85,Tier 1 — High Priority
8TLX2786,Niesha Huffines,MG Special,MG,,,,,Prospecting,,0,Unassigned Account,Low Value,Unengaged (Prospecting),30,Tier 3 — Lower Priority
8TRT2HNF,Markita Hansen,GTX Basic,GTX,Green-Plus,services,692.19,1922.0,Engaging,2017-04-03,272,Mid-Market,Low Value,Stalled / Critical (> 180 days),60,Tier 2 — Medium Priority
8U9CA21G,Lajuana Vencill,GTX Plus Basic,GTX,,,,,Prospecting,,0,Unassigned Account,Medium Value,Unengaged (Prospecting),40,Tier 3 — Lower Priority
8V5OCDHN,Cassey Cress,GTX Basic,GTX,,,,,Engaging,2017-09-12,110,Unassigned Account,Low Value,Aging (91-180 days),55,Tier 2 — Medium Priority
8WB5HXOB,Zane Levy,GTX Plus Pro,GTX,,,,,Engaging,2017-05-02,243,Unassigned Account,High Value,Stalled / Critical (> 180 days),70,Tier 2 — Medium Priority
8XE8GGIW,Darcel Schlecht,GTX Pro,GTX,Donquadtech,technology,1712.68,3194.0,Prospecting,,0,Mid-Market,High Value,Unengaged (Prospecting),60,Tier 2 — Medium Priority
8XY5IA68,Rosie Papadopoulos,GTX Pro,GTX,Sonron,telecommunications,1699.85,5108.0,Engaging,2017-09-11,111,Enterprise,High Value,Aging (91-180 days),95,Tier 1 — High Priority
8Y3OMER4,Jonathan Berthelot,GTX Basic,GTX,,,,,Prospecting,,0,Unassigned Account,Low Value,Unengaged (Prospecting),30,Tier 3 — Lower Priority
8Y4LJOJ0,Versie Hillebrand,GTX Plus Basic,GTX,,,,,Engaging,2017-07-24,160,Unassigned Account,Medium Value,Aging (91-180 days),65,Tier 2 — Medium Priority
8YIANRVX,Zane Levy,GTX Pro,GTX,,,,,Engaging,2017-01-29,336,Unassigned Account,High Value,Stalled / Critical (> 180 days),70,Tier 2 — Medium Priority
8Z4ZMS9U,Violet Mclelland,MG Advanced,MG,,,,,Engaging,2017-05-19,226,Unassigned Account,Medium Value,Stalled / Critical (> 180 days),60,Tier 2 — Medium Priority
90G292UY,Jonathan Berthelot,GTX Basic,GTX,,,,,Engaging,2017-07-20,164,Unassigned Account,Low Value,Aging (91-180 days),55,Tier 2 — Medium Priority
90KRHC6T,Jonathan Berthelot,GTX Pro,GTX,,,,,Prospecting,,0,Unassigned Account,High Value,Unengaged (Prospecting),50,Tier 3 — Lower Priority
910NLQ80,Darcel Schlecht,GTX Pro,GTX,,,,,Prospecting,,0,Unassigned Account,High Value,Unengaged (Prospecting),50,Tier 3 — Lower Priority
92G1TO7L,Kary Hendrixson,GTX Basic,GTX,,,,,Engaging,2017-02-15,319,Unassigned Account,Low Value,Stalled / Critical (> 180 days),50,Tier 3 — Lower Priority
94DGJSLN,Jonathan Berthelot,GTX Plus Basic,GTX,,,,,Prospecting,,0,Unassigned Account,Medium Value,Unengaged (Prospecting),40,Tier 3 — Lower Priority
94ZZLWOH,Lajuana Vencill,MG Advanced,MG,,,,,Prospecting,,0,Unassigned Account,Medium Value,Unengaged (Prospecting),40,Tier 3 — Lower Priority
95YT659K,Zane Levy,MG Special,MG,Groovestreet,retail,223.8,299.0,Engaging,2017-09-06,116,Commercial / Small,Low Value,Aging (91-180 days),60,Tier 2 — Medium Priority
961ED0B1,Corliss Cosme,GTX Plus Basic,GTX,,,,,Engaging,2017-06-19,195,Unassigned Account,Medium Value,Stalled / Critical (> 180 days),60,Tier 2 — Medium Priority
96798U7Y,Rosie Papadopoulos,GTX Pro,GTX,,,,,Engaging,2017-06-20,194,Unassigned Account,High Value,Stalled / Critical (> 180 days),70,Tier 2 — Medium Priority
97PFKCPG,James Ascencio,GTX Pro,GTX,,,,,Engaging,2017-03-26,280,Unassigned Account,High Value,Stalled / Critical (> 180 days),70,Tier 2 — Medium Priority
97WEHB4X,Lajuana Vencill,GTX Basic,GTX,,,,,Prospecting,,0,Unassigned Account,Low Value,Unengaged (Prospecting),30,Tier 3 — Lower Priority
988J5AUI,Hayden Neloms,GTX Plus Basic,GTX,,,,,Engaging,2017-08-10,143,Unassigned Account,Medium Value,Aging (91-180 days),65,Tier 2 — Medium Priority
98K99UW9,Rosie Papadopoulos,GTX Plus Pro,GTX,,,,,Engaging,2017-08-06,147,Unassigned Account,High Value,Aging (91-180 days),75,Tier 1 — High Priority
99EA6HXJ,Markita Hansen,GTX Basic,GTX,,,,,Engaging,2017-08-10,143,Unassigned Account,Low Value,Aging (91-180 days),55,Tier 2 — Medium Priority
99YRLZM0,Darcel Schlecht,GTX Pro,GTX,Yearin,retail,2261.05,3851.0,Prospecting,,0,Mid-Market,High Value,Unengaged (Prospecting),60,Tier 2 — Medium Priority
9A4H9IAC,James Ascencio,GTX Plus Basic,GTX,,,,,Engaging,2017-03-07,299,Unassigned Account,Medium Value,Stalled / Critical (> 180 days),60,Tier 2 — Medium Priority
9A9E1KPG,Elease Gluck,GTX Basic,GTX,Genco Pura Olive Oil Company,retail,894.33,1635.0,Engaging,2017-02-08,326,Mid-Market,Low Value,Stalled / Critical (> 180 days),60,Tier 2 — Medium Priority
9AESK6QV,Vicki Laflamme,GTX Basic,GTX,,,,,Engaging,2017-08-07,146,Unassigned Account,Low Value,Aging (91-180 days),55,Tier 2 — Medium Priority
9B20R6A5,Darcel Schlecht,GTX Pro,GTX,,,,,Engaging,2017-08-09,144,Unassigned Account,High Value,Aging (91-180 days),75,Tier 1 — High Priority
9B7FS6YL,Darcel Schlecht,GTX Pro,GTX,Konex,technology,7708.38,13756.0,Engaging,2017-07-27,157,Enterprise,High Value,Aging (91-180 days),95,Tier 1 — High Priority
9BM1CGBV,Cecily Lampkin,MG Special,MG,Sumace,retail,167.89,493.0,Prospecting,,0,Commercial / Small,Low Value,Unengaged (Prospecting),35,Tier 3 — Lower Priority
9C3YHNBY,Gladys Colclough,MG Advanced,MG,,,,,Engaging,2017-08-01,152,Unassigned Account,Medium Value,Aging (91-180 days),65,Tier 2 — Medium Priority
9CPUX0D0,Marty Freudenburg,GTX Pro,GTX,,,,,Engaging,2017-08-13,140,Unassigned Account,High Value,Aging (91-180 days),75,Tier 1 — High Priority
9CYYLZ11,Marty Freudenburg,GTX Basic,GTX,Stanredtax,finance,1698.2,3798.0,Prospecting,,0,Mid-Market,Low Value,Unengaged (Prospecting),40,Tier 3 — Lower Priority
9D43V124,Vicki Laflamme,MG Special,MG,Mathtouch,marketing,3027.46,9516.0,Engaging,2017-08-20,133,Enterprise,Low Value,Aging (91-180 days),75,Tier 1 — High Priority
9DY57A6F,Daniell Hammack,GTX Pro,GTX,,,,,Engaging,2017-09-13,109,Unassigned Account,High Value,Aging (91-180 days),75,Tier 1 — High Priority
9E8A7MQ8,Kary Hendrixson,GTX Plus Pro,GTX,Blackzim,retail,497.11,1588.0,Engaging,2017-02-26,308,Mid-Market,High Value,Stalled / Critical (> 180 days),80,Tier 1 — High Priority
9F9NDO41,Cecily Lampkin,MG Special,MG,,,,,Prospecting,,0,Unassigned Account,Low Value,Unengaged (Prospecting),30,Tier 3 — Lower Priority
9FPDDSIJ,Cassey Cress,GTX Pro,GTX,,,,,Engaging,2017-03-22,284,Unassigned Account,High Value,Stalled / Critical (> 180 days),70,Tier 2 — Medium Priority
9GYIYGHW,Violet Mclelland,MG Advanced,MG,,,,,Engaging,2017-06-06,208,Unassigned Account,Medium Value,Stalled / Critical (> 180 days),60,Tier 2 — Medium Priority
9H2V1F1E,Moses Frase,MG Advanced,MG,Funholding,finance,2819.5,7227.0,Prospecting,,0,Enterprise,Medium Value,Unengaged (Prospecting),60,Tier 2 — Medium Priority
9HA8VBAP,Darcel Schlecht,MG Advanced,MG,Donquadtech,technology,1712.68,3194.0,Prospecting,,0,Mid-Market,Medium Value,Unengaged (Prospecting),50,Tier 3 — Lower Priority
9HFEMESD,Lajuana Vencill,GTX Basic,GTX,,,,,Prospecting,,0,Unassigned Account,Low Value,Unengaged (Prospecting),30,Tier 3 — Lower Priority
9HRMW8SL,Daniell Hammack,MG Special,MG,,,,,Engaging,2017-02-19,315,Unassigned Account,Low Value,Stalled / Critical (> 180 days),50,Tier 3 — Lower Priority
9HYMQL4I,Zane Levy,GTX Basic,GTX,,,,,Engaging,2017-04-26,249,Unassigned Account,Low Value,Stalled / Critical (> 180 days),50,Tier 3 — Lower Priority
9IA34L8S,Vicki Laflamme,GTX Basic,GTX,,,,,Engaging,2016-12-29,367,Unassigned Account,Low Value,Stalled / Critical (> 180 days),50,Tier 3 — Lower Priority
9ILB20UV,Markita Hansen,MG Special,MG,,,,,Engaging,2017-04-05,270,Unassigned Account,Low Value,Stalled / Critical (> 180 days),50,Tier 3 — Lower Priority
9JTFD4FZ,Wilburn Farren,GTX Plus Pro,GTX,,,,,Engaging,2017-09-28,94,Unassigned Account,High Value,Aging (91-180 days),75,Tier 1 — High Priority
9L0WKMJ2,Darcel Schlecht,GTX Basic,GTX,,,,,Prospecting,,0,Unassigned Account,Low Value,Unengaged (Prospecting),30,Tier 3 — Lower Priority
9M72KPA3,Kami Bicknell,GTX Plus Basic,GTX,Bluth Company,technology,1242.32,3027.0,Engaging,2017-07-29,155,Mid-Market,Medium Value,Aging (91-180 days),75,Tier 1 — High Priority
9MIWFW5J,Versie Hillebrand,MG Advanced,MG,,,,,Prospecting,,0,Unassigned Account,Medium Value,Unengaged (Prospecting),40,Tier 3 — Lower Priority
9P180HVQ,Moses Frase,GTX Basic,GTX,Zencorporation,technology,40.79,142.0,Engaging,2017-08-05,148,Commercial / Small,Low Value,Aging (91-180 days),60,Tier 2 — Medium Priority
9P9ISECL,Anna Snelling,GTX Plus Pro,GTX,Sumace,retail,167.89,493.0,Prospecting,,0,Commercial / Small,High Value,Unengaged (Prospecting),55,Tier 2 — Medium Priority
9P9J2ANM,Gladys Colclough,GTX Plus Basic,GTX,,,,,Prospecting,,0,Unassigned Account,Medium Value,Unengaged (Prospecting),40,Tier 3 — Lower Priority
9PDR4X2R,Anna Snelling,GTX Plus Pro,GTX,Hatfan,services,792.46,1299.0,Prospecting,,0,Mid-Market,High Value,Unengaged (Prospecting),60,Tier 2 — Medium Priority
9Q7NSPTF,Cassey Cress,GTX Plus Pro,GTX,,,,,Engaging,2017-07-23,161,Unassigned Account,High Value,Aging (91-180 days),75,Tier 1 — High Priority
9R8AKL0D,Jonathan Berthelot,GTX Pro,GTX,Initech,telecommunications,6395.05,20275.0,Prospecting,,0,Enterprise,High Value,Unengaged (Prospecting),70,Tier 2 — Medium Priority
9RGWSKNU,Gladys Colclough,GTX Plus Pro,GTX,Kan-code,software,11698.03,34288.0,Prospecting,,0,Enterprise,High Value,Unengaged (Prospecting),70,Tier 2 — Medium Priority
9SLINQY5,Markita Hansen,MG Advanced,MG,Newex,services,1012.72,3492.0,Engaging,2017-02-21,313,Mid-Market,Medium Value,Stalled / Critical (> 180 days),70,Tier 2 — Medium Priority
9SRD5NCR,Rosalina Dieter,GTK 500,GTK,,,,,Engaging,2017-07-27,157,Unassigned Account,High Value,Aging (91-180 days),75,Tier 1 — High Priority
9V2SW5MV,Marty Freudenburg,MG Advanced,MG,,,,,Engaging,2017-08-03,150,Unassigned Account,Medium Value,Aging (91-180 days),65,Tier 2 — Medium Priority
9W7PFSNX,Corliss Cosme,GTX Basic,GTX,,,,,Engaging,2017-01-31,334,Unassigned Account,Low Value,Stalled / Critical (> 180 days),50,Tier 3 — Lower Priority
9X2S0K15,Hayden Neloms,MG Advanced,MG,,,,,Engaging,2017-02-27,307,Unassigned Account,Medium Value,Stalled / Critical (> 180 days),60,Tier 2 — Medium Priority
9Y85N0W5,Markita Hansen,MG Advanced,MG,,,,,Engaging,2017-03-22,284,Unassigned Account,Medium Value,Stalled / Critical (> 180 days),60,Tier 2 — Medium Priority
9YLUGU6I,Marty Freudenburg,GTX Pro,GTX,,,,,Prospecting,,0,Unassigned Account,High Value,Unengaged (Prospecting),50,Tier 3 — Lower Priority
9Z2WTTNY,Darcel Schlecht,GTX Plus Basic,GTX,Statholdings,employment,291.27,586.0,Engaging,2017-07-28,156,Commercial / Small,Medium Value,Aging (91-180 days),70,Tier 2 — Medium Priority
A04V2WB3,Elease Gluck,GTK 500,GTK,,,,,Engaging,2017-08-03,150,Unassigned Account,High Value,Aging (91-180 days),75,Tier 1 — High Priority
A194RP0I,Rosalina Dieter,MG Advanced,MG,,,,,Engaging,2016-12-12,384,Unassigned Account,Medium Value,Stalled / Critical (> 180 days),60,Tier 2 — Medium Priority
A1TDRYHZ,Rosie Papadopoulos,MG Advanced,MG,Rangreen,technology,2938.67,8775.0,Engaging,2017-03-18,288,Enterprise,Medium Value,Stalled / Critical (> 180 days),80,Tier 1 — High Priority
A2YIYWNW,Cassey Cress,MG Advanced,MG,,,,,Engaging,2017-08-01,152,Unassigned Account,Medium Value,Aging (91-180 days),65,Tier 2 — Medium Priority
A3T91VUM,Cecily Lampkin,MG Special,MG,,,,,Engaging,2017-07-21,163,Unassigned Account,Low Value,Aging (91-180 days),55,Tier 2 — Medium Priority
A4JROIDO,Vicki Laflamme,MG Special,MG,,,,,Engaging,2017-01-19,346,Unassigned Account,Low Value,Stalled / Critical (> 180 days),50,Tier 3 — Lower Priority
A4M34F8C,Versie Hillebrand,MG Special,MG,,,,,Prospecting,,0,Unassigned Account,Low Value,Unengaged (Prospecting),30,Tier 3 — Lower Priority
A4TA5P1B,Darcel Schlecht,GTX Plus Pro,GTX,,,,,Prospecting,,0,Unassigned Account,High Value,Unengaged (Prospecting),50,Tier 3 — Lower Priority
A5DN7SE1,Versie Hillebrand,MG Special,MG,,,,,Prospecting,,0,Unassigned Account,Low Value,Unengaged (Prospecting),30,Tier 3 — Lower Priority
A5SCVK7E,Corliss Cosme,GTX Plus Pro,GTX,Goodsilron,marketing,2952.73,5107.0,Engaging,2017-09-01,121,Enterprise,High Value,Aging (91-180 days),95,Tier 1 — High Priority
A7OVC1WK,Corliss Cosme,GTX Plus Pro,GTX,,,,,Engaging,2017-09-19,103,Unassigned Account,High Value,Aging (91-180 days),75,Tier 1 — High Priority
A7SA2L21,Elease Gluck,GTK 500,GTK,,,,,Engaging,2017-01-30,335,Unassigned Account,High Value,Stalled / Critical (> 180 days),70,Tier 2 — Medium Priority
A8NDGVJE,Darcel Schlecht,GTX Pro,GTX,,,,,Engaging,2017-08-06,147,Unassigned Account,High Value,Aging (91-180 days),75,Tier 1 — High Priority
A8NXNY0M,Darcel Schlecht,GTX Pro,GTX,Plusstrip,entertainment,349.81,315.0,Prospecting,,0,Commercial / Small,High Value,Unengaged (Prospecting),55,Tier 2 — Medium Priority
A8PVW8RI,Marty Freudenburg,MG Advanced,MG,Condax,medical,4.54,9.0,Prospecting,,0,Commercial / Small,Medium Value,Unengaged (Prospecting),45,Tier 3 — Lower Priority
A8QRKXG3,Vicki Laflamme,GTX Pro,GTX,,,,,Engaging,2017-06-25,189,Unassigned Account,High Value,Stalled / Critical (> 180 days),70,Tier 2 — Medium Priority
A9DGDN56,Darcel Schlecht,GTX Pro,GTX,Zencorporation,technology,40.79,142.0,Prospecting,,0,Commercial / Small,High Value,Unengaged (Prospecting),55,Tier 2 — Medium Priority
A9TEJW6U,Versie Hillebrand,MG Special,MG,,,,,Engaging,2017-08-01,152,Unassigned Account,Low Value,Aging (91-180 days),55,Tier 2 — Medium Priority
AAQ5H36J,Gladys Colclough,MG Advanced,MG,,,,,Prospecting,,0,Unassigned Account,Medium Value,Unengaged (Prospecting),40,Tier 3 — Lower Priority
ABT1TDH1,Moses Frase,GTX Basic,GTX,,,,,Engaging,2017-07-30,154,Unassigned Account,Low Value,Aging (91-180 days),55,Tier 2 — Medium Priority
ACGLK2YE,Moses Frase,GTX Plus Basic,GTX,Treequote,telecommunications,5266.09,8595.0,Engaging,2017-08-05,148,Enterprise,Medium Value,Aging (91-180 days),85,Tier 1 — High Priority
AD2YEH7W,Marty Freudenburg,GTX Plus Pro,GTX,,,,,Engaging,2017-08-06,147,Unassigned Account,High Value,Aging (91-180 days),75,Tier 1 — High Priority
AE3YDLK3,Jonathan Berthelot,GTX Basic,GTX,Xx-zobam,entertainment,3838.39,8274.0,Prospecting,,0,Enterprise,Low Value,Unengaged (Prospecting),50,Tier 3 — Lower Priority
AERVH1AC,Niesha Huffines,GTX Plus Basic,GTX,,,,,Engaging,2017-07-20,164,Unassigned Account,Medium Value,Aging (91-180 days),65,Tier 2 — Medium Priority
AF7XJNED,Rosie Papadopoulos,GTX Plus Pro,GTX,,,,,Engaging,2017-03-16,290,Unassigned Account,High Value,Stalled / Critical (> 180 days),70,Tier 2 — Medium Priority
AF8NG5JC,Cassey Cress,MG Special,MG,Betatech,medical,647.18,1185.0,Engaging,2017-02-08,326,Mid-Market,Low Value,Stalled / Critical (> 180 days),60,Tier 2 — Medium Priority
AI76U58A,Maureen Marcano,GTX Basic,GTX,Treequote,telecommunications,5266.09,8595.0,Engaging,2016-12-25,371,Enterprise,Low Value,Stalled / Critical (> 180 days),70,Tier 2 — Medium Priority
AILB4LIX,Darcel Schlecht,GTX Pro,GTX,,,,,Engaging,2017-08-14,139,Unassigned Account,High Value,Aging (91-180 days),75,Tier 1 — High Priority
AKMV6WN5,Elease Gluck,GTK 500,GTK,,,,,Engaging,2017-04-06,269,Unassigned Account,High Value,Stalled / Critical (> 180 days),70,Tier 2 — Medium Priority
AKTPC3M1,Kami Bicknell,GTX Basic,GTX,,,,,Engaging,2017-03-05,301,Unassigned Account,Low Value,Stalled / Critical (> 180 days),50,Tier 3 — Lower Priority
ALHQU8W8,Corliss Cosme,GTX Basic,GTX,Plexzap,retail,2437.85,4874.0,Engaging,2017-03-20,286,Mid-Market,Low Value,Stalled / Critical (> 180 days),60,Tier 2 — Medium Priority
ALZNZ666,Boris Faz,MG Advanced,MG,Toughzap,retail,332.43,799.0,Engaging,2017-05-14,231,Commercial / Small,Medium Value,Stalled / Critical (> 180 days),65,Tier 2 — Medium Priority
AMNKCM1H,Elease Gluck,MG Special,MG,Betasoloin,medical,251.41,495.0,Engaging,2017-02-17,317,Commercial / Small,Low Value,Stalled / Critical (> 180 days),55,Tier 2 — Medium Priority
AMP2GT6F,Maureen Marcano,GTX Pro,GTX,,,,,Engaging,2017-08-14,139,Unassigned Account,High Value,Aging (91-180 days),75,Tier 1 — High Priority
ANRCHVJM,Violet Mclelland,MG Special,MG,Plusstrip,entertainment,349.81,315.0,Engaging,2017-04-15,260,Commercial / Small,Low Value,Stalled / Critical (> 180 days),55,Tier 2 — Medium Priority
AP74NF6M,Marty Freudenburg,MG Advanced,MG,Iselectrics,technology,527.11,1428.0,Prospecting,,0,Mid-Market,Medium Value,Unengaged (Prospecting),50,Tier 3 — Lower Priority
APIB681L,Darcel Schlecht,GTX Basic,GTX,,,,,Engaging,2017-07-25,159,Unassigned Account,Low Value,Aging (91-180 days),55,Tier 2 — Medium Priority
APXWBOOT,Darcel Schlecht,MG Special,MG,,,,,Prospecting,,0,Unassigned Account,Low Value,Unengaged (Prospecting),30,Tier 3 — Lower Priority
AR33M33M,Hayden Neloms,GTX Plus Basic,GTX,,,,,Engaging,2017-07-01,183,Unassigned Account,Medium Value,Stalled / Critical (> 180 days),60,Tier 2 — Medium Priority
ARBTXSEH,Jonathan Berthelot,GTX Plus Basic,GTX,Globex Corporation,technology,1223.72,2497.0,Prospecting,,0,Mid-Market,Medium Value,Unengaged (Prospecting),50,Tier 3 — Lower Priority
ASDR6QEZ,Anna Snelling,MG Special,MG,,,,,Prospecting,,0,Unassigned Account,Low Value,Unengaged (Prospecting),30,Tier 3 — Lower Priority
ASZNII2J,Elease Gluck,MG Special,MG,,,,,Engaging,2017-09-01,121,Unassigned Account,Low Value,Aging (91-180 days),55,Tier 2 — Medium Priority
ATMWAQL5,Niesha Huffines,GTX Plus Basic,GTX,Gogozoom,telecommunications,86.68,187.0,Engaging,2017-08-03,150,Commercial / Small,Medium Value,Aging (91-180 days),70,Tier 2 — Medium Priority
ATOYVLLB,Gladys Colclough,GTX Basic,GTX,,,,,Prospecting,,0,Unassigned Account,Low Value,Unengaged (Prospecting),30,Tier 3 — Lower Priority
AV50UWVV,Versie Hillebrand,MG Special,MG,,,,,Prospecting,,0,Unassigned Account,Low Value,Unengaged (Prospecting),30,Tier 3 — Lower Priority
AV72Y65Y,Cecily Lampkin,MG Special,MG,Streethex,retail,1376.8,1165.0,Engaging,2017-08-06,147,Mid-Market,Low Value,Aging (91-180 days),65,Tier 2 — Medium Priority
AW4PSTWR,Rosie Papadopoulos,GTX Basic,GTX,Ron-tech,medical,3922.42,6837.0,Engaging,2017-06-25,189,Enterprise,Low Value,Stalled / Critical (> 180 days),70,Tier 2 — Medium Priority
AWCGYWTE,Moses Frase,MG Special,MG,Kinnamplus,retail,702.72,1831.0,Engaging,2017-07-22,162,Mid-Market,Low Value,Aging (91-180 days),65,Tier 2 — Medium Priority
AWORM94L,Cassey Cress,GTX Basic,GTX,,,,,Engaging,2017-07-05,179,Unassigned Account,Low Value,Aging (91-180 days),55,Tier 2 — Medium Priority
AY3KTIXX,James Ascencio,GTX Plus Pro,GTX,Cheers,entertainment,4269.9,6472.0,Engaging,2017-06-08,206,Enterprise,High Value,Stalled / Critical (> 180 days),90,Tier 1 — High Priority
AZN2K0V9,Anna Snelling,MG Advanced,MG,Ganjaflex,retail,5158.71,17479.0,Engaging,2017-08-03,150,Enterprise,Medium Value,Aging (91-180 days),85,Tier 1 — High Priority
B00UMAV4,Kami Bicknell,MG Advanced,MG,Gogozoom,telecommunications,86.68,187.0,Engaging,2016-12-26,370,Commercial / Small,Medium Value,Stalled / Critical (> 180 days),65,Tier 2 — Medium Priority
B06D1F9M,Vicki Laflamme,GTX Pro,GTX,Faxquote,telecommunications,1825.82,5595.0,Engaging,2017-02-13,321,Enterprise,High Value,Stalled / Critical (> 180 days),90,Tier 1 — High Priority
B08R55ET,Anna Snelling,MG Special,MG,,,,,Engaging,2017-08-15,138,Unassigned Account,Low Value,Aging (91-180 days),55,Tier 2 — Medium Priority
B1ZN2CFP,Anna Snelling,MG Advanced,MG,,,,,Engaging,2017-07-29,155,Unassigned Account,Medium Value,Aging (91-180 days),65,Tier 2 — Medium Priority
B26TNOGQ,Jonathan Berthelot,GTX Plus Pro,GTX,Silis,medical,2818.38,6290.0,Prospecting,,0,Enterprise,High Value,Unengaged (Prospecting),70,Tier 2 — Medium Priority
B2FSFXKA,Markita Hansen,MG Special,MG,,,,,Engaging,2017-10-19,73,Unassigned Account,Low Value,Recent (<= 90 days),60,Tier 2 — Medium Priority
B2YZJ212,Jonathan Berthelot,GTX Plus Basic,GTX,,,,,Prospecting,,0,Unassigned Account,Medium Value,Unengaged (Prospecting),40,Tier 3 — Lower Priority
B3A6VXVQ,Corliss Cosme,GTX Basic,GTX,Acme Corporation,technology,1100.04,2822.0,Engaging,2017-07-08,176,Mid-Market,Low Value,Aging (91-180 days),65,Tier 2 — Medium Priority
B4SIVH1O,Daniell Hammack,GTX Basic,GTX,Fasehatice,retail,4968.91,7523.0,Engaging,2017-02-22,312,Enterprise,Low Value,Stalled / Critical (> 180 days),70,Tier 2 — Medium Priority
B5A1BERF,Kami Bicknell,GTX Pro,GTX,Umbrella Corporation,finance,2022.14,5113.0,Engaging,2017-02-07,327,Enterprise,High Value,Stalled / Critical (> 180 days),90,Tier 1 — High Priority
B5H6M7AP,Marty Freudenburg,GTX Pro,GTX,,,,,Prospecting,,0,Unassigned Account,High Value,Unengaged (Prospecting),50,Tier 3 — Lower Priority
B6Z5NFV0,Wilburn Farren,MG Advanced,MG,,,,,Engaging,2017-06-20,194,Unassigned Account,Medium Value,Stalled / Critical (> 180 days),60,Tier 2 — Medium Priority
B7KZYEII,Gladys Colclough,GTX Plus Pro,GTX,,,,,Prospecting,,0,Unassigned Account,High Value,Unengaged (Prospecting),50,Tier 3 — Lower Priority
B96E3BBD,Vicki Laflamme,GTX Basic,GTX,,,,,Engaging,2017-08-12,141,Unassigned Account,Low Value,Aging (91-180 days),55,Tier 2 — Medium Priority
BB1PRS3T,Moses Frase,MG Advanced,MG,,,,,Engaging,2017-07-26,158,Unassigned Account,Medium Value,Aging (91-180 days),65,Tier 2 — Medium Priority
BBOWBQA6,Niesha Huffines,GTX Plus Pro,GTX,Blackzim,retail,497.11,1588.0,Engaging,2017-07-20,164,Mid-Market,High Value,Aging (91-180 days),85,Tier 1 — High Priority
BBV196A3,Darcel Schlecht,GTX Pro,GTX,,,,,Prospecting,,0,Unassigned Account,High Value,Unengaged (Prospecting),50,Tier 3 — Lower Priority
BCA6Y34B,Rosie Papadopoulos,MG Advanced,MG,,,,,Engaging,2017-07-01,183,Unassigned Account,Medium Value,Stalled / Critical (> 180 days),60,Tier 2 — Medium Priority
BDUNPUWY,Boris Faz,GTX Plus Basic,GTX,,,,,Engaging,2017-04-25,250,Unassigned Account,Medium Value,Stalled / Critical (> 180 days),60,Tier 2 — Medium Priority
BED55OSG,Markita Hansen,GTX Pro,GTX,,,,,Engaging,2017-04-02,273,Unassigned Account,High Value,Stalled / Critical (> 180 days),70,Tier 2 — Medium Priority
BEDNZXVE,Jonathan Berthelot,GTX Basic,GTX,,,,,Engaging,2017-07-25,159,Unassigned Account,Low Value,Aging (91-180 days),55,Tier 2 — Medium Priority
BFGASJAW,Kary Hendrixson,GTX Basic,GTX,,,,,Engaging,2017-03-10,296,Unassigned Account,Low Value,Stalled / Critical (> 180 days),50,Tier 3 — Lower Priority
BG0BLC6S,Anna Snelling,MG Advanced,MG,Fasehatice,retail,4968.91,7523.0,Prospecting,,0,Enterprise,Medium Value,Unengaged (Prospecting),60,Tier 2 — Medium Priority
BHHDOY2E,Kary Hendrixson,MG Advanced,MG,,,,,Engaging,2017-04-07,268,Unassigned Account,Medium Value,Stalled / Critical (> 180 days),60,Tier 2 — Medium Priority
BIN9U8D9,Moses Frase,MG Advanced,MG,,,,,Prospecting,,0,Unassigned Account,Medium Value,Unengaged (Prospecting),40,Tier 3 — Lower Priority
BJE7KCZ1,Gladys Colclough,GTX Pro,GTX,Genco Pura Olive Oil Company,retail,894.33,1635.0,Prospecting,,0,Mid-Market,High Value,Unengaged (Prospecting),60,Tier 2 — Medium Priority
BJH89YWM,Jonathan Berthelot,GTX Basic,GTX,,,,,Engaging,2017-08-09,144,Unassigned Account,Low Value,Aging (91-180 days),55,Tier 2 — Medium Priority
BJJQSJD8,Daniell Hammack,GTX Plus Basic,GTX,Zotware,software,4478.47,13809.0,Engaging,2017-06-09,205,Enterprise,Medium Value,Stalled / Critical (> 180 days),80,Tier 1 — High Priority
BJO24Z5A,Cassey Cress,GTX Plus Basic,GTX,,,,,Engaging,2017-05-14,231,Unassigned Account,Medium Value,Stalled / Critical (> 180 days),60,Tier 2 — Medium Priority
BJO4VYLK,Daniell Hammack,GTX Pro,GTX,,,,,Engaging,2017-06-21,193,Unassigned Account,High Value,Stalled / Critical (> 180 days),70,Tier 2 — Medium Priority
BJOY31DL,Violet Mclelland,MG Special,MG,Betasoloin,medical,251.41,495.0,Engaging,2017-06-23,191,Commercial / Small,Low Value,Stalled / Critical (> 180 days),55,Tier 2 — Medium Priority
BKI3OLP8,Marty Freudenburg,MG Advanced,MG,,,,,Prospecting,,0,Unassigned Account,Medium Value,Unengaged (Prospecting),40,Tier 3 — Lower Priority
BKOWQMMV,Moses Frase,GTX Basic,GTX,,,,,Engaging,2017-07-19,165,Unassigned Account,Low Value,Aging (91-180 days),55,Tier 2 — Medium Priority
BMH2FEGF,Boris Faz,GTX Plus Basic,GTX,,,,,Engaging,2017-06-30,184,Unassigned Account,Medium Value,Stalled / Critical (> 180 days),60,Tier 2 — Medium Priority
BNY8MJ6L,Kary Hendrixson,GTX Basic,GTX,Labdrill,medical,2741.37,9226.0,Engaging,2017-02-16,318,Enterprise,Low Value,Stalled / Critical (> 180 days),70,Tier 2 — Medium Priority
BO1ZOZG2,Kary Hendrixson,GTX Plus Basic,GTX,Ontomedia,employment,882.12,2769.0,Engaging,2017-05-28,217,Mid-Market,Medium Value,Stalled / Critical (> 180 days),70,Tier 2 — Medium Priority
BPOTQCFG,Elease Gluck,MG Special,MG,,,,,Engaging,2017-04-04,271,Unassigned Account,Low Value,Stalled / Critical (> 180 days),50,Tier 3 — Lower Priority
BRDB1I76,Gladys Colclough,MG Special,MG,,,,,Engaging,2017-07-26,158,Unassigned Account,Low Value,Aging (91-180 days),55,Tier 2 — Medium Priority
BREOLQD9,Boris Faz,MG Advanced,MG,,,,,Engaging,2017-11-16,45,Unassigned Account,Medium Value,Recent (<= 90 days),70,Tier 2 — Medium Priority
BRFHWGVC,Kary Hendrixson,GTX Plus Basic,GTX,,,,,Engaging,2017-05-19,226,Unassigned Account,Medium Value,Stalled / Critical (> 180 days),60,Tier 2 — Medium Priority
BRFZCNMP,Corliss Cosme,GTX Plus Basic,GTX,,,,,Engaging,2017-07-06,178,Unassigned Account,Medium Value,Aging (91-180 days),65,Tier 2 — Medium Priority
BSKNQJOJ,Darcel Schlecht,GTX Pro,GTX,,,,,Engaging,2017-08-01,152,Unassigned Account,High Value,Aging (91-180 days),75,Tier 1 — High Priority
BTDY3DHP,Gladys Colclough,GTX Plus Pro,GTX,Vehement Capital Partners,finance,646.1,883.0,Prospecting,,0,Mid-Market,High Value,Unengaged (Prospecting),60,Tier 2 — Medium Priority
BTH2O9OF,Marty Freudenburg,MG Special,MG,,,,,Prospecting,,0,Unassigned Account,Low Value,Unengaged (Prospecting),30,Tier 3 — Lower Priority
BTRIUUWG,Rosie Papadopoulos,GTX Basic,GTX,,,,,Engaging,2017-05-16,229,Unassigned Account,Low Value,Stalled / Critical (> 180 days),50,Tier 3 — Lower Priority
BTT6YAVZ,Zane Levy,GTX Plus Basic,GTX,Green-Plus,services,692.19,1922.0,Engaging,2017-01-01,364,Mid-Market,Medium Value,Stalled / Critical (> 180 days),70,Tier 2 — Medium Priority
BTUG5VDL,Corliss Cosme,GTX Pro,GTX,Inity,marketing,2403.58,8801.0,Engaging,2017-01-15,350,Enterprise,High Value,Stalled / Critical (> 180 days),90,Tier 1 — High Priority
BUOI3TBI,Gladys Colclough,MG Special,MG,Rundofase,technology,1008.06,1238.0,Prospecting,,0,Mid-Market,Low Value,Unengaged (Prospecting),40,Tier 3 — Lower Priority
BV75OM0B,Darcel Schlecht,GTX Pro,GTX,Rundofase,technology,1008.06,1238.0,Prospecting,,0,Mid-Market,High Value,Unengaged (Prospecting),60,Tier 2 — Medium Priority
BVRUBA3A,Marty Freudenburg,GTX Plus Pro,GTX,,,,,Prospecting,,0,Unassigned Account,High Value,Unengaged (Prospecting),50,Tier 3 — Lower Priority
BW0NOLCK,Marty Freudenburg,GTX Basic,GTX,,,,,Prospecting,,0,Unassigned Account,Low Value,Unengaged (Prospecting),30,Tier 3 — Lower Priority
BXK5HGEY,Vicki Laflamme,MG Special,MG,,,,,Engaging,2017-03-28,278,Unassigned Account,Low Value,Stalled / Critical (> 180 days),50,Tier 3 — Lower Priority
BY2L60V1,Zane Levy,MG Special,MG,,,,,Engaging,2017-03-11,295,Unassigned Account,Low Value,Stalled / Critical (> 180 days),50,Tier 3 — Lower Priority
BYF6ABTZ,Kary Hendrixson,GTX Plus Pro,GTX,Opentech,finance,355.23,853.0,Engaging,2017-04-18,257,Commercial / Small,High Value,Stalled / Critical (> 180 days),75,Tier 1 — High Priority
BZ96Z7AI,Marty Freudenburg,GTX Plus Basic,GTX,,,,,Prospecting,,0,Unassigned Account,Medium Value,Unengaged (Prospecting),40,Tier 3 — Lower Priority
BZGJ44FH,Kami Bicknell,GTX Pro,GTX,,,,,Engaging,2017-10-19,73,Unassigned Account,High Value,Recent (<= 90 days),80,Tier 1 — High Priority
C2FSIMZP,Corliss Cosme,GTX Pro,GTX,,,,,Engaging,2017-11-07,54,Unassigned Account,High Value,Recent (<= 90 days),80,Tier 1 — High Priority
C32E4E1D,Kami Bicknell,MG Special,MG,,,,,Engaging,2017-04-20,255,Unassigned Account,Low Value,Stalled / Critical (> 180 days),50,Tier 3 — Lower Priority
C51GWGUE,Daniell Hammack,GTX Plus Basic,GTX,,,,,Engaging,2017-09-29,93,Unassigned Account,Medium Value,Aging (91-180 days),65,Tier 2 — Medium Priority
C54CWZIT,Jonathan Berthelot,GTX Basic,GTX,Zencorporation,technology,40.79,142.0,Prospecting,,0,Commercial / Small,Low Value,Unengaged (Prospecting),35,Tier 3 — Lower Priority
C5B5WBY9,Versie Hillebrand,GTX Plus Basic,GTX,Sumace,retail,167.89,493.0,Prospecting,,0,Commercial / Small,Medium Value,Unengaged (Prospecting),45,Tier 3 — Lower Priority
C6TQMD3C,Vicki Laflamme,GTX Plus Pro,GTX,,,,,Engaging,2017-06-07,207,Unassigned Account,High Value,Stalled / Critical (> 180 days),70,Tier 2 — Medium Priority
C7ODMOS2,Zane Levy,MG Advanced,MG,,,,,Engaging,2017-06-13,201,Unassigned Account,Medium Value,Stalled / Critical (> 180 days),60,Tier 2 — Medium Priority
C8TV7R8A,Kary Hendrixson,GTX Pro,GTX,,,,,Engaging,2016-12-26,370,Unassigned Account,High Value,Stalled / Critical (> 180 days),70,Tier 2 — Medium Priority
C9330YF1,Markita Hansen,GTX Basic,GTX,Blackzim,retail,497.11,1588.0,Engaging,2017-04-17,258,Mid-Market,Low Value,Stalled / Critical (> 180 days),60,Tier 2 — Medium Priority
CAONNFXN,Darcel Schlecht,GTX Basic,GTX,Kinnamplus,retail,702.72,1831.0,Prospecting,,0,Mid-Market,Low Value,Unengaged (Prospecting),40,Tier 3 — Lower Priority
CBQRKYZP,Marty Freudenburg,GTX Plus Pro,GTX,Silis,medical,2818.38,6290.0,Engaging,2017-07-21,163,Enterprise,High Value,Aging (91-180 days),95,Tier 1 — High Priority
CC70D9SD,Marty Freudenburg,GTX Plus Pro,GTX,,,,,Prospecting,,0,Unassigned Account,High Value,Unengaged (Prospecting),50,Tier 3 — Lower Priority
CCLIVXMG,Elease Gluck,GTX Pro,GTX,,,,,Engaging,2017-07-19,165,Unassigned Account,High Value,Aging (91-180 days),75,Tier 1 — High Priority
CDVDL9I5,Jonathan Berthelot,GTX Plus Basic,GTX,,,,,Engaging,2017-07-20,164,Unassigned Account,Medium Value,Aging (91-180 days),65,Tier 2 — Medium Priority
CEEJ2EN5,Violet Mclelland,GTX Plus Basic,GTX,,,,,Engaging,2017-04-25,250,Unassigned Account,Medium Value,Stalled / Critical (> 180 days),60,Tier 2 — Medium Priority
CENVLTFH,Corliss Cosme,GTX Plus Basic,GTX,Toughzap,retail,332.43,799.0,Engaging,2017-01-28,337,Commercial / Small,Medium Value,Stalled / Critical (> 180 days),65,Tier 2 — Medium Priority
CFI2GXN1,Boris Faz,GTX Pro,GTX,,,,,Engaging,2017-07-07,177,Unassigned Account,High Value,Aging (91-180 days),75,Tier 1 — High Priority
CFKXEPFN,Anna Snelling,GTX Plus Basic,GTX,,,,,Engaging,2017-08-01,152,Unassigned Account,Medium Value,Aging (91-180 days),65,Tier 2 — Medium Priority
CG9VXPV1,Zane Levy,GTX Basic,GTX,,,,,Engaging,2017-02-19,315,Unassigned Account,Low Value,Stalled / Critical (> 180 days),50,Tier 3 — Lower Priority
CGFLLZZI,Kary Hendrixson,MG Special,MG,,,,,Engaging,2017-07-25,159,Unassigned Account,Low Value,Aging (91-180 days),55,Tier 2 — Medium Priority
CGJ7NRZH,Violet Mclelland,MG Special,MG,,,,,Engaging,2017-02-12,322,Unassigned Account,Low Value,Stalled / Critical (> 180 days),50,Tier 3 — Lower Priority
CGRMC7OE,Jonathan Berthelot,MG Advanced,MG,,,,,Prospecting,,0,Unassigned Account,Medium Value,Unengaged (Prospecting),40,Tier 3 — Lower Priority
CGWJ1WHI,Wilburn Farren,MG Special,MG,,,,,Engaging,2017-01-04,361,Unassigned Account,Low Value,Stalled / Critical (> 180 days),50,Tier 3 — Lower Priority
CI9S6CST,Rosalina Dieter,MG Special,MG,,,,,Engaging,2017-07-15,169,Unassigned Account,Low Value,Aging (91-180 days),55,Tier 2 — Medium Priority
CJ2ON1LV,Corliss Cosme,GTX Pro,GTX,Nam-zim,services,405.59,1179.0,Engaging,2017-01-11,354,Mid-Market,High Value,Stalled / Critical (> 180 days),80,Tier 1 — High Priority
CLPDG9BG,Moses Frase,MG Special,MG,Yearin,retail,2261.05,3851.0,Prospecting,,0,Mid-Market,Low Value,Unengaged (Prospecting),40,Tier 3 — Lower Priority
CLRPASVW,Kami Bicknell,GTX Basic,GTX,Cancity,retail,718.62,2448.0,Engaging,2017-08-08,145,Mid-Market,Low Value,Aging (91-180 days),65,Tier 2 — Medium Priority
CMKXOOJQ,Corliss Cosme,GTX Basic,GTX,,,,,Engaging,2017-02-24,310,Unassigned Account,Low Value,Stalled / Critical (> 180 days),50,Tier 3 — Lower Priority
CMS1HUGL,Cassey Cress,MG Advanced,MG,,,,,Engaging,2017-03-25,281,Unassigned Account,Medium Value,Stalled / Critical (> 180 days),60,Tier 2 — Medium Priority
CMW6IQJI,Niesha Huffines,MG Advanced,MG,Faxquote,telecommunications,1825.82,5595.0,Engaging,2017-07-25,159,Enterprise,Medium Value,Aging (91-180 days),85,Tier 1 — High Priority
CN8X0DLA,Daniell Hammack,GTX Plus Basic,GTX,Stanredtax,finance,1698.2,3798.0,Engaging,2017-08-24,129,Mid-Market,Medium Value,Aging (91-180 days),75,Tier 1 — High Priority
CNM0H9FR,Zane Levy,GTX Basic,GTX,,,,,Engaging,2016-12-02,394,Unassigned Account,Low Value,Stalled / Critical (> 180 days),50,Tier 3 — Lower Priority
COGXUYLL,Marty Freudenburg,MG Special,MG,Doncon,technology,587.72,1501.0,Prospecting,,0,Mid-Market,Low Value,Unengaged (Prospecting),40,Tier 3 — Lower Priority
COM9RNBL,Markita Hansen,MG Special,MG,,,,,Engaging,2017-04-14,261,Unassigned Account,Low Value,Stalled / Critical (> 180 days),50,Tier 3 — Lower Priority
COSC7XVA,Gladys Colclough,MG Advanced,MG,,,,,Engaging,2017-07-21,163,Unassigned Account,Medium Value,Aging (91-180 days),65,Tier 2 — Medium Priority
CPEYUW7V,Darcel Schlecht,GTX Basic,GTX,,,,,Prospecting,,0,Unassigned Account,Low Value,Unengaged (Prospecting),30,Tier 3 — Lower Priority
CPOA6FVA,Lajuana Vencill,GTX Basic,GTX,,,,,Engaging,2017-08-04,149,Unassigned Account,Low Value,Aging (91-180 days),55,Tier 2 — Medium Priority
CQYAMIQ3,Zane Levy,GTX Pro,GTX,,,,,Engaging,2017-07-09,175,Unassigned Account,High Value,Aging (91-180 days),75,Tier 1 — High Priority
CR6ZLEWC,Kary Hendrixson,GTX Plus Pro,GTX,,,,,Engaging,2017-03-24,282,Unassigned Account,High Value,Stalled / Critical (> 180 days),70,Tier 2 — Medium Priority
CT3HBBI2,Elease Gluck,MG Special,MG,Mathtouch,marketing,3027.46,9516.0,Engaging,2017-01-15,350,Enterprise,Low Value,Stalled / Critical (> 180 days),70,Tier 2 — Medium Priority
CTWSDG4U,Corliss Cosme,GTX Basic,GTX,,,,,Engaging,2017-04-19,256,Unassigned Account,Low Value,Stalled / Critical (> 180 days),50,Tier 3 — Lower Priority
CUSWE9PB,Darcel Schlecht,GTX Pro,GTX,,,,,Engaging,2017-07-25,159,Unassigned Account,High Value,Aging (91-180 days),75,Tier 1 — High Priority
CUV49MUR,Violet Mclelland,GTX Pro,GTX,Zathunicon,retail,71.12,144.0,Engaging,2017-06-02,212,Commercial / Small,High Value,Stalled / Critical (> 180 days),75,Tier 1 — High Priority
CUZDYOOO,Darcel Schlecht,GTX Basic,GTX,,,,,Engaging,2017-07-30,154,Unassigned Account,Low Value,Aging (91-180 days),55,Tier 2 — Medium Priority
CVFUMOK9,Corliss Cosme,GTX Plus Pro,GTX,Rangreen,technology,2938.67,8775.0,Engaging,2017-04-12,263,Enterprise,High Value,Stalled / Critical (> 180 days),90,Tier 1 — High Priority
CVMNBKGH,Darcel Schlecht,GTX Plus Pro,GTX,Hatfan,services,792.46,1299.0,Prospecting,,0,Mid-Market,High Value,Unengaged (Prospecting),60,Tier 2 — Medium Priority
CWXHKUV5,Versie Hillebrand,MG Special,MG,,,,,Engaging,2017-08-02,151,Unassigned Account,Low Value,Aging (91-180 days),55,Tier 2 — Medium Priority
CX0SXNCN,Corliss Cosme,GTX Basic,GTX,Treequote,telecommunications,5266.09,8595.0,Engaging,2017-05-21,224,Enterprise,Low Value,Stalled / Critical (> 180 days),70,Tier 2 — Medium Priority
CX4ZLSDW,Wilburn Farren,MG Special,MG,,,,,Engaging,2017-05-18,227,Unassigned Account,Low Value,Stalled / Critical (> 180 days),50,Tier 3 — Lower Priority
CY7C3ZPJ,Markita Hansen,MG Advanced,MG,,,,,Engaging,2017-04-23,252,Unassigned Account,Medium Value,Stalled / Critical (> 180 days),60,Tier 2 — Medium Priority
CYB0NUCJ,Cassey Cress,MG Special,MG,,,,,Engaging,2017-05-23,222,Unassigned Account,Low Value,Stalled / Critical (> 180 days),50,Tier 3 — Lower Priority
CYV6MJL9,Hayden Neloms,MG Advanced,MG,,,,,Engaging,2017-08-14,139,Unassigned Account,Medium Value,Aging (91-180 days),65,Tier 2 — Medium Priority
CYWZJ2AI,Kary Hendrixson,GTX Plus Basic,GTX,Donquadtech,technology,1712.68,3194.0,Engaging,2017-02-20,314,Mid-Market,Medium Value,Stalled / Critical (> 180 days),70,Tier 2 — Medium Priority
CZ8PPZTC,Rosie Papadopoulos,MG Special,MG,Bioplex,medical,326.82,1016.0,Engaging,2017-03-05,301,Mid-Market,Low Value,Stalled / Critical (> 180 days),60,Tier 2 — Medium Priority
D00AN5HY,Jonathan Berthelot,GTX Basic,GTX,,,,,Prospecting,,0,Unassigned Account,Low Value,Unengaged (Prospecting),30,Tier 3 — Lower Priority
D00KRY2S,Marty Freudenburg,GTX Basic,GTX,,,,,Prospecting,,0,Unassigned Account,Low Value,Unengaged (Prospecting),30,Tier 3 — Lower Priority
D01U08PR,Darcel Schlecht,GTX Pro,GTX,Zumgoity,medical,441.08,1210.0,Prospecting,,0,Mid-Market,High Value,Unengaged (Prospecting),60,Tier 2 — Medium Priority
D17T8PTH,Vicki Laflamme,GTX Basic,GTX,,,,,Engaging,2017-06-08,206,Unassigned Account,Low Value,Stalled / Critical (> 180 days),50,Tier 3 — Lower Priority
D193SPY4,Violet Mclelland,MG Special,MG,Plussunin,retail,1419.98,4018.0,Engaging,2017-07-08,176,Mid-Market,Low Value,Aging (91-180 days),65,Tier 2 — Medium Priority
D2QPN9LN,Lajuana Vencill,GTX Basic,GTX,,,,,Engaging,2017-07-23,161,Unassigned Account,Low Value,Aging (91-180 days),55,Tier 2 — Medium Priority
D382N39B,Anna Snelling,MG Advanced,MG,,,,,Prospecting,,0,Unassigned Account,Medium Value,Unengaged (Prospecting),40,Tier 3 — Lower Priority
D3ZC338T,Zane Levy,GTX Basic,GTX,,,,,Engaging,2017-03-02,304,Unassigned Account,Low Value,Stalled / Critical (> 180 days),50,Tier 3 — Lower Priority
D3ZJX20X,Anna Snelling,MG Special,MG,,,,,Prospecting,,0,Unassigned Account,Low Value,Unengaged (Prospecting),30,Tier 3 — Lower Priority
D45LXDPW,Niesha Huffines,GTX Plus Basic,GTX,,,,,Prospecting,,0,Unassigned Account,Medium Value,Unengaged (Prospecting),40,Tier 3 — Lower Priority
D55HTKRU,Kary Hendrixson,GTX Pro,GTX,Newex,services,1012.72,3492.0,Engaging,2017-11-24,37,Mid-Market,High Value,Recent (<= 90 days),90,Tier 1 — High Priority
D5VY17OP,Kami Bicknell,GTX Pro,GTX,,,,,Engaging,2017-04-02,273,Unassigned Account,High Value,Stalled / Critical (> 180 days),70,Tier 2 — Medium Priority
D62905BC,Maureen Marcano,GTX Plus Pro,GTX,,,,,Engaging,2017-04-04,271,Unassigned Account,High Value,Stalled / Critical (> 180 days),70,Tier 2 — Medium Priority
D6YEYMJC,Moses Frase,MG Advanced,MG,,,,,Prospecting,,0,Unassigned Account,Medium Value,Unengaged (Prospecting),40,Tier 3 — Lower Priority
D85PDC6S,James Ascencio,GTX Plus Pro,GTX,,,,,Engaging,2017-05-18,227,Unassigned Account,High Value,Stalled / Critical (> 180 days),70,Tier 2 — Medium Priority
D8ZJ6F45,Gladys Colclough,MG Special,MG,Yearin,retail,2261.05,3851.0,Prospecting,,0,Mid-Market,Low Value,Unengaged (Prospecting),40,Tier 3 — Lower Priority
D95K3R9N,Darcel Schlecht,GTX Pro,GTX,,,,,Prospecting,,0,Unassigned Account,High Value,Unengaged (Prospecting),50,Tier 3 — Lower Priority
D9MZMDOL,Vicki Laflamme,MG Special,MG,Zumgoity,medical,441.08,1210.0,Engaging,2017-09-20,102,Mid-Market,Low Value,Aging (91-180 days),65,Tier 2 — Medium Priority
D9NLFAEG,Niesha Huffines,GTX Basic,GTX,,,,,Engaging,2017-07-30,154,Unassigned Account,Low Value,Aging (91-180 days),55,Tier 2 — Medium Priority
DAAHNY6T,Anna Snelling,MG Special,MG,,,,,Engaging,2017-08-05,148,Unassigned Account,Low Value,Aging (91-180 days),55,Tier 2 — Medium Priority
DB801ISB,Elease Gluck,MG Special,MG,,,,,Engaging,2017-12-22,9,Unassigned Account,Low Value,Recent (<= 90 days),60,Tier 2 — Medium Priority
DC2JL47C,Daniell Hammack,GTX Pro,GTX,Dontechi,software,4618.0,10083.0,Engaging,2017-05-27,218,Enterprise,High Value,Stalled / Critical (> 180 days),90,Tier 1 — High Priority
DDHNCZMO,Niesha Huffines,GTX Plus Pro,GTX,Konex,technology,7708.38,13756.0,Prospecting,,0,Enterprise,High Value,Unengaged (Prospecting),70,Tier 2 — Medium Priority
DEHQTB8B,Boris Faz,MG Special,MG,Kinnamplus,retail,702.72,1831.0,Engaging,2017-03-01,305,Mid-Market,Low Value,Stalled / Critical (> 180 days),60,Tier 2 — Medium Priority
DF1011UT,Corliss Cosme,GTX Plus Basic,GTX,Konmatfix,marketing,375.43,1190.0,Engaging,2017-03-17,289,Mid-Market,Medium Value,Stalled / Critical (> 180 days),70,Tier 2 — Medium Priority
DFFEQ87N,Maureen Marcano,MG Special,MG,Scottech,marketing,45.39,100.0,Engaging,2017-03-28,278,Commercial / Small,Low Value,Stalled / Critical (> 180 days),55,Tier 2 — Medium Priority
DFSFEADV,Lajuana Vencill,GTX Basic,GTX,,,,,Engaging,2017-08-13,140,Unassigned Account,Low Value,Aging (91-180 days),55,Tier 2 — Medium Priority
DGI6CB5K,Versie Hillebrand,MG Special,MG,,,,,Prospecting,,0,Unassigned Account,Low Value,Unengaged (Prospecting),30,Tier 3 — Lower Priority
DIGG7U6M,Darcel Schlecht,GTX Pro,GTX,,,,,Prospecting,,0,Unassigned Account,High Value,Unengaged (Prospecting),50,Tier 3 — Lower Priority
DJDJ5A58,Jonathan Berthelot,GTX Basic,GTX,,,,,Prospecting,,0,Unassigned Account,Low Value,Unengaged (Prospecting),30,Tier 3 — Lower Priority
DJFMG9QI,Moses Frase,MG Special,MG,Plusstrip,entertainment,349.81,315.0,Engaging,2017-07-30,154,Commercial / Small,Low Value,Aging (91-180 days),60,Tier 2 — Medium Priority
DJH67UIZ,Violet Mclelland,MG Special,MG,,,,,Engaging,2017-03-17,289,Unassigned Account,Low Value,Stalled / Critical (> 180 days),50,Tier 3 — Lower Priority
DJMPI9TO,Elease Gluck,GTK 500,GTK,Xx-zobam,entertainment,3838.39,8274.0,Engaging,2017-04-18,257,Enterprise,High Value,Stalled / Critical (> 180 days),90,Tier 1 — High Priority
DMG5EOFC,Violet Mclelland,MG Advanced,MG,Lexiqvolax,medical,1618.89,3889.0,Engaging,2017-07-19,165,Mid-Market,Medium Value,Aging (91-180 days),75,Tier 1 — High Priority
DN6SG3US,Wilburn Farren,GTX Plus Pro,GTX,,,,,Engaging,2017-02-25,309,Unassigned Account,High Value,Stalled / Critical (> 180 days),70,Tier 2 — Medium Priority
DNBR1VHP,Anna Snelling,MG Special,MG,Silis,medical,2818.38,6290.0,Engaging,2017-07-20,164,Enterprise,Low Value,Aging (91-180 days),75,Tier 1 — High Priority
DO6VKC2G,Marty Freudenburg,GTK 500,GTK,,,,,Engaging,2017-08-01,152,Unassigned Account,High Value,Aging (91-180 days),75,Tier 1 — High Priority
DOGKQHQP,Vicki Laflamme,GTX Pro,GTX,,,,,Engaging,2017-03-31,275,Unassigned Account,High Value,Stalled / Critical (> 180 days),70,Tier 2 — Medium Priority
DOP1NORG,Gladys Colclough,MG Special,MG,Plexzap,retail,2437.85,4874.0,Prospecting,,0,Mid-Market,Low Value,Unengaged (Prospecting),40,Tier 3 — Lower Priority
DQ7GS2BN,James Ascencio,GTX Plus Pro,GTX,,,,,Engaging,2017-04-02,273,Unassigned Account,High Value,Stalled / Critical (> 180 days),70,Tier 2 — Medium Priority
DS5HZHDA,Cecily Lampkin,MG Special,MG,Betatech,medical,647.18,1185.0,Prospecting,,0,Mid-Market,Low Value,Unengaged (Prospecting),40,Tier 3 — Lower Priority
DVT7NPEH,Darcel Schlecht,MG Advanced,MG,,,,,Engaging,2017-07-30,154,Unassigned Account,Medium Value,Aging (91-180 days),65,Tier 2 — Medium Priority
DW29KM30,Elease Gluck,MG Advanced,MG,Zathunicon,retail,71.12,144.0,Engaging,2017-06-07,207,Commercial / Small,Medium Value,Stalled / Critical (> 180 days),65,Tier 2 — Medium Priority
DW5BQ220,Anna Snelling,MG Special,MG,Zoomit,entertainment,324.19,978.0,Prospecting,,0,Commercial / Small,Low Value,Unengaged (Prospecting),35,Tier 3 — Lower Priority
DWGARGA2,Versie Hillebrand,MG Special,MG,,,,,Prospecting,,0,Unassigned Account,Low Value,Unengaged (Prospecting),30,Tier 3 — Lower Priority
DWUD4S0P,Markita Hansen,GTX Basic,GTX,,,,,Engaging,2017-01-10,355,Unassigned Account,Low Value,Stalled / Critical (> 180 days),50,Tier 3 — Lower Priority
DWUXMAGZ,Corliss Cosme,GTX Plus Pro,GTX,,,,,Engaging,2016-12-17,379,Unassigned Account,High Value,Stalled / Critical (> 180 days),70,Tier 2 — Medium Priority
DX1M0XF0,Darcel Schlecht,GTX Pro,GTX,,,,,Prospecting,,0,Unassigned Account,High Value,Unengaged (Prospecting),50,Tier 3 — Lower Priority
DXRG254A,Boris Faz,GTX Basic,GTX,,,,,Engaging,2017-07-28,156,Unassigned Account,Low Value,Aging (91-180 days),55,Tier 2 — Medium Priority
DY8DMZZ9,Vicki Laflamme,GTX Plus Pro,GTX,,,,,Engaging,2017-09-16,106,Unassigned Account,High Value,Aging (91-180 days),75,Tier 1 — High Priority
DYA87PL1,Jonathan Berthelot,MG Special,MG,,,,,Prospecting,,0,Unassigned Account,Low Value,Unengaged (Prospecting),30,Tier 3 — Lower Priority
DYNHHN6P,Maureen Marcano,GTX Pro,GTX,Massive Dynamic,entertainment,665.06,1095.0,Engaging,2017-04-29,246,Mid-Market,High Value,Stalled / Critical (> 180 days),80,Tier 1 — High Priority
DYO98F6J,Marty Freudenburg,MG Special,MG,,,,,Engaging,2017-08-10,143,Unassigned Account,Low Value,Aging (91-180 days),55,Tier 2 — Medium Priority
DYXD1AXO,Anna Snelling,MG Special,MG,,,,,Prospecting,,0,Unassigned Account,Low Value,Unengaged (Prospecting),30,Tier 3 — Lower Priority
DYYJW46L,Vicki Laflamme,GTX Plus Pro,GTX,,,,,Engaging,2017-10-14,78,Unassigned Account,High Value,Recent (<= 90 days),80,Tier 1 — High Priority
DZ57QIQN,Daniell Hammack,GTX Plus Pro,GTX,,,,,Engaging,2017-01-18,347,Unassigned Account,High Value,Stalled / Critical (> 180 days),70,Tier 2 — Medium Priority
DZP0MNRM,Niesha Huffines,GTX Plus Basic,GTX,Konex,technology,7708.38,13756.0,Engaging,2017-07-25,159,Enterprise,Medium Value,Aging (91-180 days),85,Tier 1 — High Priority
DZP41ANW,Hayden Neloms,GTX Plus Basic,GTX,,,,,Engaging,2017-09-03,119,Unassigned Account,Medium Value,Aging (91-180 days),65,Tier 2 — Medium Priority
DZQW0KQ4,Markita Hansen,GTX Plus Pro,GTX,,,,,Engaging,2017-07-31,153,Unassigned Account,High Value,Aging (91-180 days),75,Tier 1 — High Priority
E0HMRMZ9,Jonathan Berthelot,MG Special,MG,,,,,Prospecting,,0,Unassigned Account,Low Value,Unengaged (Prospecting),30,Tier 3 — Lower Priority
E0S2ZL6X,Niesha Huffines,GTX Plus Basic,GTX,Streethex,retail,1376.8,1165.0,Prospecting,,0,Mid-Market,Medium Value,Unengaged (Prospecting),50,Tier 3 — Lower Priority
E1LFK6E3,Kami Bicknell,GTX Basic,GTX,,,,,Engaging,2017-11-03,58,Unassigned Account,Low Value,Recent (<= 90 days),60,Tier 2 — Medium Priority
E26Z10W7,James Ascencio,MG Special,MG,,,,,Engaging,2017-07-22,162,Unassigned Account,Low Value,Aging (91-180 days),55,Tier 2 — Medium Priority
E29GOFUV,Elease Gluck,MG Special,MG,Sumace,retail,167.89,493.0,Engaging,2017-06-20,194,Commercial / Small,Low Value,Stalled / Critical (> 180 days),55,Tier 2 — Medium Priority
E2CJIO85,Vicki Laflamme,GTX Plus Pro,GTX,,,,,Engaging,2017-10-03,89,Unassigned Account,High Value,Recent (<= 90 days),80,Tier 1 — High Priority
E2KGQVEO,Daniell Hammack,MG Advanced,MG,,,,,Engaging,2017-07-06,178,Unassigned Account,Medium Value,Aging (91-180 days),65,Tier 2 — Medium Priority
E3XLWCWX,Marty Freudenburg,GTX Plus Pro,GTX,Ontomedia,employment,882.12,2769.0,Engaging,2017-07-19,165,Mid-Market,High Value,Aging (91-180 days),85,Tier 1 — High Priority
E3Z74U5K,Lajuana Vencill,GTX Basic,GTX,,,,,Engaging,2017-07-24,160,Unassigned Account,Low Value,Aging (91-180 days),55,Tier 2 — Medium Priority
E4082SMQ,James Ascencio,GTX Basic,GTX,,,,,Engaging,2017-04-17,258,Unassigned Account,Low Value,Stalled / Critical (> 180 days),50,Tier 3 — Lower Priority
E4THD359,Wilburn Farren,GTX Basic,GTX,,,,,Engaging,2017-02-05,329,Unassigned Account,Low Value,Stalled / Critical (> 180 days),50,Tier 3 — Lower Priority
E4YR0OE6,Darcel Schlecht,GTX Pro,GTX,,,,,Prospecting,,0,Unassigned Account,High Value,Unengaged (Prospecting),50,Tier 3 — Lower Priority
E54FFQBM,Versie Hillebrand,MG Special,MG,,,,,Prospecting,,0,Unassigned Account,Low Value,Unengaged (Prospecting),30,Tier 3 — Lower Priority
E5V4WT18,Vicki Laflamme,MG Special,MG,Genco Pura Olive Oil Company,retail,894.33,1635.0,Engaging,2017-05-25,220,Mid-Market,Low Value,Stalled / Critical (> 180 days),60,Tier 2 — Medium Priority
E617EXPD,Vicki Laflamme,MG Advanced,MG,Iselectrics,technology,527.11,1428.0,Engaging,2017-08-14,139,Mid-Market,Medium Value,Aging (91-180 days),75,Tier 1 — High Priority
E6798P2J,Jonathan Berthelot,GTX Basic,GTX,,,,,Prospecting,,0,Unassigned Account,Low Value,Unengaged (Prospecting),30,Tier 3 — Lower Priority
E6DGJSDW,Anna Snelling,MG Special,MG,Green-Plus,services,692.19,1922.0,Prospecting,,0,Mid-Market,Low Value,Unengaged (Prospecting),40,Tier 3 — Lower Priority
E887HZT1,Rosalina Dieter,MG Advanced,MG,Cheers,entertainment,4269.9,6472.0,Engaging,2017-02-12,322,Enterprise,Medium Value,Stalled / Critical (> 180 days),80,Tier 1 — High Priority
E8GD44YC,Cecily Lampkin,GTX Plus Basic,GTX,,,,,Engaging,2017-07-21,163,Unassigned Account,Medium Value,Aging (91-180 days),65,Tier 2 — Medium Priority
E8MIFXOH,Darcel Schlecht,GTX Pro,GTX,,,,,Engaging,2017-07-27,157,Unassigned Account,High Value,Aging (91-180 days),75,Tier 1 — High Priority
E8QHX9TE,Vicki Laflamme,GTX Plus Pro,GTX,,,,,Engaging,2017-05-11,234,Unassigned Account,High Value,Stalled / Critical (> 180 days),70,Tier 2 — Medium Priority
E9J482PX,Anna Snelling,MG Advanced,MG,,,,,Engaging,2017-07-22,162,Unassigned Account,Medium Value,Aging (91-180 days),65,Tier 2 — Medium Priority
EABYCHB3,Marty Freudenburg,GTX Plus Basic,GTX,,,,,Prospecting,,0,Unassigned Account,Medium Value,Unengaged (Prospecting),40,Tier 3 — Lower Priority
EB393LSH,Gladys Colclough,GTX Plus Basic,GTX,,,,,Prospecting,,0,Unassigned Account,Medium Value,Unengaged (Prospecting),40,Tier 3 — Lower Priority
EB89ONZN,Kary Hendrixson,GTX Pro,GTX,Funholding,finance,2819.5,7227.0,Engaging,2017-03-29,277,Enterprise,High Value,Stalled / Critical (> 180 days),90,Tier 1 — High Priority
EBLSL27F,Boris Faz,GTX Plus Pro,GTX,,,,,Engaging,2017-06-24,190,Unassigned Account,High Value,Stalled / Critical (> 180 days),70,Tier 2 — Medium Priority
EDM7CEZ6,Kami Bicknell,GTX Pro,GTX,Opentech,finance,355.23,853.0,Engaging,2017-08-31,122,Commercial / Small,High Value,Aging (91-180 days),80,Tier 1 — High Priority
EEB0JYIQ,Niesha Huffines,GTX Plus Basic,GTX,,,,,Engaging,2017-08-10,143,Unassigned Account,Medium Value,Aging (91-180 days),65,Tier 2 — Medium Priority
EEQV0YY4,Violet Mclelland,GTX Basic,GTX,,,,,Engaging,2017-08-12,141,Unassigned Account,Low Value,Aging (91-180 days),55,Tier 2 — Medium Priority
EF24VTVA,James Ascencio,GTX Plus Pro,GTX,Kinnamplus,retail,702.72,1831.0,Engaging,2017-05-14,231,Mid-Market,High Value,Stalled / Critical (> 180 days),80,Tier 1 — High Priority
EFIR7HGR,Daniell Hammack,MG Advanced,MG,Groovestreet,retail,223.8,299.0,Engaging,2017-06-18,196,Commercial / Small,Medium Value,Stalled / Critical (> 180 days),65,Tier 2 — Medium Priority
EFKPYBI9,Gladys Colclough,MG Advanced,MG,Xx-holding,finance,7537.24,20293.0,Engaging,2017-07-26,158,Enterprise,Medium Value,Aging (91-180 days),85,Tier 1 — High Priority
EG3X1ACF,Darcel Schlecht,GTX Plus Basic,GTX,,,,,Prospecting,,0,Unassigned Account,Medium Value,Unengaged (Prospecting),40,Tier 3 — Lower Priority
EG7OFLFR,Kami Bicknell,GTX Basic,GTX,,,,,Engaging,2016-11-14,412,Unassigned Account,Low Value,Stalled / Critical (> 180 days),50,Tier 3 — Lower Priority
EG7S6ZOI,Marty Freudenburg,GTX Pro,GTX,Konmatfix,marketing,375.43,1190.0,Prospecting,,0,Mid-Market,High Value,Unengaged (Prospecting),60,Tier 2 — Medium Priority
EGEJA2HY,Markita Hansen,GTX Basic,GTX,,,,,Engaging,2017-06-17,197,Unassigned Account,Low Value,Stalled / Critical (> 180 days),50,Tier 3 — Lower Priority
EJCPWP6V,Gladys Colclough,GTX Pro,GTX,Bioholding,medical,587.34,1356.0,Prospecting,,0,Mid-Market,High Value,Unengaged (Prospecting),60,Tier 2 — Medium Priority
EJDHOY6M,Corliss Cosme,GTX Basic,GTX,,,,,Engaging,2017-03-17,289,Unassigned Account,Low Value,Stalled / Critical (> 180 days),50,Tier 3 — Lower Priority
EJDRMHNC,Boris Faz,MG Special,MG,,,,,Engaging,2017-07-17,167,Unassigned Account,Low Value,Aging (91-180 days),55,Tier 2 — Medium Priority
EJGRLQP8,James Ascencio,GTX Pro,GTX,,,,,Engaging,2017-09-08,114,Unassigned Account,High Value,Aging (91-180 days),75,Tier 1 — High Priority
EJJCUJ3P,Darcel Schlecht,GTX Plus Basic,GTX,,,,,Engaging,2017-07-23,161,Unassigned Account,Medium Value,Aging (91-180 days),65,Tier 2 — Medium Priority
EJUQOEY5,Darcel Schlecht,MG Advanced,MG,Bubba Gump,software,987.39,2253.0,Prospecting,,0,Mid-Market,Medium Value,Unengaged (Prospecting),50,Tier 3 — Lower Priority
EJVD09HQ,James Ascencio,MG Special,MG,Betasoloin,medical,251.41,495.0,Engaging,2017-09-25,97,Commercial / Small,Low Value,Aging (91-180 days),60,Tier 2 — Medium Priority
EL09RK8X,Moses Frase,MG Advanced,MG,Dalttechnology,software,98.79,96.0,Prospecting,,0,Commercial / Small,Medium Value,Unengaged (Prospecting),45,Tier 3 — Lower Priority
EM1BA4EK,Cassey Cress,GTX Basic,GTX,Scotfind,software,6354.87,16780.0,Engaging,2017-10-01,91,Enterprise,Low Value,Aging (91-180 days),75,Tier 1 — High Priority
EMH2I8XE,Lajuana Vencill,MG Advanced,MG,Acme Corporation,technology,1100.04,2822.0,Engaging,2017-07-31,153,Mid-Market,Medium Value,Aging (91-180 days),75,Tier 1 — High Priority
EMUG64GW,Kary Hendrixson,GTX Basic,GTX,,,,,Engaging,2017-06-29,185,Unassigned Account,Low Value,Stalled / Critical (> 180 days),50,Tier 3 — Lower Priority
EN8JHUXA,Moses Frase,GTX Basic,GTX,,,,,Engaging,2017-07-27,157,Unassigned Account,Low Value,Aging (91-180 days),55,Tier 2 — Medium Priority
EOJHYLXG,Lajuana Vencill,MG Advanced,MG,,,,,Prospecting,,0,Unassigned Account,Medium Value,Unengaged (Prospecting),40,Tier 3 — Lower Priority
EP5QRHID,Boris Faz,MG Advanced,MG,,,,,Engaging,2017-10-04,88,Unassigned Account,Medium Value,Recent (<= 90 days),70,Tier 2 — Medium Priority
EP9JNNF1,Violet Mclelland,MG Special,MG,,,,,Engaging,2017-07-31,153,Unassigned Account,Low Value,Aging (91-180 days),55,Tier 2 — Medium Priority
EPOB4B15,Versie Hillebrand,GTX Basic,GTX,,,,,Prospecting,,0,Unassigned Account,Low Value,Unengaged (Prospecting),30,Tier 3 — Lower Priority
EPSIB2JR,Violet Mclelland,MG Special,MG,Zoomit,entertainment,324.19,978.0,Engaging,2017-05-26,219,Commercial / Small,Low Value,Stalled / Critical (> 180 days),55,Tier 2 — Medium Priority
EQ0PLA0O,Vicki Laflamme,MG Special,MG,,,,,Engaging,2017-09-13,109,Unassigned Account,Low Value,Aging (91-180 days),55,Tier 2 — Medium Priority
EQCD7G7Q,Rosalina Dieter,GTX Basic,GTX,Initech,telecommunications,6395.05,20275.0,Engaging,2017-01-08,357,Enterprise,Low Value,Stalled / Critical (> 180 days),70,Tier 2 — Medium Priority
ER0U0TOC,Corliss Cosme,GTX Basic,GTX,,,,,Engaging,2017-09-15,107,Unassigned Account,Low Value,Aging (91-180 days),55,Tier 2 — Medium Priority
ERD6D5K3,Anna Snelling,GTX Basic,GTX,,,,,Engaging,2017-07-30,154,Unassigned Account,Low Value,Aging (91-180 days),55,Tier 2 — Medium Priority
ERFRHR3Z,Hayden Neloms,MG Advanced,MG,,,,,Engaging,2016-12-14,382,Unassigned Account,Medium Value,Stalled / Critical (> 180 days),60,Tier 2 — Medium Priority
ERTQ4SN3,Lajuana Vencill,MG Special,MG,Zumgoity,medical,441.08,1210.0,Engaging,2017-07-29,155,Mid-Market,Low Value,Aging (91-180 days),65,Tier 2 — Medium Priority
ESZY10SI,Hayden Neloms,MG Advanced,MG,,,,,Engaging,2017-02-22,312,Unassigned Account,Medium Value,Stalled / Critical (> 180 days),60,Tier 2 — Medium Priority
ETJR6FUL,Marty Freudenburg,GTX Basic,GTX,Plexzap,retail,2437.85,4874.0,Prospecting,,0,Mid-Market,Low Value,Unengaged (Prospecting),40,Tier 3 — Lower Priority
ETLF2H4K,Maureen Marcano,GTX Plus Basic,GTX,,,,,Engaging,2017-07-21,163,Unassigned Account,Medium Value,Aging (91-180 days),65,Tier 2 — Medium Priority
ETZKANFZ,Markita Hansen,GTX Basic,GTX,,,,,Engaging,2017-01-21,344,Unassigned Account,Low Value,Stalled / Critical (> 180 days),50,Tier 3 — Lower Priority
EU4DPJGN,Anna Snelling,MG Special,MG,,,,,Prospecting,,0,Unassigned Account,Low Value,Unengaged (Prospecting),30,Tier 3 — Lower Priority
EUBMHJGQ,Versie Hillebrand,MG Special,MG,Hottechi,technology,8170.38,16499.0,Engaging,2017-07-21,163,Enterprise,Low Value,Aging (91-180 days),75,Tier 1 — High Priority
EUG019AS,Corliss Cosme,GTX Basic,GTX,,,,,Engaging,2016-12-23,373,Unassigned Account,Low Value,Stalled / Critical (> 180 days),50,Tier 3 — Lower Priority
EUYJDW9C,Kary Hendrixson,GTX Pro,GTX,,,,,Engaging,2017-05-29,216,Unassigned Account,High Value,Stalled / Critical (> 180 days),70,Tier 2 — Medium Priority
EVDKJDY3,Jonathan Berthelot,GTX Plus Basic,GTX,,,,,Engaging,2017-07-27,157,Unassigned Account,Medium Value,Aging (91-180 days),65,Tier 2 — Medium Priority
EVXPG3V5,Lajuana Vencill,GTX Basic,GTX,The New York Inquirer,medical,439.21,792.0,Engaging,2017-08-09,144,Commercial / Small,Low Value,Aging (91-180 days),60,Tier 2 — Medium Priority
EW28ZONV,Zane Levy,GTX Plus Basic,GTX,,,,,Engaging,2017-02-25,309,Unassigned Account,Medium Value,Stalled / Critical (> 180 days),60,Tier 2 — Medium Priority
EWDOBEM6,Hayden Neloms,MG Special,MG,,,,,Engaging,2017-01-03,362,Unassigned Account,Low Value,Stalled / Critical (> 180 days),50,Tier 3 — Lower Priority
EY7OI10Z,Darcel Schlecht,GTX Plus Basic,GTX,,,,,Engaging,2017-07-30,154,Unassigned Account,Medium Value,Aging (91-180 days),65,Tier 2 — Medium Priority
EYBMEX1Z,Moses Frase,GTX Basic,GTX,,,,,Engaging,2017-07-23,161,Unassigned Account,Low Value,Aging (91-180 days),55,Tier 2 — Medium Priority
EYR5E7LO,Darcel Schlecht,GTX Pro,GTX,Initech,telecommunications,6395.05,20275.0,Prospecting,,0,Enterprise,High Value,Unengaged (Prospecting),70,Tier 2 — Medium Priority
EZDMNAK8,Lajuana Vencill,MG Advanced,MG,Plussunin,retail,1419.98,4018.0,Engaging,2017-08-14,139,Mid-Market,Medium Value,Aging (91-180 days),75,Tier 1 — High Priority
EZVKSQ9C,Boris Faz,GTX Plus Pro,GTX,Genco Pura Olive Oil Company,retail,894.33,1635.0,Engaging,2016-12-16,380,Mid-Market,High Value,Stalled / Critical (> 180 days),80,Tier 1 — High Priority
F0K8UDEG,Jonathan Berthelot,GTX Pro,GTX,,,,,Prospecting,,0,Unassigned Account,High Value,Unengaged (Prospecting),50,Tier 3 — Lower Priority
F11IGBLD,Marty Freudenburg,GTX Plus Pro,GTX,,,,,Prospecting,,0,Unassigned Account,High Value,Unengaged (Prospecting),50,Tier 3 — Lower Priority
F14T88OP,Lajuana Vencill,GTX Plus Pro,GTX,,,,,Prospecting,,0,Unassigned Account,High Value,Unengaged (Prospecting),50,Tier 3 — Lower Priority
F1NWH30L,Marty Freudenburg,MG Advanced,MG,,,,,Prospecting,,0,Unassigned Account,Medium Value,Unengaged (Prospecting),40,Tier 3 — Lower Priority
F22C6LKO,Gladys Colclough,MG Special,MG,The New York Inquirer,medical,439.21,792.0,Prospecting,,0,Commercial / Small,Low Value,Unengaged (Prospecting),35,Tier 3 — Lower Priority
F2B62IW4,Maureen Marcano,MG Special,MG,Bioplex,medical,326.82,1016.0,Engaging,2017-02-28,306,Mid-Market,Low Value,Stalled / Critical (> 180 days),60,Tier 2 — Medium Priority
F3EOBN5A,Moses Frase,GTX Plus Pro,GTX,Genco Pura Olive Oil Company,retail,894.33,1635.0,Engaging,2017-07-20,164,Mid-Market,High Value,Aging (91-180 days),85,Tier 1 — High Priority
F4W7Z1UU,Anna Snelling,MG Special,MG,Vehement Capital Partners,finance,646.1,883.0,Prospecting,,0,Mid-Market,Low Value,Unengaged (Prospecting),40,Tier 3 — Lower Priority
F569KUVC,Kami Bicknell,GTX Basic,GTX,,,,,Engaging,2017-01-24,341,Unassigned Account,Low Value,Stalled / Critical (> 180 days),50,Tier 3 — Lower Priority
F5I33E1I,Elease Gluck,MG Special,MG,Sumace,retail,167.89,493.0,Engaging,2017-03-13,293,Commercial / Small,Low Value,Stalled / Critical (> 180 days),55,Tier 2 — Medium Priority
F5U1ACDD,Kami Bicknell,GTX Plus Basic,GTX,,,,,Engaging,2016-11-19,407,Unassigned Account,Medium Value,Stalled / Critical (> 180 days),60,Tier 2 — Medium Priority
F6AOT0NK,Darcel Schlecht,MG Advanced,MG,,,,,Prospecting,,0,Unassigned Account,Medium Value,Unengaged (Prospecting),40,Tier 3 — Lower Priority
F761DF0M,Zane Levy,GTX Basic,GTX,Silis,medical,2818.38,6290.0,Engaging,2017-10-11,81,Enterprise,Low Value,Recent (<= 90 days),80,Tier 1 — High Priority
F77XD7IZ,Cecily Lampkin,MG Advanced,MG,,,,,Prospecting,,0,Unassigned Account,Medium Value,Unengaged (Prospecting),40,Tier 3 — Lower Priority
F8QQEW1W,Kami Bicknell,GTX Plus Basic,GTX,,,,,Engaging,2017-06-04,210,Unassigned Account,Medium Value,Stalled / Critical (> 180 days),60,Tier 2 — Medium Priority
FB9M4FR7,James Ascencio,MG Special,MG,,,,,Engaging,2017-03-26,280,Unassigned Account,Low Value,Stalled / Critical (> 180 days),50,Tier 3 — Lower Priority
FBDS7GIZ,Jonathan Berthelot,GTX Pro,GTX,,,,,Prospecting,,0,Unassigned Account,High Value,Unengaged (Prospecting),50,Tier 3 — Lower Priority
FCBSZ6FJ,Anna Snelling,GTX Plus Pro,GTX,,,,,Engaging,2017-08-09,144,Unassigned Account,High Value,Aging (91-180 days),75,Tier 1 — High Priority
FCNN6UY0,Versie Hillebrand,MG Advanced,MG,Ganjaflex,retail,5158.71,17479.0,Prospecting,,0,Enterprise,Medium Value,Unengaged (Prospecting),60,Tier 2 — Medium Priority
FEEOZHT8,Anna Snelling,MG Advanced,MG,,,,,Prospecting,,0,Unassigned Account,Medium Value,Unengaged (Prospecting),40,Tier 3 — Lower Priority
FEFNNXH1,Anna Snelling,MG Special,MG,Singletechno,retail,2214.94,5374.0,Engaging,2017-07-22,162,Enterprise,Low Value,Aging (91-180 days),75,Tier 1 — High Priority
FEL7FQQG,Darcel Schlecht,GTX Plus Basic,GTX,,,,,Prospecting,,0,Unassigned Account,Medium Value,Unengaged (Prospecting),40,Tier 3 — Lower Priority
FGSBCJSC,Darcel Schlecht,GTX Pro,GTX,,,,,Prospecting,,0,Unassigned Account,High Value,Unengaged (Prospecting),50,Tier 3 — Lower Priority
FH30JK3J,Cassey Cress,GTX Plus Basic,GTX,Ontomedia,employment,882.12,2769.0,Engaging,2017-09-06,116,Mid-Market,Medium Value,Aging (91-180 days),75,Tier 1 — High Priority
FH3UXT3T,Darcel Schlecht,GTX Pro,GTX,,,,,Engaging,2017-08-08,145,Unassigned Account,High Value,Aging (91-180 days),75,Tier 1 — High Priority
FHM7LYZ3,Corliss Cosme,MG Special,MG,,,,,Engaging,2017-06-09,205,Unassigned Account,Low Value,Stalled / Critical (> 180 days),50,Tier 3 — Lower Priority
FHPRER2D,Versie Hillebrand,MG Special,MG,Sonron,telecommunications,1699.85,5108.0,Engaging,2017-07-25,159,Enterprise,Low Value,Aging (91-180 days),75,Tier 1 — High Priority
FHWXZ6HL,Rosie Papadopoulos,GTX Pro,GTX,,,,,Engaging,2017-05-09,236,Unassigned Account,High Value,Stalled / Critical (> 180 days),70,Tier 2 — Medium Priority
FHYD80FB,Kami Bicknell,GTX Pro,GTX,,,,,Engaging,2017-06-17,197,Unassigned Account,High Value,Stalled / Critical (> 180 days),70,Tier 2 — Medium Priority
FJE58EP1,Darcel Schlecht,GTX Pro,GTX,,,,,Engaging,2017-08-14,139,Unassigned Account,High Value,Aging (91-180 days),75,Tier 1 — High Priority
FJHKS2T2,Niesha Huffines,GTX Basic,GTX,Plussunin,retail,1419.98,4018.0,Prospecting,,0,Mid-Market,Low Value,Unengaged (Prospecting),40,Tier 3 — Lower Priority
FKVC924F,Daniell Hammack,GTX Pro,GTX,,,,,Engaging,2017-08-17,136,Unassigned Account,High Value,Aging (91-180 days),75,Tier 1 — High Priority
FKY3O5O1,Niesha Huffines,GTX Pro,GTX,Zotware,software,4478.47,13809.0,Engaging,2017-08-01,152,Enterprise,High Value,Aging (91-180 days),95,Tier 1 — High Priority
FM505XD5,Daniell Hammack,GTX Plus Pro,GTX,Y-corporation,employment,2871.35,9561.0,Engaging,2017-04-08,267,Enterprise,High Value,Stalled / Critical (> 180 days),90,Tier 1 — High Priority
FMRVHL9O,Marty Freudenburg,GTX Plus Basic,GTX,Toughzap,retail,332.43,799.0,Prospecting,,0,Commercial / Small,Medium Value,Unengaged (Prospecting),45,Tier 3 — Lower Priority
FN1QX0BQ,Violet Mclelland,MG Special,MG,,,,,Engaging,2017-04-11,264,Unassigned Account,Low Value,Stalled / Critical (> 180 days),50,Tier 3 — Lower Priority
FNLAOXF8,Versie Hillebrand,GTX Basic,GTX,,,,,Prospecting,,0,Unassigned Account,Low Value,Unengaged (Prospecting),30,Tier 3 — Lower Priority
FOJG3OCO,Corliss Cosme,GTX Plus Pro,GTX,,,,,Engaging,2017-07-01,183,Unassigned Account,High Value,Stalled / Critical (> 180 days),70,Tier 2 — Medium Priority
FPLXC8Z3,Kary Hendrixson,GTX Plus Pro,GTX,,,,,Engaging,2017-07-26,158,Unassigned Account,High Value,Aging (91-180 days),75,Tier 1 — High Priority
FQI66XXN,Marty Freudenburg,GTX Basic,GTX,,,,,Engaging,2017-07-29,155,Unassigned Account,Low Value,Aging (91-180 days),55,Tier 2 — Medium Priority
FS60AX8A,Lajuana Vencill,GTX Basic,GTX,,,,,Engaging,2017-08-08,145,Unassigned Account,Low Value,Aging (91-180 days),55,Tier 2 — Medium Priority
FSEV7ZJC,Darcel Schlecht,GTX Pro,GTX,,,,,Engaging,2017-07-31,153,Unassigned Account,High Value,Aging (91-180 days),75,Tier 1 — High Priority
FSNL204U,Marty Freudenburg,GTX Plus Pro,GTX,Hatfan,services,792.46,1299.0,Engaging,2017-08-09,144,Mid-Market,High Value,Aging (91-180 days),85,Tier 1 — High Priority
FSYTM6YE,James Ascencio,GTX Pro,GTX,,,,,Engaging,2017-09-27,95,Unassigned Account,High Value,Aging (91-180 days),75,Tier 1 — High Priority
FT5U6NIG,Anna Snelling,MG Special,MG,,,,,Engaging,2017-07-22,162,Unassigned Account,Low Value,Aging (91-180 days),55,Tier 2 — Medium Priority
FU2PQZR4,Darcel Schlecht,GTX Plus Pro,GTX,Green-Plus,services,692.19,1922.0,Prospecting,,0,Mid-Market,High Value,Unengaged (Prospecting),60,Tier 2 — Medium Priority
FUI9BIS3,Moses Frase,MG Advanced,MG,Funholding,finance,2819.5,7227.0,Engaging,2017-08-04,149,Enterprise,Medium Value,Aging (91-180 days),85,Tier 1 — High Priority
FVGRGJU8,Rosie Papadopoulos,MG Advanced,MG,Betatech,medical,647.18,1185.0,Engaging,2017-04-21,254,Mid-Market,Medium Value,Stalled / Critical (> 180 days),70,Tier 2 — Medium Priority
FVVATY89,Darcel Schlecht,GTX Pro,GTX,Ron-tech,medical,3922.42,6837.0,Prospecting,,0,Enterprise,High Value,Unengaged (Prospecting),70,Tier 2 — Medium Priority
FW2CVY2X,Jonathan Berthelot,GTX Plus Pro,GTX,,,,,Prospecting,,0,Unassigned Account,High Value,Unengaged (Prospecting),50,Tier 3 — Lower Priority
FW2XJG9S,Markita Hansen,GTX Plus Basic,GTX,,,,,Engaging,2017-02-15,319,Unassigned Account,Medium Value,Stalled / Critical (> 180 days),60,Tier 2 — Medium Priority
FWTTJ2G8,Kary Hendrixson,GTX Basic,GTX,Initech,telecommunications,6395.05,20275.0,Engaging,2017-05-06,239,Enterprise,Low Value,Stalled / Critical (> 180 days),70,Tier 2 — Medium Priority
FY0SHNZY,Darcel Schlecht,GTX Plus Basic,GTX,,,,,Prospecting,,0,Unassigned Account,Medium Value,Unengaged (Prospecting),40,Tier 3 — Lower Priority
FY5MBCWQ,Darcel Schlecht,GTX Pro,GTX,,,,,Engaging,2017-07-22,162,Unassigned Account,High Value,Aging (91-180 days),75,Tier 1 — High Priority
FYN7C0CV,Cassey Cress,MG Advanced,MG,,,,,Engaging,2017-03-04,302,Unassigned Account,Medium Value,Stalled / Critical (> 180 days),60,Tier 2 — Medium Priority
FZC2J90W,Maureen Marcano,MG Advanced,MG,Bluth Company,technology,1242.32,3027.0,Engaging,2017-02-26,308,Mid-Market,Medium Value,Stalled / Critical (> 180 days),70,Tier 2 — Medium Priority
FZWU2I30,Zane Levy,GTX Plus Pro,GTX,The New York Inquirer,medical,439.21,792.0,Engaging,2017-12-10,21,Commercial / Small,High Value,Recent (<= 90 days),85,Tier 1 — High Priority
G03J67Z1,Zane Levy,GTX Plus Basic,GTX,,,,,Engaging,2017-08-22,131,Unassigned Account,Medium Value,Aging (91-180 days),65,Tier 2 — Medium Priority
G0DTQHIC,Jonathan Berthelot,GTX Basic,GTX,,,,,Engaging,2017-07-26,158,Unassigned Account,Low Value,Aging (91-180 days),55,Tier 2 — Medium Priority
G1AKE0NR,Zane Levy,GTX Pro,GTX,,,,,Engaging,2017-06-07,207,Unassigned Account,High Value,Stalled / Critical (> 180 days),70,Tier 2 — Medium Priority
G1L2YY5P,Zane Levy,GTX Basic,GTX,,,,,Engaging,2017-05-26,219,Unassigned Account,Low Value,Stalled / Critical (> 180 days),50,Tier 3 — Lower Priority
G1M1KVHU,Niesha Huffines,GTX Plus Basic,GTX,Xx-zobam,entertainment,3838.39,8274.0,Engaging,2017-07-23,161,Enterprise,Medium Value,Aging (91-180 days),85,Tier 1 — High Priority
G1W97XZA,Maureen Marcano,GTX Plus Basic,GTX,,,,,Engaging,2017-11-13,48,Unassigned Account,Medium Value,Recent (<= 90 days),70,Tier 2 — Medium Priority
G2XP6IGJ,Moses Frase,GTX Basic,GTX,,,,,Engaging,2017-07-25,159,Unassigned Account,Low Value,Aging (91-180 days),55,Tier 2 — Medium Priority
G39V1X3G,Corliss Cosme,MG Special,MG,,,,,Engaging,2017-01-07,358,Unassigned Account,Low Value,Stalled / Critical (> 180 days),50,Tier 3 — Lower Priority
G3SJ8X1K,Violet Mclelland,MG Advanced,MG,,,,,Engaging,2017-03-31,275,Unassigned Account,Medium Value,Stalled / Critical (> 180 days),60,Tier 2 — Medium Priority
G40058T1,Versie Hillebrand,MG Special,MG,Yearin,retail,2261.05,3851.0,Engaging,2017-07-29,155,Mid-Market,Low Value,Aging (91-180 days),65,Tier 2 — Medium Priority
G4B3UCWQ,Niesha Huffines,GTX Pro,GTX,,,,,Prospecting,,0,Unassigned Account,High Value,Unengaged (Prospecting),50,Tier 3 — Lower Priority
G5JP0G7Q,Markita Hansen,MG Advanced,MG,,,,,Engaging,2017-02-19,315,Unassigned Account,Medium Value,Stalled / Critical (> 180 days),60,Tier 2 — Medium Priority
G6CMP5I9,Versie Hillebrand,MG Advanced,MG,,,,,Engaging,2017-08-06,147,Unassigned Account,Medium Value,Aging (91-180 days),65,Tier 2 — Medium Priority
G78ZK6XI,Gladys Colclough,MG Special,MG,,,,,Engaging,2017-08-01,152,Unassigned Account,Low Value,Aging (91-180 days),55,Tier 2 — Medium Priority
G7H64S20,Anna Snelling,MG Advanced,MG,,,,,Engaging,2017-07-23,161,Unassigned Account,Medium Value,Aging (91-180 days),65,Tier 2 — Medium Priority
G7K3HJAT,Marty Freudenburg,GTX Basic,GTX,,,,,Prospecting,,0,Unassigned Account,Low Value,Unengaged (Prospecting),30,Tier 3 — Lower Priority
G7QIQDSA,Corliss Cosme,GTX Pro,GTX,,,,,Engaging,2017-09-26,96,Unassigned Account,High Value,Aging (91-180 days),75,Tier 1 — High Priority
G7RZTAMV,Gladys Colclough,GTX Plus Pro,GTX,,,,,Engaging,2017-07-27,157,Unassigned Account,High Value,Aging (91-180 days),75,Tier 1 — High Priority
G99CS23F,Anna Snelling,GTX Basic,GTX,,,,,Prospecting,,0,Unassigned Account,Low Value,Unengaged (Prospecting),30,Tier 3 — Lower Priority
GACPNKGI,Elease Gluck,MG Special,MG,,,,,Engaging,2017-04-17,258,Unassigned Account,Low Value,Stalled / Critical (> 180 days),50,Tier 3 — Lower Priority
GE4QGOCI,Moses Frase,MG Special,MG,,,,,Engaging,2017-07-21,163,Unassigned Account,Low Value,Aging (91-180 days),55,Tier 2 — Medium Priority
GEJLL5L3,Corliss Cosme,GTX Basic,GTX,,,,,Engaging,2017-03-24,282,Unassigned Account,Low Value,Stalled / Critical (> 180 days),50,Tier 3 — Lower Priority
GEQ7KT9J,Wilburn Farren,GTX Plus Basic,GTX,Plussunin,retail,1419.98,4018.0,Engaging,2017-07-20,164,Mid-Market,Medium Value,Aging (91-180 days),75,Tier 1 — High Priority
GEQ8IGKW,Darcel Schlecht,GTX Pro,GTX,Finjob,employment,2059.9,3644.0,Prospecting,,0,Mid-Market,High Value,Unengaged (Prospecting),60,Tier 2 — Medium Priority
GG85QBTM,Elease Gluck,GTK 500,GTK,Lexiqvolax,medical,1618.89,3889.0,Engaging,2017-06-10,204,Mid-Market,High Value,Stalled / Critical (> 180 days),80,Tier 1 — High Priority
GI94RTL5,Anna Snelling,MG Special,MG,Labdrill,medical,2741.37,9226.0,Prospecting,,0,Enterprise,Low Value,Unengaged (Prospecting),50,Tier 3 — Lower Priority
GIPPUV2F,Hayden Neloms,GTX Plus Basic,GTX,Nam-zim,services,405.59,1179.0,Engaging,2017-05-31,214,Mid-Market,Medium Value,Stalled / Critical (> 180 days),70,Tier 2 — Medium Priority
GK1NH8G7,Kami Bicknell,GTX Basic,GTX,Iselectrics,technology,527.11,1428.0,Engaging,2017-03-16,290,Mid-Market,Low Value,Stalled / Critical (> 180 days),60,Tier 2 — Medium Priority
GL1YE4PQ,Markita Hansen,GTK 500,GTK,,,,,Engaging,2017-05-09,236,Unassigned Account,High Value,Stalled / Critical (> 180 days),70,Tier 2 — Medium Priority
GL2FM1RM,Rosalina Dieter,GTX Basic,GTX,,,,,Engaging,2017-10-22,70,Unassigned Account,Low Value,Recent (<= 90 days),60,Tier 2 — Medium Priority
GL95LARP,Cassey Cress,GTX Pro,GTX,,,,,Engaging,2017-04-08,267,Unassigned Account,High Value,Stalled / Critical (> 180 days),70,Tier 2 — Medium Priority
GLQLEZJM,Lajuana Vencill,MG Special,MG,,,,,Prospecting,,0,Unassigned Account,Low Value,Unengaged (Prospecting),30,Tier 3 — Lower Priority
GM5X0CSG,Jonathan Berthelot,MG Special,MG,,,,,Prospecting,,0,Unassigned Account,Low Value,Unengaged (Prospecting),30,Tier 3 — Lower Priority
GMN9KQN2,Daniell Hammack,GTX Pro,GTX,,,,,Engaging,2017-05-27,218,Unassigned Account,High Value,Stalled / Critical (> 180 days),70,Tier 2 — Medium Priority
GMY4U7RD,Maureen Marcano,GTX Basic,GTX,,,,,Engaging,2017-12-09,22,Unassigned Account,Low Value,Recent (<= 90 days),60,Tier 2 — Medium Priority
GNN53C6D,Anna Snelling,GTX Plus Pro,GTX,,,,,Prospecting,,0,Unassigned Account,High Value,Unengaged (Prospecting),50,Tier 3 — Lower Priority
GQ2W1DXM,Maureen Marcano,GTX Pro,GTX,,,,,Engaging,2017-04-25,250,Unassigned Account,High Value,Stalled / Critical (> 180 days),70,Tier 2 — Medium Priority
GQ7H31ZJ,Darcel Schlecht,GTX Pro,GTX,Funholding,finance,2819.5,7227.0,Engaging,2017-07-27,157,Enterprise,High Value,Aging (91-180 days),95,Tier 1 — High Priority
GQDS81G1,Corliss Cosme,GTX Plus Pro,GTX,,,,,Engaging,2017-11-30,31,Unassigned Account,High Value,Recent (<= 90 days),80,Tier 1 — High Priority
GR2X90DZ,Vicki Laflamme,GTX Basic,GTX,,,,,Engaging,2017-01-15,350,Unassigned Account,Low Value,Stalled / Critical (> 180 days),50,Tier 3 — Lower Priority
GR8JTX1T,Darcel Schlecht,GTX Pro,GTX,Warephase,services,2041.73,5276.0,Prospecting,,0,Enterprise,High Value,Unengaged (Prospecting),70,Tier 2 — Medium Priority
GR9S7VHI,Anna Snelling,GTX Basic,GTX,,,,,Prospecting,,0,Unassigned Account,Low Value,Unengaged (Prospecting),30,Tier 3 — Lower Priority
GRYHHER0,Hayden Neloms,MG Special,MG,Finhigh,finance,1102.43,1759.0,Engaging,2017-09-03,119,Mid-Market,Low Value,Aging (91-180 days),65,Tier 2 — Medium Priority
GSBUIL1E,Cecily Lampkin,MG Special,MG,,,,,Prospecting,,0,Unassigned Account,Low Value,Unengaged (Prospecting),30,Tier 3 — Lower Priority
GSOR2INK,Marty Freudenburg,MG Special,MG,,,,,Prospecting,,0,Unassigned Account,Low Value,Unengaged (Prospecting),30,Tier 3 — Lower Priority
GVBWTDI3,Daniell Hammack,GTX Plus Basic,GTX,,,,,Engaging,2017-01-31,334,Unassigned Account,Medium Value,Stalled / Critical (> 180 days),60,Tier 2 — Medium Priority
GVJFKHNL,Gladys Colclough,MG Special,MG,Silis,medical,2818.38,6290.0,Engaging,2017-07-21,163,Enterprise,Low Value,Aging (91-180 days),75,Tier 1 — High Priority
GVYF29NM,Violet Mclelland,MG Advanced,MG,,,,,Engaging,2017-02-25,309,Unassigned Account,Medium Value,Stalled / Critical (> 180 days),60,Tier 2 — Medium Priority
GWOOPZE8,Cassey Cress,GTX Plus Basic,GTX,Cheers,entertainment,4269.9,6472.0,Engaging,2017-10-01,91,Enterprise,Medium Value,Aging (91-180 days),85,Tier 1 — High Priority
GWQX8BSZ,Niesha Huffines,GTX Basic,GTX,Donquadtech,technology,1712.68,3194.0,Engaging,2017-07-30,154,Mid-Market,Low Value,Aging (91-180 days),65,Tier 2 — Medium Priority
GXC8JN36,Kary Hendrixson,GTX Pro,GTX,,,,,Engaging,2017-06-04,210,Unassigned Account,High Value,Stalled / Critical (> 180 days),70,Tier 2 — Medium Priority
GXIVJQPG,Daniell Hammack,GTX Plus Basic,GTX,Xx-zobam,entertainment,3838.39,8274.0,Engaging,2017-10-01,91,Enterprise,Medium Value,Aging (91-180 days),85,Tier 1 — High Priority
GY10EROJ,Jonathan Berthelot,GTX Basic,GTX,Cheers,entertainment,4269.9,6472.0,Engaging,2017-07-20,164,Enterprise,Low Value,Aging (91-180 days),75,Tier 1 — High Priority
GYB4W2AU,Elease Gluck,MG Advanced,MG,,,,,Engaging,2016-11-23,403,Unassigned Account,Medium Value,Stalled / Critical (> 180 days),60,Tier 2 — Medium Priority
GZ6SFRAT,Lajuana Vencill,MG Special,MG,Hottechi,technology,8170.38,16499.0,Engaging,2017-07-25,159,Enterprise,Low Value,Aging (91-180 days),75,Tier 1 — High Priority
GZCWM6GK,Elease Gluck,MG Special,MG,Statholdings,employment,291.27,586.0,Engaging,2017-03-22,284,Commercial / Small,Low Value,Stalled / Critical (> 180 days),55,Tier 2 — Medium Priority
H046CU4Z,Moses Frase,GTX Basic,GTX,,,,,Prospecting,,0,Unassigned Account,Low Value,Unengaged (Prospecting),30,Tier 3 — Lower Priority
H0RRUQZ6,Maureen Marcano,MG Special,MG,,,,,Engaging,2017-09-08,114,Unassigned Account,Low Value,Aging (91-180 days),55,Tier 2 — Medium Priority
H176AX96,James Ascencio,MG Advanced,MG,Gekko & Co,retail,2520.83,3502.0,Engaging,2017-06-18,196,Enterprise,Medium Value,Stalled / Critical (> 180 days),80,Tier 1 — High Priority
H2FCUPHJ,Niesha Huffines,GTX Pro,GTX,,,,,Engaging,2017-07-24,160,Unassigned Account,High Value,Aging (91-180 days),75,Tier 1 — High Priority
H2IOHZ8R,James Ascencio,GTX Basic,GTX,,,,,Engaging,2017-03-18,288,Unassigned Account,Low Value,Stalled / Critical (> 180 days),50,Tier 3 — Lower Priority
H2MC2E7K,Vicki Laflamme,GTX Plus Basic,GTX,Condax,medical,4.54,9.0,Engaging,2017-02-02,332,Commercial / Small,Medium Value,Stalled / Critical (> 180 days),65,Tier 2 — Medium Priority
H3DYTZIQ,Cassey Cress,GTX Plus Basic,GTX,Scottech,marketing,45.39,100.0,Engaging,2017-06-18,196,Commercial / Small,Medium Value,Stalled / Critical (> 180 days),65,Tier 2 — Medium Priority
H5J7C2FE,Kami Bicknell,GTX Basic,GTX,,,,,Engaging,2017-09-05,117,Unassigned Account,Low Value,Aging (91-180 days),55,Tier 2 — Medium Priority
H5VBBEVI,Cassey Cress,GTX Plus Basic,GTX,,,,,Engaging,2017-04-03,272,Unassigned Account,Medium Value,Stalled / Critical (> 180 days),60,Tier 2 — Medium Priority
H6I16U57,Rosie Papadopoulos,MG Advanced,MG,Sunnamplex,marketing,894.37,1593.0,Engaging,2017-04-01,274,Mid-Market,Medium Value,Stalled / Critical (> 180 days),70,Tier 2 — Medium Priority
H7GXKD3O,Maureen Marcano,GTX Plus Basic,GTX,Kan-code,software,11698.03,34288.0,Engaging,2017-08-19,134,Enterprise,Medium Value,Aging (91-180 days),85,Tier 1 — High Priority
H85L45JM,Anna Snelling,MG Special,MG,,,,,Engaging,2017-08-01,152,Unassigned Account,Low Value,Aging (91-180 days),55,Tier 2 — Medium Priority
H8XH5MFQ,Kary Hendrixson,GTX Plus Pro,GTX,,,,,Engaging,2017-09-03,119,Unassigned Account,High Value,Aging (91-180 days),75,Tier 1 — High Priority
H9N9DP3D,Vicki Laflamme,GTX Basic,GTX,,,,,Engaging,2017-07-01,183,Unassigned Account,Low Value,Stalled / Critical (> 180 days),50,Tier 3 — Lower Priority
HABN7JBG,Elease Gluck,GTX Basic,GTX,Rantouch,telecommunications,1188.42,3015.0,Engaging,2017-06-17,197,Mid-Market,Low Value,Stalled / Critical (> 180 days),60,Tier 2 — Medium Priority
HAUB1NBF,Corliss Cosme,GTX Pro,GTX,,,,,Engaging,2017-07-02,182,Unassigned Account,High Value,Stalled / Critical (> 180 days),70,Tier 2 — Medium Priority
HAXMC4IX,James Ascencio,MG Advanced,MG,,,,,Engaging,2016-11-03,423,Unassigned Account,Medium Value,Stalled / Critical (> 180 days),60,Tier 2 — Medium Priority
HB740BLB,Hayden Neloms,MG Special,MG,Silis,medical,2818.38,6290.0,Engaging,2017-12-20,11,Enterprise,Low Value,Recent (<= 90 days),80,Tier 1 — High Priority
HBN3R2TJ,Elease Gluck,MG Advanced,MG,,,,,Engaging,2017-07-17,167,Unassigned Account,Medium Value,Aging (91-180 days),65,Tier 2 — Medium Priority
HCQK8NQ8,Wilburn Farren,GTX Plus Basic,GTX,,,,,Engaging,2017-12-20,11,Unassigned Account,Medium Value,Recent (<= 90 days),70,Tier 2 — Medium Priority
HD6YD6P9,Darcel Schlecht,GTX Plus Basic,GTX,,,,,Prospecting,,0,Unassigned Account,Medium Value,Unengaged (Prospecting),40,Tier 3 — Lower Priority
HDALWEHF,Cassey Cress,GTX Pro,GTX,,,,,Engaging,2017-04-25,250,Unassigned Account,High Value,Stalled / Critical (> 180 days),70,Tier 2 — Medium Priority
HEWKNHTH,Daniell Hammack,GTX Plus Pro,GTX,,,,,Engaging,2017-06-18,196,Unassigned Account,High Value,Stalled / Critical (> 180 days),70,Tier 2 — Medium Priority
HF1GSBT4,Daniell Hammack,GTX Plus Pro,GTX,,,,,Engaging,2017-08-24,129,Unassigned Account,High Value,Aging (91-180 days),75,Tier 1 — High Priority
HF2DSIT5,Elease Gluck,GTX Basic,GTX,,,,,Engaging,2017-05-16,229,Unassigned Account,Low Value,Stalled / Critical (> 180 days),50,Tier 3 — Lower Priority
HF74MC9F,Corliss Cosme,GTX Plus Pro,GTX,Ganjaflex,retail,5158.71,17479.0,Engaging,2017-05-06,239,Enterprise,High Value,Stalled / Critical (> 180 days),90,Tier 1 — High Priority
HFUZQFQQ,Markita Hansen,GTX Basic,GTX,Groovestreet,retail,223.8,299.0,Engaging,2017-05-09,236,Commercial / Small,Low Value,Stalled / Critical (> 180 days),55,Tier 2 — Medium Priority
HFVWQIMF,Marty Freudenburg,GTX Pro,GTX,,,,,Prospecting,,0,Unassigned Account,High Value,Unengaged (Prospecting),50,Tier 3 — Lower Priority
HHDQ9EW4,Kami Bicknell,GTX Basic,GTX,Inity,marketing,2403.58,8801.0,Engaging,2017-04-28,247,Enterprise,Low Value,Stalled / Critical (> 180 days),70,Tier 2 — Medium Priority
HHWZEWDV,Lajuana Vencill,GTX Plus Basic,GTX,,,,,Engaging,2017-07-31,153,Unassigned Account,Medium Value,Aging (91-180 days),65,Tier 2 — Medium Priority
HI9S2MRZ,Elease Gluck,GTX Plus Basic,GTX,,,,,Engaging,2017-07-09,175,Unassigned Account,Medium Value,Aging (91-180 days),65,Tier 2 — Medium Priority
HISWL7B0,Darcel Schlecht,GTX Pro,GTX,,,,,Engaging,2017-08-01,152,Unassigned Account,High Value,Aging (91-180 days),75,Tier 1 — High Priority
HIV4W2E0,Kary Hendrixson,GTX Plus Basic,GTX,Betasoloin,medical,251.41,495.0,Engaging,2017-07-02,182,Commercial / Small,Medium Value,Stalled / Critical (> 180 days),65,Tier 2 — Medium Priority
HIVUC1C4,Lajuana Vencill,MG Special,MG,,,,,Engaging,2017-07-19,165,Unassigned Account,Low Value,Aging (91-180 days),55,Tier 2 — Medium Priority
HJRM13DI,Marty Freudenburg,MG Special,MG,Treequote,telecommunications,5266.09,8595.0,Engaging,2017-07-25,159,Enterprise,Low Value,Aging (91-180 days),75,Tier 1 — High Priority
HJY0TQ7X,Zane Levy,MG Special,MG,Toughzap,retail,332.43,799.0,Engaging,2017-09-18,104,Commercial / Small,Low Value,Aging (91-180 days),60,Tier 2 — Medium Priority
HKMMBDMW,Moses Frase,GTX Basic,GTX,Plusstrip,entertainment,349.81,315.0,Prospecting,,0,Commercial / Small,Low Value,Unengaged (Prospecting),35,Tier 3 — Lower Priority
HKV37WU9,Vicki Laflamme,GTX Basic,GTX,,,,,Engaging,2017-06-15,199,Unassigned Account,Low Value,Stalled / Critical (> 180 days),50,Tier 3 — Lower Priority
HLDA8IA1,Elease Gluck,MG Special,MG,,,,,Engaging,2017-07-02,182,Unassigned Account,Low Value,Stalled / Critical (> 180 days),50,Tier 3 — Lower Priority
HLE798LQ,Lajuana Vencill,GTX Basic,GTX,,,,,Prospecting,,0,Unassigned Account,Low Value,Unengaged (Prospecting),30,Tier 3 — Lower Priority
HMWIP0F2,Darcel Schlecht,MG Special,MG,Finjob,employment,2059.9,3644.0,Engaging,2017-08-12,141,Mid-Market,Low Value,Aging (91-180 days),65,Tier 2 — Medium Priority
HN6TZPAF,Wilburn Farren,GTX Plus Pro,GTX,,,,,Engaging,2017-10-31,61,Unassigned Account,High Value,Recent (<= 90 days),80,Tier 1 — High Priority
HOXD9TTL,Moses Frase,GTX Basic,GTX,,,,,Prospecting,,0,Unassigned Account,Low Value,Unengaged (Prospecting),30,Tier 3 — Lower Priority
HP50ZWIZ,Gladys Colclough,MG Special,MG,,,,,Prospecting,,0,Unassigned Account,Low Value,Unengaged (Prospecting),30,Tier 3 — Lower Priority
HP8IWA1E,Moses Frase,MG Advanced,MG,,,,,Prospecting,,0,Unassigned Account,Medium Value,Unengaged (Prospecting),40,Tier 3 — Lower Priority
HPIKEMB9,Elease Gluck,MG Special,MG,,,,,Engaging,2017-04-06,269,Unassigned Account,Low Value,Stalled / Critical (> 180 days),50,Tier 3 — Lower Priority
HQKWQ004,Moses Frase,MG Advanced,MG,,,,,Engaging,2017-08-13,140,Unassigned Account,Medium Value,Aging (91-180 days),65,Tier 2 — Medium Priority
HSGGBG9J,Lajuana Vencill,MG Special,MG,Codehow,software,2714.9,2641.0,Prospecting,,0,Enterprise,Low Value,Unengaged (Prospecting),50,Tier 3 — Lower Priority
HSYU33MS,Vicki Laflamme,MG Special,MG,,,,,Engaging,2017-06-24,190,Unassigned Account,Low Value,Stalled / Critical (> 180 days),50,Tier 3 — Lower Priority
HTBPSC2D,Kami Bicknell,GTX Basic,GTX,,,,,Engaging,2017-05-31,214,Unassigned Account,Low Value,Stalled / Critical (> 180 days),50,Tier 3 — Lower Priority
HTEAOHFO,Kami Bicknell,GTX Basic,GTX,,,,,Engaging,2017-07-21,163,Unassigned Account,Low Value,Aging (91-180 days),55,Tier 2 — Medium Priority
HTF7TYQS,Daniell Hammack,GTX Pro,GTX,,,,,Engaging,2017-06-27,187,Unassigned Account,High Value,Stalled / Critical (> 180 days),70,Tier 2 — Medium Priority
HU970PDK,James Ascencio,GTX Plus Pro,GTX,Donquadtech,technology,1712.68,3194.0,Engaging,2017-05-18,227,Mid-Market,High Value,Stalled / Critical (> 180 days),80,Tier 1 — High Priority
HUG2KAHE,Niesha Huffines,GTX Basic,GTX,,,,,Prospecting,,0,Unassigned Account,Low Value,Unengaged (Prospecting),30,Tier 3 — Lower Priority
HVT28XPH,Vicki Laflamme,MG Special,MG,,,,,Engaging,2017-04-03,272,Unassigned Account,Low Value,Stalled / Critical (> 180 days),50,Tier 3 — Lower Priority
HVZMZW96,Maureen Marcano,GTX Plus Basic,GTX,,,,,Engaging,2017-02-26,308,Unassigned Account,Medium Value,Stalled / Critical (> 180 days),60,Tier 2 — Medium Priority
HW367OVT,Marty Freudenburg,MG Special,MG,,,,,Prospecting,,0,Unassigned Account,Low Value,Unengaged (Prospecting),30,Tier 3 — Lower Priority
HWKJ7TFJ,Gladys Colclough,GTX Plus Basic,GTX,,,,,Prospecting,,0,Unassigned Account,Medium Value,Unengaged (Prospecting),40,Tier 3 — Lower Priority
HWOBBZWQ,Wilburn Farren,GTX Basic,GTX,,,,,Engaging,2017-10-24,68,Unassigned Account,Low Value,Recent (<= 90 days),60,Tier 2 — Medium Priority
HXGDBNAV,Maureen Marcano,MG Advanced,MG,,,,,Engaging,2017-10-25,67,Unassigned Account,Medium Value,Recent (<= 90 days),70,Tier 2 — Medium Priority
HY94AVIW,Maureen Marcano,GTX Basic,GTX,,,,,Engaging,2017-05-14,231,Unassigned Account,Low Value,Stalled / Critical (> 180 days),50,Tier 3 — Lower Priority
HYSOZRCG,Boris Faz,GTX Plus Basic,GTX,,,,,Engaging,2017-05-23,222,Unassigned Account,Medium Value,Stalled / Critical (> 180 days),60,Tier 2 — Medium Priority
HZIU2NOT,Kary Hendrixson,GTX Plus Pro,GTX,,,,,Engaging,2017-02-04,330,Unassigned Account,High Value,Stalled / Critical (> 180 days),70,Tier 2 — Medium Priority
HZVVOITE,Darcel Schlecht,GTX Pro,GTX,,,,,Prospecting,,0,Unassigned Account,High Value,Unengaged (Prospecting),50,Tier 3 — Lower Priority
I1R23P5F,Anna Snelling,GTX Plus Basic,GTX,,,,,Engaging,2017-08-01,152,Unassigned Account,Medium Value,Aging (91-180 days),65,Tier 2 — Medium Priority
I2ESAAIK,Lajuana Vencill,GTX Plus Basic,GTX,,,,,Engaging,2017-07-22,162,Unassigned Account,Medium Value,Aging (91-180 days),65,Tier 2 — Medium Priority
I2LEEFAM,Darcel Schlecht,GTX Plus Basic,GTX,,,,,Prospecting,,0,Unassigned Account,Medium Value,Unengaged (Prospecting),40,Tier 3 — Lower Priority
I35REHYN,Vicki Laflamme,GTX Basic,GTX,Genco Pura Olive Oil Company,retail,894.33,1635.0,Engaging,2017-09-12,110,Mid-Market,Low Value,Aging (91-180 days),65,Tier 2 — Medium Priority
I3IRJZRL,Niesha Huffines,GTX Basic,GTX,,,,,Engaging,2017-07-27,157,Unassigned Account,Low Value,Aging (91-180 days),55,Tier 2 — Medium Priority
I3KQNE9V,Darcel Schlecht,GTX Plus Pro,GTX,Isdom,medical,3178.24,4540.0,Engaging,2017-07-19,165,Enterprise,High Value,Aging (91-180 days),95,Tier 1 — High Priority
I43F0Z77,Marty Freudenburg,GTX Plus Basic,GTX,Betasoloin,medical,251.41,495.0,Prospecting,,0,Commercial / Small,Medium Value,Unengaged (Prospecting),45,Tier 3 — Lower Priority
I5AKI9KC,Niesha Huffines,MG Special,MG,,,,,Engaging,2017-07-30,154,Unassigned Account,Low Value,Aging (91-180 days),55,Tier 2 — Medium Priority
I5VHXAWW,Boris Faz,GTX Plus Pro,GTX,Bluth Company,technology,1242.32,3027.0,Engaging,2017-11-06,55,Mid-Market,High Value,Recent (<= 90 days),90,Tier 1 — High Priority
I6M40320,Niesha Huffines,GTX Plus Basic,GTX,Betatech,medical,647.18,1185.0,Engaging,2017-08-07,146,Mid-Market,Medium Value,Aging (91-180 days),75,Tier 1 — High Priority
I6PXHXST,Marty Freudenburg,MG Advanced,MG,Singletechno,retail,2214.94,5374.0,Engaging,2017-08-14,139,Enterprise,Medium Value,Aging (91-180 days),85,Tier 1 — High Priority
I6U62W0R,Kami Bicknell,GTX Basic,GTX,,,,,Engaging,2017-03-29,277,Unassigned Account,Low Value,Stalled / Critical (> 180 days),50,Tier 3 — Lower Priority
I6UG2OLX,Corliss Cosme,MG Advanced,MG,,,,,Engaging,2017-05-13,232,Unassigned Account,Medium Value,Stalled / Critical (> 180 days),60,Tier 2 — Medium Priority
I79B9KJ2,Cecily Lampkin,GTX Plus Basic,GTX,,,,,Prospecting,,0,Unassigned Account,Medium Value,Unengaged (Prospecting),40,Tier 3 — Lower Priority
I7BWM5O0,Violet Mclelland,MG Special,MG,Warephase,services,2041.73,5276.0,Engaging,2017-03-06,300,Enterprise,Low Value,Stalled / Critical (> 180 days),70,Tier 2 — Medium Priority
I7MDOGGU,Maureen Marcano,GTX Basic,GTX,,,,,Engaging,2017-03-18,288,Unassigned Account,Low Value,Stalled / Critical (> 180 days),50,Tier 3 — Lower Priority
I8NC3RFB,Anna Snelling,MG Advanced,MG,,,,,Prospecting,,0,Unassigned Account,Medium Value,Unengaged (Prospecting),40,Tier 3 — Lower Priority
I92EJ805,Kami Bicknell,GTX Basic,GTX,Bluth Company,technology,1242.32,3027.0,Engaging,2017-05-01,244,Mid-Market,Low Value,Stalled / Critical (> 180 days),60,Tier 2 — Medium Priority
I93XL6Q9,Anna Snelling,MG Special,MG,Finhigh,finance,1102.43,1759.0,Prospecting,,0,Mid-Market,Low Value,Unengaged (Prospecting),40,Tier 3 — Lower Priority
I9SPENCQ,Violet Mclelland,GTX Plus Basic,GTX,Cheers,entertainment,4269.9,6472.0,Engaging,2017-07-21,163,Enterprise,Medium Value,Aging (91-180 days),85,Tier 1 — High Priority
IAUXJ05J,Anna Snelling,MG Special,MG,,,,,Engaging,2017-07-23,161,Unassigned Account,Low Value,Aging (91-180 days),55,Tier 2 — Medium Priority
IAV71BEX,Cecily Lampkin,MG Advanced,MG,Singletechno,retail,2214.94,5374.0,Prospecting,,0,Enterprise,Medium Value,Unengaged (Prospecting),60,Tier 2 — Medium Priority
IBB0VGUN,Cassey Cress,MG Special,MG,,,,,Engaging,2017-11-05,56,Unassigned Account,Low Value,Recent (<= 90 days),60,Tier 2 — Medium Priority
IBEUTCSW,James Ascencio,MG Advanced,MG,,,,,Engaging,2016-12-08,388,Unassigned Account,Medium Value,Stalled / Critical (> 180 days),60,Tier 2 — Medium Priority
IBS3H6Z4,Hayden Neloms,GTX Plus Basic,GTX,,,,,Engaging,2017-03-17,289,Unassigned Account,Medium Value,Stalled / Critical (> 180 days),60,Tier 2 — Medium Priority
IBZI95HI,James Ascencio,GTX Plus Basic,GTX,Zoomit,entertainment,324.19,978.0,Engaging,2017-05-26,219,Commercial / Small,Medium Value,Stalled / Critical (> 180 days),65,Tier 2 — Medium Priority
ICG3THQK,Gladys Colclough,GTX Basic,GTX,Sumace,retail,167.89,493.0,Engaging,2017-07-31,153,Commercial / Small,Low Value,Aging (91-180 days),60,Tier 2 — Medium Priority
ICMXZOVL,Daniell Hammack,GTX Pro,GTX,Stanredtax,finance,1698.2,3798.0,Engaging,2016-12-08,388,Mid-Market,High Value,Stalled / Critical (> 180 days),80,Tier 1 — High Priority
ICR59VIJ,Cassey Cress,MG Advanced,MG,,,,,Engaging,2017-08-15,138,Unassigned Account,Medium Value,Aging (91-180 days),65,Tier 2 — Medium Priority
IDKBZCAF,Daniell Hammack,GTX Pro,GTX,,,,,Engaging,2017-09-21,101,Unassigned Account,High Value,Aging (91-180 days),75,Tier 1 — High Priority
IE7VQ5BA,Daniell Hammack,GTX Plus Basic,GTX,Finhigh,finance,1102.43,1759.0,Engaging,2016-12-23,373,Mid-Market,Medium Value,Stalled / Critical (> 180 days),70,Tier 2 — Medium Priority
IEAPJ5X1,Maureen Marcano,GTX Plus Basic,GTX,,,,,Engaging,2017-02-07,327,Unassigned Account,Medium Value,Stalled / Critical (> 180 days),60,Tier 2 — Medium Priority
IEMOIN3K,Darcel Schlecht,GTX Plus Basic,GTX,,,,,Prospecting,,0,Unassigned Account,Medium Value,Unengaged (Prospecting),40,Tier 3 — Lower Priority
IG540SIB,Cecily Lampkin,MG Advanced,MG,,,,,Engaging,2017-07-30,154,Unassigned Account,Medium Value,Aging (91-180 days),65,Tier 2 — Medium Priority
IGHYUSN8,Vicki Laflamme,GTX Plus Pro,GTX,Golddex,finance,52.5,165.0,Engaging,2017-05-06,239,Commercial / Small,High Value,Stalled / Critical (> 180 days),75,Tier 1 — High Priority
IGRY0M4Q,Daniell Hammack,MG Advanced,MG,,,,,Engaging,2017-04-26,249,Unassigned Account,Medium Value,Stalled / Critical (> 180 days),60,Tier 2 — Medium Priority
IHKIAB1W,Darcel Schlecht,GTX Pro,GTX,Dontechi,software,4618.0,10083.0,Prospecting,,0,Enterprise,High Value,Unengaged (Prospecting),70,Tier 2 — Medium Priority
IIVP87B8,Maureen Marcano,MG Special,MG,,,,,Engaging,2017-04-22,253,Unassigned Account,Low Value,Stalled / Critical (> 180 days),50,Tier 3 — Lower Priority
IK7LMFER,Moses Frase,MG Special,MG,,,,,Engaging,2017-07-26,158,Unassigned Account,Low Value,Aging (91-180 days),55,Tier 2 — Medium Priority
IKR0NSUE,Moses Frase,MG Special,MG,,,,,Prospecting,,0,Unassigned Account,Low Value,Unengaged (Prospecting),30,Tier 3 — Lower Priority
IKU97NEU,Markita Hansen,MG Advanced,MG,Funholding,finance,2819.5,7227.0,Engaging,2017-04-10,265,Enterprise,Medium Value,Stalled / Critical (> 180 days),80,Tier 1 — High Priority
ILR33OAV,James Ascencio,MG Advanced,MG,,,,,Engaging,2017-03-11,295,Unassigned Account,Medium Value,Stalled / Critical (> 180 days),60,Tier 2 — Medium Priority
IMLFM79C,Markita Hansen,GTX Plus Basic,GTX,,,,,Engaging,2017-09-09,113,Unassigned Account,Medium Value,Aging (91-180 days),65,Tier 2 — Medium Priority
IMLG35AP,Lajuana Vencill,GTX Plus Pro,GTX,,,,,Engaging,2017-07-22,162,Unassigned Account,High Value,Aging (91-180 days),75,Tier 1 — High Priority
IMN2GUYV,Lajuana Vencill,GTX Basic,GTX,Statholdings,employment,291.27,586.0,Prospecting,,0,Commercial / Small,Low Value,Unengaged (Prospecting),35,Tier 3 — Lower Priority
IN9S33CD,Rosalina Dieter,GTX Plus Pro,GTX,Finhigh,finance,1102.43,1759.0,Engaging,2017-03-17,289,Mid-Market,High Value,Stalled / Critical (> 180 days),80,Tier 1 — High Priority
INBGKE14,Kary Hendrixson,GTX Pro,GTX,,,,,Engaging,2017-02-16,318,Unassigned Account,High Value,Stalled / Critical (> 180 days),70,Tier 2 — Medium Priority
INKH0Y59,Vicki Laflamme,MG Special,MG,,,,,Engaging,2017-04-24,251,Unassigned Account,Low Value,Stalled / Critical (> 180 days),50,Tier 3 — Lower Priority
INLVV78V,Versie Hillebrand,MG Special,MG,,,,,Engaging,2017-07-22,162,Unassigned Account,Low Value,Aging (91-180 days),55,Tier 2 — Medium Priority
IOPIJ6C6,Boris Faz,GTX Plus Basic,GTX,,,,,Engaging,2017-09-07,115,Unassigned Account,Medium Value,Aging (91-180 days),65,Tier 2 — Medium Priority
IPHP2GVT,Cecily Lampkin,MG Special,MG,,,,,Engaging,2017-07-19,165,Unassigned Account,Low Value,Aging (91-180 days),55,Tier 2 — Medium Priority
IQFDPIND,Versie Hillebrand,GTX Basic,GTX,,,,,Engaging,2017-07-19,165,Unassigned Account,Low Value,Aging (91-180 days),55,Tier 2 — Medium Priority
IQMW1VDP,Violet Mclelland,MG Special,MG,,,,,Engaging,2017-06-07,207,Unassigned Account,Low Value,Stalled / Critical (> 180 days),50,Tier 3 — Lower Priority
IQR162ZT,Elease Gluck,GTX Plus Basic,GTX,,,,,Engaging,2017-12-13,18,Unassigned Account,Medium Value,Recent (<= 90 days),70,Tier 2 — Medium Priority
IRTO8ZJW,Jonathan Berthelot,GTX Plus Basic,GTX,,,,,Prospecting,,0,Unassigned Account,Medium Value,Unengaged (Prospecting),40,Tier 3 — Lower Priority
ISAWVDYZ,Daniell Hammack,GTX Basic,GTX,,,,,Engaging,2017-03-09,297,Unassigned Account,Low Value,Stalled / Critical (> 180 days),50,Tier 3 — Lower Priority
ISQJD695,Boris Faz,GTX Basic,GTX,Sunnamplex,marketing,894.37,1593.0,Engaging,2017-07-16,168,Mid-Market,Low Value,Aging (91-180 days),65,Tier 2 — Medium Priority
IUM2FVA1,Versie Hillebrand,MG Advanced,MG,,,,,Prospecting,,0,Unassigned Account,Medium Value,Unengaged (Prospecting),40,Tier 3 — Lower Priority
IVJP36UT,Cassey Cress,MG Advanced,MG,,,,,Engaging,2017-02-08,326,Unassigned Account,Medium Value,Stalled / Critical (> 180 days),60,Tier 2 — Medium Priority
IVTNXNYP,Moses Frase,GTX Basic,GTX,,,,,Prospecting,,0,Unassigned Account,Low Value,Unengaged (Prospecting),30,Tier 3 — Lower Priority
IW6S2BN0,Gladys Colclough,GTX Plus Basic,GTX,,,,,Engaging,2017-08-01,152,Unassigned Account,Medium Value,Aging (91-180 days),65,Tier 2 — Medium Priority
IXW68X6Z,Cecily Lampkin,MG Advanced,MG,,,,,Prospecting,,0,Unassigned Account,Medium Value,Unengaged (Prospecting),40,Tier 3 — Lower Priority
J0G6ZLYZ,Zane Levy,GTX Plus Pro,GTX,,,,,Engaging,2017-09-02,120,Unassigned Account,High Value,Aging (91-180 days),75,Tier 1 — High Priority
J1G2SZKD,Zane Levy,GTX Basic,GTX,Goodsilron,marketing,2952.73,5107.0,Engaging,2017-11-22,39,Enterprise,Low Value,Recent (<= 90 days),80,Tier 1 — High Priority
J31SUXQJ,Marty Freudenburg,GTX Plus Pro,GTX,Sumace,retail,167.89,493.0,Engaging,2017-08-10,143,Commercial / Small,High Value,Aging (91-180 days),80,Tier 1 — High Priority
J32XDDAW,Markita Hansen,GTX Basic,GTX,,,,,Engaging,2016-12-14,382,Unassigned Account,Low Value,Stalled / Critical (> 180 days),50,Tier 3 — Lower Priority
J53D8EOL,Kary Hendrixson,GTX Plus Basic,GTX,Hottechi,technology,8170.38,16499.0,Engaging,2016-12-14,382,Enterprise,Medium Value,Stalled / Critical (> 180 days),80,Tier 1 — High Priority
J58BUYQH,Kary Hendrixson,GTX Plus Basic,GTX,,,,,Engaging,2017-04-11,264,Unassigned Account,Medium Value,Stalled / Critical (> 180 days),60,Tier 2 — Medium Priority
J5BCAQ1Z,Zane Levy,GTX Basic,GTX,Bioplex,medical,326.82,1016.0,Engaging,2017-12-15,16,Mid-Market,Low Value,Recent (<= 90 days),70,Tier 2 — Medium Priority
J5IF7CT6,Gladys Colclough,MG Advanced,MG,,,,,Prospecting,,0,Unassigned Account,Medium Value,Unengaged (Prospecting),40,Tier 3 — Lower Priority
J5IXJWVU,Gladys Colclough,MG Advanced,MG,Cancity,retail,718.62,2448.0,Prospecting,,0,Mid-Market,Medium Value,Unengaged (Prospecting),50,Tier 3 — Lower Priority
J6F10SFK,Markita Hansen,MG Advanced,MG,,,,,Engaging,2017-04-08,267,Unassigned Account,Medium Value,Stalled / Critical (> 180 days),60,Tier 2 — Medium Priority
J6OQS0AU,Hayden Neloms,MG Advanced,MG,,,,,Engaging,2017-03-26,280,Unassigned Account,Medium Value,Stalled / Critical (> 180 days),60,Tier 2 — Medium Priority
J71N4WQ6,Markita Hansen,GTX Plus Basic,GTX,,,,,Engaging,2017-05-06,239,Unassigned Account,Medium Value,Stalled / Critical (> 180 days),60,Tier 2 — Medium Priority
J732416R,Anna Snelling,MG Special,MG,,,,,Engaging,2017-07-23,161,Unassigned Account,Low Value,Aging (91-180 days),55,Tier 2 — Medium Priority
J962I0KG,Cassey Cress,GTX Plus Basic,GTX,,,,,Engaging,2017-11-20,41,Unassigned Account,Medium Value,Recent (<= 90 days),70,Tier 2 — Medium Priority
J9OP2A5I,Rosalina Dieter,MG Special,MG,,,,,Engaging,2017-05-02,243,Unassigned Account,Low Value,Stalled / Critical (> 180 days),50,Tier 3 — Lower Priority
J9PCNCUP,Kary Hendrixson,GTX Basic,GTX,Golddex,finance,52.5,165.0,Engaging,2017-11-06,55,Commercial / Small,Low Value,Recent (<= 90 days),65,Tier 2 — Medium Priority
JA5G7YBO,Markita Hansen,MG Special,MG,Blackzim,retail,497.11,1588.0,Engaging,2017-03-05,301,Mid-Market,Low Value,Stalled / Critical (> 180 days),60,Tier 2 — Medium Priority
JB3J080M,Kary Hendrixson,GTX Plus Pro,GTX,,,,,Engaging,2017-07-11,173,Unassigned Account,High Value,Aging (91-180 days),75,Tier 1 — High Priority
JB60NPU9,Corliss Cosme,GTX Pro,GTX,,,,,Engaging,2017-09-11,111,Unassigned Account,High Value,Aging (91-180 days),75,Tier 1 — High Priority
JBECEURV,Zane Levy,GTX Basic,GTX,,,,,Engaging,2017-09-14,108,Unassigned Account,Low Value,Aging (91-180 days),55,Tier 2 — Medium Priority
JC7DDV56,Anna Snelling,MG Special,MG,,,,,Prospecting,,0,Unassigned Account,Low Value,Unengaged (Prospecting),30,Tier 3 — Lower Priority
JCPQZ2SN,Hayden Neloms,GTX Plus Basic,GTX,Cheers,entertainment,4269.9,6472.0,Engaging,2017-02-04,330,Enterprise,Medium Value,Stalled / Critical (> 180 days),80,Tier 1 — High Priority
JCRT0QHO,Darcel Schlecht,GTX Plus Basic,GTX,,,,,Prospecting,,0,Unassigned Account,Medium Value,Unengaged (Prospecting),40,Tier 3 — Lower Priority
JD7ACALY,Versie Hillebrand,MG Special,MG,,,,,Prospecting,,0,Unassigned Account,Low Value,Unengaged (Prospecting),30,Tier 3 — Lower Priority
JDHHDOX8,Jonathan Berthelot,GTX Basic,GTX,,,,,Engaging,2017-07-20,164,Unassigned Account,Low Value,Aging (91-180 days),55,Tier 2 — Medium Priority
JDXSS1HT,Markita Hansen,GTX Basic,GTX,Silis,medical,2818.38,6290.0,Engaging,2017-03-08,298,Enterprise,Low Value,Stalled / Critical (> 180 days),70,Tier 2 — Medium Priority
JEWIBFH9,Wilburn Farren,MG Advanced,MG,,,,,Engaging,2017-08-14,139,Unassigned Account,Medium Value,Aging (91-180 days),65,Tier 2 — Medium Priority
JF4MEWPX,Moses Frase,GTX Basic,GTX,,,,,Prospecting,,0,Unassigned Account,Low Value,Unengaged (Prospecting),30,Tier 3 — Lower Priority
JGXK8P6T,Zane Levy,MG Advanced,MG,,,,,Engaging,2017-08-01,152,Unassigned Account,Medium Value,Aging (91-180 days),65,Tier 2 — Medium Priority
JH643YRI,Lajuana Vencill,MG Advanced,MG,Umbrella Corporation,finance,2022.14,5113.0,Engaging,2017-07-25,159,Enterprise,Medium Value,Aging (91-180 days),85,Tier 1 — High Priority
JHCA115A,Vicki Laflamme,GTX Pro,GTX,Green-Plus,services,692.19,1922.0,Engaging,2017-07-19,165,Mid-Market,High Value,Aging (91-180 days),85,Tier 1 — High Priority
JHNDPI2N,Anna Snelling,MG Special,MG,J-Texon,retail,1388.67,3583.0,Prospecting,,0,Mid-Market,Low Value,Unengaged (Prospecting),40,Tier 3 — Lower Priority
JIACLB24,Vicki Laflamme,GTX Basic,GTX,Scottech,marketing,45.39,100.0,Engaging,2017-01-14,351,Commercial / Small,Low Value,Stalled / Critical (> 180 days),55,Tier 2 — Medium Priority
JIEO87ZV,Daniell Hammack,MG Advanced,MG,,,,,Engaging,2017-10-06,86,Unassigned Account,Medium Value,Recent (<= 90 days),70,Tier 2 — Medium Priority
JJGRAQ2K,Kary Hendrixson,GTX Plus Pro,GTX,Rangreen,technology,2938.67,8775.0,Engaging,2017-10-23,69,Enterprise,High Value,Recent (<= 90 days),100,Tier 1 — High Priority
JKAYQ4HQ,Elease Gluck,MG Special,MG,,,,,Engaging,2017-09-03,119,Unassigned Account,Low Value,Aging (91-180 days),55,Tier 2 — Medium Priority
JL9ERNVY,Boris Faz,GTX Plus Pro,GTX,,,,,Engaging,2017-05-20,225,Unassigned Account,High Value,Stalled / Critical (> 180 days),70,Tier 2 — Medium Priority
JLZCOLIE,Gladys Colclough,MG Advanced,MG,,,,,Prospecting,,0,Unassigned Account,Medium Value,Unengaged (Prospecting),40,Tier 3 — Lower Priority
JM5GDLEF,Corliss Cosme,GTX Pro,GTX,,,,,Engaging,2017-05-20,225,Unassigned Account,High Value,Stalled / Critical (> 180 days),70,Tier 2 — Medium Priority
JNEQWZQK,Wilburn Farren,GTX Basic,GTX,,,,,Engaging,2017-04-25,250,Unassigned Account,Low Value,Stalled / Critical (> 180 days),50,Tier 3 — Lower Priority
JOLNKYNH,Moses Frase,MG Advanced,MG,,,,,Engaging,2017-07-22,162,Unassigned Account,Medium Value,Aging (91-180 days),65,Tier 2 — Medium Priority
JQ338VQC,Versie Hillebrand,MG Special,MG,Blackzim,retail,497.11,1588.0,Prospecting,,0,Mid-Market,Low Value,Unengaged (Prospecting),40,Tier 3 — Lower Priority
JQ5AOYQ8,Darcel Schlecht,MG Advanced,MG,,,,,Engaging,2017-07-27,157,Unassigned Account,Medium Value,Aging (91-180 days),65,Tier 2 — Medium Priority
JQA8H6M5,Kami Bicknell,GTX Plus Pro,GTX,,,,,Engaging,2017-02-15,319,Unassigned Account,High Value,Stalled / Critical (> 180 days),70,Tier 2 — Medium Priority
JQBN7PXK,Gladys Colclough,MG Advanced,MG,Xx-zobam,entertainment,3838.39,8274.0,Prospecting,,0,Enterprise,Medium Value,Unengaged (Prospecting),60,Tier 2 — Medium Priority
JS5N8USN,Corliss Cosme,GTX Plus Basic,GTX,,,,,Engaging,2017-06-14,200,Unassigned Account,Medium Value,Stalled / Critical (> 180 days),60,Tier 2 — Medium Priority
JSTHYUCD,Anna Snelling,MG Special,MG,,,,,Prospecting,,0,Unassigned Account,Low Value,Unengaged (Prospecting),30,Tier 3 — Lower Priority
JSZZN48S,James Ascencio,GTX Plus Pro,GTX,,,,,Engaging,2017-02-28,306,Unassigned Account,High Value,Stalled / Critical (> 180 days),70,Tier 2 — Medium Priority
JUCNIG4H,James Ascencio,GTX Basic,GTX,,,,,Engaging,2016-12-05,391,Unassigned Account,Low Value,Stalled / Critical (> 180 days),50,Tier 3 — Lower Priority
JUHQ1POT,Boris Faz,GTX Plus Basic,GTX,Streethex,retail,1376.8,1165.0,Engaging,2017-07-01,183,Mid-Market,Medium Value,Stalled / Critical (> 180 days),70,Tier 2 — Medium Priority
JVF7HZMV,Zane Levy,GTX Plus Basic,GTX,,,,,Engaging,2017-11-28,33,Unassigned Account,Medium Value,Recent (<= 90 days),70,Tier 2 — Medium Priority
JVXGG70X,Darcel Schlecht,GTX Plus Pro,GTX,,,,,Prospecting,,0,Unassigned Account,High Value,Unengaged (Prospecting),50,Tier 3 — Lower Priority
JW4Q5F4Z,Cassey Cress,MG Special,MG,,,,,Engaging,2017-04-01,274,Unassigned Account,Low Value,Stalled / Critical (> 180 days),50,Tier 3 — Lower Priority
JXUSPNPV,Markita Hansen,GTX Plus Basic,GTX,,,,,Engaging,2017-09-26,96,Unassigned Account,Medium Value,Aging (91-180 days),65,Tier 2 — Medium Priority
JZ4QLP1W,Lajuana Vencill,MG Special,MG,Bioplex,medical,326.82,1016.0,Prospecting,,0,Mid-Market,Low Value,Unengaged (Prospecting),40,Tier 3 — Lower Priority
K1K48OTP,Kary Hendrixson,GTX Plus Pro,GTX,Conecom,technology,1520.66,1806.0,Engaging,2017-07-07,177,Mid-Market,High Value,Aging (91-180 days),85,Tier 1 — High Priority
K2NPVZL8,Kami Bicknell,GTX Basic,GTX,,,,,Engaging,2017-09-23,99,Unassigned Account,Low Value,Aging (91-180 days),55,Tier 2 — Medium Priority
K38J8D75,Niesha Huffines,GTX Basic,GTX,,,,,Prospecting,,0,Unassigned Account,Low Value,Unengaged (Prospecting),30,Tier 3 — Lower Priority
K5CWSFCW,Elease Gluck,GTX Pro,GTX,Blackzim,retail,497.11,1588.0,Engaging,2016-12-21,375,Mid-Market,High Value,Stalled / Critical (> 180 days),80,Tier 1 — High Priority
K5GFWLKM,Boris Faz,GTX Plus Basic,GTX,,,,,Engaging,2017-05-09,236,Unassigned Account,Medium Value,Stalled / Critical (> 180 days),60,Tier 2 — Medium Priority
K63TD0WD,Versie Hillebrand,MG Special,MG,,,,,Engaging,2017-07-31,153,Unassigned Account,Low Value,Aging (91-180 days),55,Tier 2 — Medium Priority
K64TY8LU,Maureen Marcano,MG Special,MG,,,,,Engaging,2017-01-16,349,Unassigned Account,Low Value,Stalled / Critical (> 180 days),50,Tier 3 — Lower Priority
K6M3EX4O,Kami Bicknell,GTX Plus Basic,GTX,,,,,Engaging,2017-04-15,260,Unassigned Account,Medium Value,Stalled / Critical (> 180 days),60,Tier 2 — Medium Priority
K6MTPSB5,Lajuana Vencill,GTX Basic,GTX,,,,,Engaging,2017-07-23,161,Unassigned Account,Low Value,Aging (91-180 days),55,Tier 2 — Medium Priority
K7056XS7,Rosie Papadopoulos,MG Advanced,MG,Kinnamplus,retail,702.72,1831.0,Engaging,2017-07-05,179,Mid-Market,Medium Value,Aging (91-180 days),75,Tier 1 — High Priority
K72CEXGZ,Maureen Marcano,GTX Plus Basic,GTX,,,,,Engaging,2017-03-20,286,Unassigned Account,Medium Value,Stalled / Critical (> 180 days),60,Tier 2 — Medium Priority
K7L1RE8B,Niesha Huffines,MG Special,MG,,,,,Prospecting,,0,Unassigned Account,Low Value,Unengaged (Prospecting),30,Tier 3 — Lower Priority
K7TV5UBZ,James Ascencio,GTX Plus Pro,GTX,,,,,Engaging,2017-05-24,221,Unassigned Account,High Value,Stalled / Critical (> 180 days),70,Tier 2 — Medium Priority
K8ITR8PA,Niesha Huffines,GTX Plus Pro,GTX,,,,,Prospecting,,0,Unassigned Account,High Value,Unengaged (Prospecting),50,Tier 3 — Lower Priority
K8LRZ95S,Maureen Marcano,GTX Plus Basic,GTX,,,,,Engaging,2017-04-18,257,Unassigned Account,Medium Value,Stalled / Critical (> 180 days),60,Tier 2 — Medium Priority
K9KGXL2E,Markita Hansen,MG Advanced,MG,Lexiqvolax,medical,1618.89,3889.0,Engaging,2017-12-13,18,Mid-Market,Medium Value,Recent (<= 90 days),80,Tier 1 — High Priority
KAGK2GQJ,James Ascencio,GTX Plus Pro,GTX,,,,,Engaging,2017-09-01,121,Unassigned Account,High Value,Aging (91-180 days),75,Tier 1 — High Priority
KAZ72JJ0,Versie Hillebrand,MG Special,MG,,,,,Prospecting,,0,Unassigned Account,Low Value,Unengaged (Prospecting),30,Tier 3 — Lower Priority
KBPKLB2X,Jonathan Berthelot,GTX Pro,GTX,,,,,Engaging,2017-08-14,139,Unassigned Account,High Value,Aging (91-180 days),75,Tier 1 — High Priority
KBQ16F1I,Zane Levy,GTX Basic,GTX,,,,,Engaging,2017-03-03,303,Unassigned Account,Low Value,Stalled / Critical (> 180 days),50,Tier 3 — Lower Priority
KBR253C0,Kami Bicknell,MG Advanced,MG,,,,,Engaging,2017-01-29,336,Unassigned Account,Medium Value,Stalled / Critical (> 180 days),60,Tier 2 — Medium Priority
KD6MB4AP,Elease Gluck,MG Special,MG,,,,,Engaging,2016-12-11,385,Unassigned Account,Low Value,Stalled / Critical (> 180 days),50,Tier 3 — Lower Priority
KDPBAHOJ,Kami Bicknell,MG Advanced,MG,,,,,Engaging,2017-06-20,194,Unassigned Account,Medium Value,Stalled / Critical (> 180 days),60,Tier 2 — Medium Priority
KF05URX0,Corliss Cosme,MG Special,MG,,,,,Engaging,2017-05-11,234,Unassigned Account,Low Value,Stalled / Critical (> 180 days),50,Tier 3 — Lower Priority
KFPM2LJW,Rosalina Dieter,GTX Basic,GTX,,,,,Engaging,2016-12-25,371,Unassigned Account,Low Value,Stalled / Critical (> 180 days),50,Tier 3 — Lower Priority
KFSKQ291,Gladys Colclough,MG Advanced,MG,Plusstrip,entertainment,349.81,315.0,Prospecting,,0,Commercial / Small,Medium Value,Unengaged (Prospecting),45,Tier 3 — Lower Priority
KIKG1BGV,Moses Frase,MG Advanced,MG,Domzoom,entertainment,217.87,551.0,Engaging,2017-08-02,151,Commercial / Small,Medium Value,Aging (91-180 days),70,Tier 2 — Medium Priority
KIKV29M0,Darcel Schlecht,GTX Plus Pro,GTX,,,,,Prospecting,,0,Unassigned Account,High Value,Unengaged (Prospecting),50,Tier 3 — Lower Priority
KIOF5EM0,Versie Hillebrand,MG Special,MG,,,,,Prospecting,,0,Unassigned Account,Low Value,Unengaged (Prospecting),30,Tier 3 — Lower Priority
KJHM27ZM,Daniell Hammack,GTX Plus Pro,GTX,Labdrill,medical,2741.37,9226.0,Engaging,2017-05-15,230,Enterprise,High Value,Stalled / Critical (> 180 days),90,Tier 1 — High Priority
KKRJ6TBY,Daniell Hammack,GTX Pro,GTX,Scotfind,software,6354.87,16780.0,Engaging,2017-04-01,274,Enterprise,High Value,Stalled / Critical (> 180 days),90,Tier 1 — High Priority
KKUHAY4O,Lajuana Vencill,MG Advanced,MG,,,,,Prospecting,,0,Unassigned Account,Medium Value,Unengaged (Prospecting),40,Tier 3 — Lower Priority
KLUS7RVS,Versie Hillebrand,MG Special,MG,Opentech,finance,355.23,853.0,Prospecting,,0,Commercial / Small,Low Value,Unengaged (Prospecting),35,Tier 3 — Lower Priority
KM1D04JS,James Ascencio,GTX Plus Basic,GTX,,,,,Engaging,2017-02-16,318,Unassigned Account,Medium Value,Stalled / Critical (> 180 days),60,Tier 2 — Medium Priority
KMB8TJ0I,Hayden Neloms,MG Advanced,MG,,,,,Engaging,2017-03-24,282,Unassigned Account,Medium Value,Stalled / Critical (> 180 days),60,Tier 2 — Medium Priority
KN4LCS4D,Moses Frase,MG Special,MG,,,,,Prospecting,,0,Unassigned Account,Low Value,Unengaged (Prospecting),30,Tier 3 — Lower Priority
KO7JWXCT,Darcel Schlecht,GTX Pro,GTX,,,,,Prospecting,,0,Unassigned Account,High Value,Unengaged (Prospecting),50,Tier 3 — Lower Priority
KOPIWJO5,Marty Freudenburg,GTX Plus Basic,GTX,,,,,Prospecting,,0,Unassigned Account,Medium Value,Unengaged (Prospecting),40,Tier 3 — Lower Priority
KPH05GU8,Lajuana Vencill,MG Advanced,MG,The New York Inquirer,medical,439.21,792.0,Engaging,2017-07-26,158,Commercial / Small,Medium Value,Aging (91-180 days),70,Tier 2 — Medium Priority
KPYCCBQA,Cecily Lampkin,GTX Plus Basic,GTX,,,,,Engaging,2017-07-27,157,Unassigned Account,Medium Value,Aging (91-180 days),65,Tier 2 — Medium Priority
KQ83VL8T,Boris Faz,GTX Plus Basic,GTX,,,,,Engaging,2017-09-17,105,Unassigned Account,Medium Value,Aging (91-180 days),65,Tier 2 — Medium Priority
KQPNPH8A,Cecily Lampkin,GTX Plus Pro,GTX,,,,,Prospecting,,0,Unassigned Account,High Value,Unengaged (Prospecting),50,Tier 3 — Lower Priority
KR22DD8M,Cassey Cress,GTX Basic,GTX,,,,,Engaging,2017-08-17,136,Unassigned Account,Low Value,Aging (91-180 days),55,Tier 2 — Medium Priority
KRWKDPWW,Darcel Schlecht,GTX Plus Basic,GTX,,,,,Engaging,2017-07-20,164,Unassigned Account,Medium Value,Aging (91-180 days),65,Tier 2 — Medium Priority
KSOW4MUK,Kami Bicknell,GTX Basic,GTX,,,,,Engaging,2017-06-17,197,Unassigned Account,Low Value,Stalled / Critical (> 180 days),50,Tier 3 — Lower Priority
KT4OEP4X,Versie Hillebrand,MG Special,MG,,,,,Engaging,2017-07-24,160,Unassigned Account,Low Value,Aging (91-180 days),55,Tier 2 — Medium Priority
KTC0RC8I,James Ascencio,MG Special,MG,,,,,Engaging,2017-04-23,252,Unassigned Account,Low Value,Stalled / Critical (> 180 days),50,Tier 3 — Lower Priority
KTSP63I0,Marty Freudenburg,MG Advanced,MG,,,,,Prospecting,,0,Unassigned Account,Medium Value,Unengaged (Prospecting),40,Tier 3 — Lower Priority
KTWP0SMT,Jonathan Berthelot,GTX Basic,GTX,,,,,Engaging,2017-07-20,164,Unassigned Account,Low Value,Aging (91-180 days),55,Tier 2 — Medium Priority
KV2OFRJT,Kami Bicknell,GTX Pro,GTX,,,,,Engaging,2016-12-13,383,Unassigned Account,High Value,Stalled / Critical (> 180 days),70,Tier 2 — Medium Priority
KVR52YDI,Corliss Cosme,GTX Pro,GTX,,,,,Engaging,2017-03-01,305,Unassigned Account,High Value,Stalled / Critical (> 180 days),70,Tier 2 — Medium Priority
KXR63BV7,Corliss Cosme,GTX Pro,GTX,,,,,Engaging,2017-09-04,118,Unassigned Account,High Value,Aging (91-180 days),75,Tier 1 — High Priority
L0GMLGRR,Vicki Laflamme,MG Special,MG,,,,,Engaging,2017-03-02,304,Unassigned Account,Low Value,Stalled / Critical (> 180 days),50,Tier 3 — Lower Priority
L1YN7LDL,Cassey Cress,MG Special,MG,Bluth Company,technology,1242.32,3027.0,Engaging,2017-06-16,198,Mid-Market,Low Value,Stalled / Critical (> 180 days),60,Tier 2 — Medium Priority
L2S4T3VA,Cassey Cress,GTX Plus Pro,GTX,,,,,Engaging,2017-02-08,326,Unassigned Account,High Value,Stalled / Critical (> 180 days),70,Tier 2 — Medium Priority
L4R7LDY1,Violet Mclelland,MG Special,MG,Hatfan,services,792.46,1299.0,Engaging,2017-08-17,136,Mid-Market,Low Value,Aging (91-180 days),65,Tier 2 — Medium Priority
L5PS6S68,Gladys Colclough,MG Advanced,MG,,,,,Prospecting,,0,Unassigned Account,Medium Value,Unengaged (Prospecting),40,Tier 3 — Lower Priority
L6223VHA,Darcel Schlecht,GTX Pro,GTX,Sumace,retail,167.89,493.0,Engaging,2017-07-26,158,Commercial / Small,High Value,Aging (91-180 days),80,Tier 1 — High Priority
L7PPTHLF,Lajuana Vencill,GTX Plus Basic,GTX,,,,,Prospecting,,0,Unassigned Account,Medium Value,Unengaged (Prospecting),40,Tier 3 — Lower Priority
L8XNQONA,Zane Levy,GTX Basic,GTX,Inity,marketing,2403.58,8801.0,Engaging,2017-11-27,34,Enterprise,Low Value,Recent (<= 90 days),80,Tier 1 — High Priority
L9EVLHSJ,Kami Bicknell,GTX Plus Basic,GTX,,,,,Engaging,2017-10-08,84,Unassigned Account,Medium Value,Recent (<= 90 days),70,Tier 2 — Medium Priority
LABZ0UGB,Cecily Lampkin,GTX Plus Basic,GTX,,,,,Prospecting,,0,Unassigned Account,Medium Value,Unengaged (Prospecting),40,Tier 3 — Lower Priority
LAYVBSH4,Anna Snelling,GTX Basic,GTX,,,,,Engaging,2017-07-19,165,Unassigned Account,Low Value,Aging (91-180 days),55,Tier 2 — Medium Priority
LBO52V0N,Cassey Cress,GTX Pro,GTX,,,,,Engaging,2017-08-14,139,Unassigned Account,High Value,Aging (91-180 days),75,Tier 1 — High Priority
LC2RIMSX,Rosalina Dieter,GTX Pro,GTX,Vehement Capital Partners,finance,646.1,883.0,Engaging,2017-06-10,204,Mid-Market,High Value,Stalled / Critical (> 180 days),80,Tier 1 — High Priority
LC93MVYP,Kami Bicknell,GTX Basic,GTX,,,,,Engaging,2017-12-01,30,Unassigned Account,Low Value,Recent (<= 90 days),60,Tier 2 — Medium Priority
LCQ934W7,Cassey Cress,GTX Plus Basic,GTX,Xx-holding,finance,7537.24,20293.0,Engaging,2017-05-05,240,Enterprise,Medium Value,Stalled / Critical (> 180 days),80,Tier 1 — High Priority
LD4F6QTP,Anna Snelling,GTX Plus Pro,GTX,Groovestreet,retail,223.8,299.0,Engaging,2017-07-20,164,Commercial / Small,High Value,Aging (91-180 days),80,Tier 1 — High Priority
LDJ6VTNW,Daniell Hammack,GTX Plus Basic,GTX,,,,,Engaging,2017-10-04,88,Unassigned Account,Medium Value,Recent (<= 90 days),70,Tier 2 — Medium Priority
LDK61ORQ,Hayden Neloms,MG Special,MG,Xx-zobam,entertainment,3838.39,8274.0,Engaging,2017-07-19,165,Enterprise,Low Value,Aging (91-180 days),75,Tier 1 — High Priority
LDQITW5C,Lajuana Vencill,MG Advanced,MG,Acme Corporation,technology,1100.04,2822.0,Engaging,2017-08-03,150,Mid-Market,Medium Value,Aging (91-180 days),75,Tier 1 — High Priority
LEJWV2Y5,Darcel Schlecht,GTX Basic,GTX,Donquadtech,technology,1712.68,3194.0,Prospecting,,0,Mid-Market,Low Value,Unengaged (Prospecting),40,Tier 3 — Lower Priority
LFD1ZGJ8,Darcel Schlecht,GTX Pro,GTX,,,,,Prospecting,,0,Unassigned Account,High Value,Unengaged (Prospecting),50,Tier 3 — Lower Priority
LFI3BGEE,Daniell Hammack,GTX Plus Pro,GTX,,,,,Engaging,2017-09-22,100,Unassigned Account,High Value,Aging (91-180 days),75,Tier 1 — High Priority
LFJVV393,Hayden Neloms,GTX Plus Basic,GTX,,,,,Engaging,2017-08-13,140,Unassigned Account,Medium Value,Aging (91-180 days),65,Tier 2 — Medium Priority
LHBWJAD3,Darcel Schlecht,GTX Plus Basic,GTX,,,,,Engaging,2017-07-20,164,Unassigned Account,Medium Value,Aging (91-180 days),65,Tier 2 — Medium Priority
LIB4KUZJ,Versie Hillebrand,MG Advanced,MG,,,,,Prospecting,,0,Unassigned Account,Medium Value,Unengaged (Prospecting),40,Tier 3 — Lower Priority
LIQZNH9U,Kary Hendrixson,GTX Plus Pro,GTX,,,,,Engaging,2017-03-31,275,Unassigned Account,High Value,Stalled / Critical (> 180 days),70,Tier 2 — Medium Priority
LJBQ7P0V,James Ascencio,MG Special,MG,Zotware,software,4478.47,13809.0,Engaging,2017-03-09,297,Enterprise,Low Value,Stalled / Critical (> 180 days),70,Tier 2 — Medium Priority
LKDSEQ2Q,Darcel Schlecht,GTX Plus Basic,GTX,Yearin,retail,2261.05,3851.0,Prospecting,,0,Mid-Market,Medium Value,Unengaged (Prospecting),50,Tier 3 — Lower Priority
LKJZEISS,Zane Levy,GTX Basic,GTX,,,,,Engaging,2017-08-24,129,Unassigned Account,Low Value,Aging (91-180 days),55,Tier 2 — Medium Priority
LLQCQOCR,Kary Hendrixson,GTX Plus Basic,GTX,,,,,Engaging,2017-06-19,195,Unassigned Account,Medium Value,Stalled / Critical (> 180 days),60,Tier 2 — Medium Priority
LMKNU8IZ,Markita Hansen,GTX Pro,GTX,,,,,Engaging,2017-02-24,310,Unassigned Account,High Value,Stalled / Critical (> 180 days),70,Tier 2 — Medium Priority
LMOAYCUK,Kami Bicknell,GTX Plus Basic,GTX,Plusstrip,entertainment,349.81,315.0,Engaging,2017-01-11,354,Commercial / Small,Medium Value,Stalled / Critical (> 180 days),65,Tier 2 — Medium Priority
LMU41E2W,Rosalina Dieter,MG Special,MG,,,,,Engaging,2017-08-30,123,Unassigned Account,Low Value,Aging (91-180 days),55,Tier 2 — Medium Priority
LO8L5ELD,Darcel Schlecht,GTX Pro,GTX,Inity,marketing,2403.58,8801.0,Prospecting,,0,Enterprise,High Value,Unengaged (Prospecting),70,Tier 2 — Medium Priority
LOHJU3OB,Zane Levy,GTX Pro,GTX,,,,,Engaging,2017-09-10,112,Unassigned Account,High Value,Aging (91-180 days),75,Tier 1 — High Priority
LOQ46F0T,Cassey Cress,GTX Basic,GTX,,,,,Engaging,2017-09-03,119,Unassigned Account,Low Value,Aging (91-180 days),55,Tier 2 — Medium Priority
LORMJLTE,Lajuana Vencill,GTX Plus Basic,GTX,Konmatfix,marketing,375.43,1190.0,Engaging,2017-07-19,165,Mid-Market,Medium Value,Aging (91-180 days),75,Tier 1 — High Priority
LR45YFE4,Violet Mclelland,MG Special,MG,Groovestreet,retail,223.8,299.0,Engaging,2017-05-03,242,Commercial / Small,Low Value,Stalled / Critical (> 180 days),55,Tier 2 — Medium Priority
LSA39JBG,Daniell Hammack,GTX Basic,GTX,,,,,Engaging,2017-03-05,301,Unassigned Account,Low Value,Stalled / Critical (> 180 days),50,Tier 3 — Lower Priority
LSVGDJ1A,Kary Hendrixson,GTX Plus Pro,GTX,,,,,Engaging,2017-04-17,258,Unassigned Account,High Value,Stalled / Critical (> 180 days),70,Tier 2 — Medium Priority
LT111IZL,Moses Frase,MG Special,MG,,,,,Engaging,2017-08-12,141,Unassigned Account,Low Value,Aging (91-180 days),55,Tier 2 — Medium Priority
LTVGILHP,Kary Hendrixson,GTX Basic,GTX,Bioholding,medical,587.34,1356.0,Engaging,2017-05-11,234,Mid-Market,Low Value,Stalled / Critical (> 180 days),60,Tier 2 — Medium Priority
LUTZ8UQM,Darcel Schlecht,GTX Pro,GTX,Isdom,medical,3178.24,4540.0,Engaging,2017-07-25,159,Enterprise,High Value,Aging (91-180 days),95,Tier 1 — High Priority
LWPFQ1UA,Kary Hendrixson,GTX Basic,GTX,,,,,Engaging,2017-04-15,260,Unassigned Account,Low Value,Stalled / Critical (> 180 days),50,Tier 3 — Lower Priority
LWXHKI88,Vicki Laflamme,MG Special,MG,,,,,Engaging,2017-03-28,278,Unassigned Account,Low Value,Stalled / Critical (> 180 days),50,Tier 3 — Lower Priority
LXM6CTMS,Hayden Neloms,GTX Plus Basic,GTX,,,,,Engaging,2017-02-12,322,Unassigned Account,Medium Value,Stalled / Critical (> 180 days),60,Tier 2 — Medium Priority
LXS3Z82E,Niesha Huffines,MG Advanced,MG,,,,,Engaging,2017-07-23,161,Unassigned Account,Medium Value,Aging (91-180 days),65,Tier 2 — Medium Priority
LXVCMY4C,Daniell Hammack,GTX Pro,GTX,,,,,Engaging,2017-08-17,136,Unassigned Account,High Value,Aging (91-180 days),75,Tier 1 — High Priority
LXZD2PZD,Corliss Cosme,GTX Plus Pro,GTX,,,,,Engaging,2017-04-04,271,Unassigned Account,High Value,Stalled / Critical (> 180 days),70,Tier 2 — Medium Priority
LZ3B174J,Vicki Laflamme,MG Special,MG,,,,,Engaging,2017-09-29,93,Unassigned Account,Low Value,Aging (91-180 days),55,Tier 2 — Medium Priority
LZW4N9KF,Darcel Schlecht,GTX Plus Pro,GTX,Zathunicon,retail,71.12,144.0,Prospecting,,0,Commercial / Small,High Value,Unengaged (Prospecting),55,Tier 2 — Medium Priority
M16D8PYH,Daniell Hammack,GTX Plus Pro,GTX,,,,,Engaging,2017-01-05,360,Unassigned Account,High Value,Stalled / Critical (> 180 days),70,Tier 2 — Medium Priority
M22PCEKY,Moses Frase,GTX Basic,GTX,,,,,Prospecting,,0,Unassigned Account,Low Value,Unengaged (Prospecting),30,Tier 3 — Lower Priority
M2A8EY5Q,Hayden Neloms,GTX Plus Pro,GTX,,,,,Engaging,2017-07-16,168,Unassigned Account,High Value,Aging (91-180 days),75,Tier 1 — High Priority
M2ZRU2UH,Rosalina Dieter,GTX Basic,GTX,,,,,Engaging,2017-07-28,156,Unassigned Account,Low Value,Aging (91-180 days),55,Tier 2 — Medium Priority
M3IMVC9G,Rosalina Dieter,GTX Plus Basic,GTX,,,,,Engaging,2017-05-16,229,Unassigned Account,Medium Value,Stalled / Critical (> 180 days),60,Tier 2 — Medium Priority
M41NS5DN,Cassey Cress,GTX Plus Pro,GTX,,,,,Engaging,2017-03-24,282,Unassigned Account,High Value,Stalled / Critical (> 180 days),70,Tier 2 — Medium Priority
M4WW6I1S,Lajuana Vencill,MG Special,MG,,,,,Prospecting,,0,Unassigned Account,Low Value,Unengaged (Prospecting),30,Tier 3 — Lower Priority
M5FP7HGQ,Moses Frase,MG Special,MG,,,,,Engaging,2017-07-28,156,Unassigned Account,Low Value,Aging (91-180 days),55,Tier 2 — Medium Priority
M5ZYQFGR,Moses Frase,MG Advanced,MG,,,,,Prospecting,,0,Unassigned Account,Medium Value,Unengaged (Prospecting),40,Tier 3 — Lower Priority
M64OQCC3,Darcel Schlecht,MG Special,MG,,,,,Prospecting,,0,Unassigned Account,Low Value,Unengaged (Prospecting),30,Tier 3 — Lower Priority
M6JT5RL8,Darcel Schlecht,GTX Pro,GTX,,,,,Engaging,2017-07-27,157,Unassigned Account,High Value,Aging (91-180 days),75,Tier 1 — High Priority
M7I5O9YU,Corliss Cosme,GTX Basic,GTX,Cheers,entertainment,4269.9,6472.0,Engaging,2016-11-23,403,Enterprise,Low Value,Stalled / Critical (> 180 days),70,Tier 2 — Medium Priority
M7UNLZEP,Marty Freudenburg,GTX Pro,GTX,Finhigh,finance,1102.43,1759.0,Prospecting,,0,Mid-Market,High Value,Unengaged (Prospecting),60,Tier 2 — Medium Priority
M857G6G1,Vicki Laflamme,MG Advanced,MG,,,,,Engaging,2017-04-18,257,Unassigned Account,Medium Value,Stalled / Critical (> 180 days),60,Tier 2 — Medium Priority
M9GP930T,Rosalina Dieter,MG Special,MG,,,,,Engaging,2017-04-23,252,Unassigned Account,Low Value,Stalled / Critical (> 180 days),50,Tier 3 — Lower Priority
M9V8824W,Corliss Cosme,MG Advanced,MG,,,,,Engaging,2017-04-07,268,Unassigned Account,Medium Value,Stalled / Critical (> 180 days),60,Tier 2 — Medium Priority
MA56XGWR,Daniell Hammack,GTX Basic,GTX,Iselectrics,technology,527.11,1428.0,Engaging,2017-11-05,56,Mid-Market,Low Value,Recent (<= 90 days),70,Tier 2 — Medium Priority
MAH5U65E,Vicki Laflamme,MG Advanced,MG,,,,,Engaging,2017-08-18,135,Unassigned Account,Medium Value,Aging (91-180 days),65,Tier 2 — Medium Priority
MB7G8DWS,Cassey Cress,GTX Plus Pro,GTX,,,,,Engaging,2017-04-03,272,Unassigned Account,High Value,Stalled / Critical (> 180 days),70,Tier 2 — Medium Priority
MBPJUJ7F,Jonathan Berthelot,GTX Basic,GTX,Plexzap,retail,2437.85,4874.0,Engaging,2017-08-10,143,Mid-Market,Low Value,Aging (91-180 days),65,Tier 2 — Medium Priority
MBYOJR5A,Marty Freudenburg,GTX Plus Pro,GTX,,,,,Engaging,2017-08-01,152,Unassigned Account,High Value,Aging (91-180 days),75,Tier 1 — High Priority
MCA0202R,Kary Hendrixson,GTX Basic,GTX,,,,,Engaging,2017-06-12,202,Unassigned Account,Low Value,Stalled / Critical (> 180 days),50,Tier 3 — Lower Priority
MCE5DKD1,Markita Hansen,MG Special,MG,Bioholding,medical,587.34,1356.0,Engaging,2017-01-10,355,Mid-Market,Low Value,Stalled / Critical (> 180 days),60,Tier 2 — Medium Priority
MFU6Y5HX,Niesha Huffines,MG Special,MG,,,,,Prospecting,,0,Unassigned Account,Low Value,Unengaged (Prospecting),30,Tier 3 — Lower Priority
MG1YUTUE,Markita Hansen,MG Special,MG,Acme Corporation,technology,1100.04,2822.0,Engaging,2017-10-01,91,Mid-Market,Low Value,Aging (91-180 days),65,Tier 2 — Medium Priority
MGD7DZAU,Kami Bicknell,GTX Basic,GTX,Globex Corporation,technology,1223.72,2497.0,Engaging,2017-05-19,226,Mid-Market,Low Value,Stalled / Critical (> 180 days),60,Tier 2 — Medium Priority
MI3MV7PU,Marty Freudenburg,MG Advanced,MG,Acme Corporation,technology,1100.04,2822.0,Prospecting,,0,Mid-Market,Medium Value,Unengaged (Prospecting),50,Tier 3 — Lower Priority
MIA65OVY,Elease Gluck,MG Special,MG,,,,,Engaging,2017-10-06,86,Unassigned Account,Low Value,Recent (<= 90 days),60,Tier 2 — Medium Priority
MIGDLH14,Zane Levy,GTX Basic,GTX,,,,,Engaging,2017-07-23,161,Unassigned Account,Low Value,Aging (91-180 days),55,Tier 2 — Medium Priority
MIXJ9F4F,Maureen Marcano,GTX Plus Basic,GTX,,,,,Engaging,2017-07-18,166,Unassigned Account,Medium Value,Aging (91-180 days),65,Tier 2 — Medium Priority
MIY4MF3R,Hayden Neloms,MG Advanced,MG,,,,,Engaging,2017-04-01,274,Unassigned Account,Medium Value,Stalled / Critical (> 180 days),60,Tier 2 — Medium Priority
MJK3UJ1B,Lajuana Vencill,MG Advanced,MG,,,,,Prospecting,,0,Unassigned Account,Medium Value,Unengaged (Prospecting),40,Tier 3 — Lower Priority
MK380H70,Anna Snelling,MG Special,MG,,,,,Engaging,2017-07-30,154,Unassigned Account,Low Value,Aging (91-180 days),55,Tier 2 — Medium Priority
MLD3WEJC,Moses Frase,MG Advanced,MG,Xx-holding,finance,7537.24,20293.0,Engaging,2017-07-25,159,Enterprise,Medium Value,Aging (91-180 days),85,Tier 1 — High Priority
MM79TSUR,Versie Hillebrand,MG Special,MG,,,,,Engaging,2017-07-22,162,Unassigned Account,Low Value,Aging (91-180 days),55,Tier 2 — Medium Priority
MN6E59H6,Markita Hansen,GTX Plus Pro,GTX,,,,,Engaging,2017-03-14,292,Unassigned Account,High Value,Stalled / Critical (> 180 days),70,Tier 2 — Medium Priority
MNCY3CKD,Niesha Huffines,GTX Plus Basic,GTX,Nam-zim,services,405.59,1179.0,Prospecting,,0,Mid-Market,Medium Value,Unengaged (Prospecting),50,Tier 3 — Lower Priority
MNVMY83P,Cassey Cress,GTX Pro,GTX,Plussunin,retail,1419.98,4018.0,Engaging,2016-12-10,386,Mid-Market,High Value,Stalled / Critical (> 180 days),80,Tier 1 — High Priority
MOAP4XN7,Boris Faz,GTX Pro,GTX,,,,,Engaging,2017-08-05,148,Unassigned Account,High Value,Aging (91-180 days),75,Tier 1 — High Priority
MON9ZE47,Niesha Huffines,GTX Basic,GTX,Groovestreet,retail,223.8,299.0,Prospecting,,0,Commercial / Small,Low Value,Unengaged (Prospecting),35,Tier 3 — Lower Priority
MPME6VZD,Kami Bicknell,GTX Plus Basic,GTX,Dontechi,software,4618.0,10083.0,Engaging,2017-05-29,216,Enterprise,Medium Value,Stalled / Critical (> 180 days),80,Tier 1 — High Priority
MQEFGUOG,Vicki Laflamme,GTX Basic,GTX,,,,,Engaging,2017-08-12,141,Unassigned Account,Low Value,Aging (91-180 days),55,Tier 2 — Medium Priority
MR08TTTT,Jonathan Berthelot,GTX Basic,GTX,,,,,Prospecting,,0,Unassigned Account,Low Value,Unengaged (Prospecting),30,Tier 3 — Lower Priority
MRCYKUX4,Hayden Neloms,MG Advanced,MG,,,,,Engaging,2017-03-14,292,Unassigned Account,Medium Value,Stalled / Critical (> 180 days),60,Tier 2 — Medium Priority
MRWHJE9P,Cassey Cress,GTX Plus Basic,GTX,,,,,Engaging,2017-04-21,254,Unassigned Account,Medium Value,Stalled / Critical (> 180 days),60,Tier 2 — Medium Priority
MTGV7WOM,Darcel Schlecht,GTX Plus Basic,GTX,,,,,Prospecting,,0,Unassigned Account,Medium Value,Unengaged (Prospecting),40,Tier 3 — Lower Priority
MTH7D617,Versie Hillebrand,MG Special,MG,,,,,Prospecting,,0,Unassigned Account,Low Value,Unengaged (Prospecting),30,Tier 3 — Lower Priority
MTN3BOMC,Maureen Marcano,GTX Plus Basic,GTX,,,,,Engaging,2017-07-30,154,Unassigned Account,Medium Value,Aging (91-180 days),65,Tier 2 — Medium Priority
MU7JWTP6,Cassey Cress,MG Special,MG,,,,,Engaging,2017-02-18,316,Unassigned Account,Low Value,Stalled / Critical (> 180 days),50,Tier 3 — Lower Priority
MUSSD9WD,Darcel Schlecht,GTX Plus Basic,GTX,Goodsilron,marketing,2952.73,5107.0,Engaging,2017-08-09,144,Enterprise,Medium Value,Aging (91-180 days),85,Tier 1 — High Priority
MV227O65,Maureen Marcano,GTX Plus Pro,GTX,Sonron,telecommunications,1699.85,5108.0,Engaging,2017-05-11,234,Enterprise,High Value,Stalled / Critical (> 180 days),90,Tier 1 — High Priority
MV7I9RKH,Marty Freudenburg,GTX Plus Basic,GTX,Treequote,telecommunications,5266.09,8595.0,Engaging,2017-07-21,163,Enterprise,Medium Value,Aging (91-180 days),85,Tier 1 — High Priority
MWSPTOQK,Zane Levy,GTX Pro,GTX,,,,,Engaging,2017-05-28,217,Unassigned Account,High Value,Stalled / Critical (> 180 days),70,Tier 2 — Medium Priority
MYD4PBM9,Kary Hendrixson,GTX Basic,GTX,,,,,Engaging,2017-10-03,89,Unassigned Account,Low Value,Recent (<= 90 days),60,Tier 2 — Medium Priority
N07K7DR7,Rosie Papadopoulos,MG Special,MG,Plexzap,retail,2437.85,4874.0,Engaging,2016-12-18,378,Mid-Market,Low Value,Stalled / Critical (> 180 days),60,Tier 2 — Medium Priority
N07XYH50,Gladys Colclough,GTX Pro,GTX,Newex,services,1012.72,3492.0,Engaging,2017-07-28,156,Mid-Market,High Value,Aging (91-180 days),85,Tier 1 — High Priority
N2249A7T,Markita Hansen,GTX Pro,GTX,,,,,Engaging,2017-11-02,59,Unassigned Account,High Value,Recent (<= 90 days),80,Tier 1 — High Priority
N3GVE0VP,Markita Hansen,GTK 500,GTK,,,,,Engaging,2017-05-18,227,Unassigned Account,High Value,Stalled / Critical (> 180 days),70,Tier 2 — Medium Priority
N5UIZYIV,Zane Levy,MG Special,MG,Konmatfix,marketing,375.43,1190.0,Engaging,2017-01-28,337,Mid-Market,Low Value,Stalled / Critical (> 180 days),60,Tier 2 — Medium Priority
N6BT2U29,Darcel Schlecht,GTX Pro,GTX,,,,,Prospecting,,0,Unassigned Account,High Value,Unengaged (Prospecting),50,Tier 3 — Lower Priority
N6JMQG0E,Lajuana Vencill,MG Special,MG,,,,,Prospecting,,0,Unassigned Account,Low Value,Unengaged (Prospecting),30,Tier 3 — Lower Priority
N7G1TU1X,James Ascencio,MG Advanced,MG,,,,,Engaging,2017-06-02,212,Unassigned Account,Medium Value,Stalled / Critical (> 180 days),60,Tier 2 — Medium Priority
N909ADDC,Vicki Laflamme,MG Advanced,MG,,,,,Engaging,2017-08-02,151,Unassigned Account,Medium Value,Aging (91-180 days),65,Tier 2 — Medium Priority
N9GIC5PC,Anna Snelling,GTX Plus Pro,GTX,,,,,Engaging,2017-07-27,157,Unassigned Account,High Value,Aging (91-180 days),75,Tier 1 — High Priority
NB67WD27,Lajuana Vencill,GTX Basic,GTX,,,,,Prospecting,,0,Unassigned Account,Low Value,Unengaged (Prospecting),30,Tier 3 — Lower Priority
NBBIFIKB,Wilburn Farren,MG Advanced,MG,,,,,Engaging,2017-09-15,107,Unassigned Account,Medium Value,Aging (91-180 days),65,Tier 2 — Medium Priority
NBE5EMSV,Marty Freudenburg,GTX Basic,GTX,,,,,Prospecting,,0,Unassigned Account,Low Value,Unengaged (Prospecting),30,Tier 3 — Lower Priority
NBJR3GVR,Marty Freudenburg,GTX Pro,GTX,,,,,Engaging,2017-08-01,152,Unassigned Account,High Value,Aging (91-180 days),75,Tier 1 — High Priority
NCCB118E,Darcel Schlecht,GTX Pro,GTX,,,,,Engaging,2017-07-24,160,Unassigned Account,High Value,Aging (91-180 days),75,Tier 1 — High Priority
NCMT5KK3,Vicki Laflamme,GTX Basic,GTX,Dalttechnology,software,98.79,96.0,Engaging,2017-03-07,299,Commercial / Small,Low Value,Stalled / Critical (> 180 days),55,Tier 2 — Medium Priority
ND0OV6MQ,Kary Hendrixson,GTX Plus Basic,GTX,,,,,Engaging,2017-06-26,188,Unassigned Account,Medium Value,Stalled / Critical (> 180 days),60,Tier 2 — Medium Priority
NDJBDONI,Lajuana Vencill,MG Advanced,MG,,,,,Prospecting,,0,Unassigned Account,Medium Value,Unengaged (Prospecting),40,Tier 3 — Lower Priority
NEFPSWOJ,Markita Hansen,GTX Plus Basic,GTX,Toughzap,retail,332.43,799.0,Engaging,2017-06-16,198,Commercial / Small,Medium Value,Stalled / Critical (> 180 days),65,Tier 2 — Medium Priority
NFMCPYOV,Rosie Papadopoulos,GTX Basic,GTX,Finjob,employment,2059.9,3644.0,Engaging,2017-03-30,276,Mid-Market,Low Value,Stalled / Critical (> 180 days),60,Tier 2 — Medium Priority
NGCM47PC,Zane Levy,GTX Pro,GTX,,,,,Engaging,2017-03-07,299,Unassigned Account,High Value,Stalled / Critical (> 180 days),70,Tier 2 — Medium Priority
NGG8O0JX,Markita Hansen,GTX Basic,GTX,,,,,Engaging,2017-10-13,79,Unassigned Account,Low Value,Recent (<= 90 days),60,Tier 2 — Medium Priority
NGTVHTFH,Boris Faz,GTX Pro,GTX,,,,,Engaging,2017-12-19,12,Unassigned Account,High Value,Recent (<= 90 days),80,Tier 1 — High Priority
NJC4XMEN,James Ascencio,GTX Plus Basic,GTX,Initech,telecommunications,6395.05,20275.0,Engaging,2017-09-09,113,Enterprise,Medium Value,Aging (91-180 days),85,Tier 1 — High Priority
NJNY07JZ,Darcel Schlecht,GTX Basic,GTX,Codehow,software,2714.9,2641.0,Engaging,2017-07-29,155,Enterprise,Low Value,Aging (91-180 days),75,Tier 1 — High Priority
NK1B8YME,Cassey Cress,GTX Plus Pro,GTX,,,,,Engaging,2017-07-09,175,Unassigned Account,High Value,Aging (91-180 days),75,Tier 1 — High Priority
NKFG3KKP,Versie Hillebrand,GTX Plus Pro,GTX,,,,,Prospecting,,0,Unassigned Account,High Value,Unengaged (Prospecting),50,Tier 3 — Lower Priority
NKPH3EFG,Cassey Cress,MG Advanced,MG,,,,,Engaging,2016-12-18,378,Unassigned Account,Medium Value,Stalled / Critical (> 180 days),60,Tier 2 — Medium Priority
NMKAJZJ4,Kary Hendrixson,MG Special,MG,,,,,Engaging,2017-03-06,300,Unassigned Account,Low Value,Stalled / Critical (> 180 days),50,Tier 3 — Lower Priority
NMLTE4CS,Maureen Marcano,GTX Plus Pro,GTX,,,,,Engaging,2017-09-30,92,Unassigned Account,High Value,Aging (91-180 days),75,Tier 1 — High Priority
NMY6FA6X,Corliss Cosme,MG Advanced,MG,,,,,Engaging,2017-04-24,251,Unassigned Account,Medium Value,Stalled / Critical (> 180 days),60,Tier 2 — Medium Priority
NNH4EBG8,Vicki Laflamme,MG Special,MG,Mathtouch,marketing,3027.46,9516.0,Engaging,2017-08-03,150,Enterprise,Low Value,Aging (91-180 days),75,Tier 1 — High Priority
NNNEMOZ5,James Ascencio,GTX Plus Pro,GTX,,,,,Engaging,2017-11-05,56,Unassigned Account,High Value,Recent (<= 90 days),80,Tier 1 — High Priority
NOLCZMV6,Violet Mclelland,GTX Pro,GTX,Goodsilron,marketing,2952.73,5107.0,Engaging,2017-02-21,313,Enterprise,High Value,Stalled / Critical (> 180 days),90,Tier 1 — High Priority
NPORW46K,Anna Snelling,MG Special,MG,,,,,Engaging,2017-08-14,139,Unassigned Account,Low Value,Aging (91-180 days),55,Tier 2 — Medium Priority
NR2EDMKC,Cecily Lampkin,MG Advanced,MG,,,,,Prospecting,,0,Unassigned Account,Medium Value,Unengaged (Prospecting),40,Tier 3 — Lower Priority
NR947OAB,Kami Bicknell,GTX Pro,GTX,,,,,Engaging,2017-02-24,310,Unassigned Account,High Value,Stalled / Critical (> 180 days),70,Tier 2 — Medium Priority
NRK892VX,Elease Gluck,GTX Plus Pro,GTX,,,,,Engaging,2017-09-20,102,Unassigned Account,High Value,Aging (91-180 days),75,Tier 1 — High Priority
NS6JLCZ2,Rosie Papadopoulos,GTX Pro,GTX,,,,,Engaging,2017-09-29,93,Unassigned Account,High Value,Aging (91-180 days),75,Tier 1 — High Priority
NSGU1K3N,Versie Hillebrand,MG Special,MG,,,,,Prospecting,,0,Unassigned Account,Low Value,Unengaged (Prospecting),30,Tier 3 — Lower Priority
NSO0UHK1,Daniell Hammack,GTX Plus Basic,GTX,,,,,Engaging,2017-07-20,164,Unassigned Account,Medium Value,Aging (91-180 days),65,Tier 2 — Medium Priority
NST2FEF3,Darcel Schlecht,GTX Pro,GTX,,,,,Prospecting,,0,Unassigned Account,High Value,Unengaged (Prospecting),50,Tier 3 — Lower Priority
NSX4NR40,Anna Snelling,GTX Plus Pro,GTX,Bioholding,medical,587.34,1356.0,Engaging,2017-08-14,139,Mid-Market,High Value,Aging (91-180 days),85,Tier 1 — High Priority
NSYCCHCJ,Gladys Colclough,GTX Basic,GTX,,,,,Prospecting,,0,Unassigned Account,Low Value,Unengaged (Prospecting),30,Tier 3 — Lower Priority
NT38RBZY,Jonathan Berthelot,GTX Basic,GTX,Gogozoom,telecommunications,86.68,187.0,Prospecting,,0,Commercial / Small,Low Value,Unengaged (Prospecting),35,Tier 3 — Lower Priority
NU4ACGMY,Darcel Schlecht,GTX Pro,GTX,,,,,Engaging,2017-07-19,165,Unassigned Account,High Value,Aging (91-180 days),75,Tier 1 — High Priority
NUEPXB8Z,Jonathan Berthelot,GTX Pro,GTX,,,,,Prospecting,,0,Unassigned Account,High Value,Unengaged (Prospecting),50,Tier 3 — Lower Priority
NUQPJV8A,Hayden Neloms,MG Advanced,MG,,,,,Engaging,2017-04-24,251,Unassigned Account,Medium Value,Stalled / Critical (> 180 days),60,Tier 2 — Medium Priority
NUS67BOQ,Rosie Papadopoulos,GTX Basic,GTX,,,,,Engaging,2017-08-31,122,Unassigned Account,Low Value,Aging (91-180 days),55,Tier 2 — Medium Priority
NVH71LD4,Jonathan Berthelot,GTX Basic,GTX,,,,,Prospecting,,0,Unassigned Account,Low Value,Unengaged (Prospecting),30,Tier 3 — Lower Priority
NWPSEF2I,Moses Frase,GTX Plus Basic,GTX,,,,,Prospecting,,0,Unassigned Account,Medium Value,Unengaged (Prospecting),40,Tier 3 — Lower Priority
NX28C8EI,James Ascencio,GTX Plus Pro,GTX,,,,,Engaging,2017-09-30,92,Unassigned Account,High Value,Aging (91-180 days),75,Tier 1 — High Priority
NX2EICNQ,Versie Hillebrand,GTX Basic,GTX,Kan-code,software,11698.03,34288.0,Engaging,2017-07-28,156,Enterprise,Low Value,Aging (91-180 days),75,Tier 1 — High Priority
NXJNQ3Z9,Gladys Colclough,GTX Plus Basic,GTX,Plexzap,retail,2437.85,4874.0,Prospecting,,0,Mid-Market,Medium Value,Unengaged (Prospecting),50,Tier 3 — Lower Priority
NXXKM7C7,Daniell Hammack,GTX Plus Basic,GTX,Cancity,retail,718.62,2448.0,Engaging,2017-11-14,47,Mid-Market,Medium Value,Recent (<= 90 days),80,Tier 1 — High Priority
NY7Z4I06,Kary Hendrixson,GTX Plus Pro,GTX,Betasoloin,medical,251.41,495.0,Engaging,2017-08-05,148,Commercial / Small,High Value,Aging (91-180 days),80,Tier 1 — High Priority
NZJXKD9H,Daniell Hammack,MG Special,MG,,,,,Engaging,2017-08-19,134,Unassigned Account,Low Value,Aging (91-180 days),55,Tier 2 — Medium Priority
O0L6JUYE,Marty Freudenburg,GTX Basic,GTX,Bluth Company,technology,1242.32,3027.0,Engaging,2017-08-12,141,Mid-Market,Low Value,Aging (91-180 days),65,Tier 2 — Medium Priority
O1SCOU11,Elease Gluck,MG Special,MG,,,,,Engaging,2017-10-31,61,Unassigned Account,Low Value,Recent (<= 90 days),60,Tier 2 — Medium Priority
O28I4VDY,Corliss Cosme,GTX Plus Basic,GTX,,,,,Engaging,2017-07-18,166,Unassigned Account,Medium Value,Aging (91-180 days),65,Tier 2 — Medium Priority
O3KC8QI8,Kami Bicknell,GTX Plus Basic,GTX,,,,,Engaging,2016-12-08,388,Unassigned Account,Medium Value,Stalled / Critical (> 180 days),60,Tier 2 — Medium Priority
O691ZXXH,Markita Hansen,MG Special,MG,,,,,Engaging,2017-10-08,84,Unassigned Account,Low Value,Recent (<= 90 days),60,Tier 2 — Medium Priority
O6NIPA7N,Marty Freudenburg,MG Special,MG,,,,,Prospecting,,0,Unassigned Account,Low Value,Unengaged (Prospecting),30,Tier 3 — Lower Priority
O7LSETHG,Rosie Papadopoulos,MG Advanced,MG,,,,,Engaging,2017-08-08,145,Unassigned Account,Medium Value,Aging (91-180 days),65,Tier 2 — Medium Priority
O7MBZPN4,Lajuana Vencill,MG Special,MG,,,,,Prospecting,,0,Unassigned Account,Low Value,Unengaged (Prospecting),30,Tier 3 — Lower Priority
O7UUAK3Y,Corliss Cosme,GTX Plus Basic,GTX,dambase,marketing,2173.98,2928.0,Engaging,2017-01-02,363,Mid-Market,Medium Value,Stalled / Critical (> 180 days),70,Tier 2 — Medium Priority
O8C2G4G2,Cassey Cress,MG Advanced,MG,,,,,Engaging,2017-07-17,167,Unassigned Account,Medium Value,Aging (91-180 days),65,Tier 2 — Medium Priority
O8JCYJSV,Marty Freudenburg,GTX Plus Basic,GTX,Silis,medical,2818.38,6290.0,Prospecting,,0,Enterprise,Medium Value,Unengaged (Prospecting),60,Tier 2 — Medium Priority
O9WYT5ST,Zane Levy,GTX Pro,GTX,Kan-code,software,11698.03,34288.0,Engaging,2017-06-23,191,Enterprise,High Value,Stalled / Critical (> 180 days),90,Tier 1 — High Priority
OA3RDG12,Gladys Colclough,GTX Pro,GTX,,,,,Prospecting,,0,Unassigned Account,High Value,Unengaged (Prospecting),50,Tier 3 — Lower Priority
OAECXU4A,Darcel Schlecht,GTX Plus Basic,GTX,,,,,Prospecting,,0,Unassigned Account,Medium Value,Unengaged (Prospecting),40,Tier 3 — Lower Priority
OAMIMSUU,Jonathan Berthelot,GTX Plus Pro,GTX,Cheers,entertainment,4269.9,6472.0,Prospecting,,0,Enterprise,High Value,Unengaged (Prospecting),70,Tier 2 — Medium Priority
OAUUCC2N,Marty Freudenburg,GTX Plus Basic,GTX,,,,,Engaging,2017-07-31,153,Unassigned Account,Medium Value,Aging (91-180 days),65,Tier 2 — Medium Priority
OBC504T8,Niesha Huffines,GTX Plus Basic,GTX,,,,,Engaging,2017-07-25,159,Unassigned Account,Medium Value,Aging (91-180 days),65,Tier 2 — Medium Priority
OBDEDIXA,Hayden Neloms,MG Advanced,MG,,,,,Engaging,2017-07-31,153,Unassigned Account,Medium Value,Aging (91-180 days),65,Tier 2 — Medium Priority
OCGXWE8H,Vicki Laflamme,MG Special,MG,,,,,Engaging,2017-02-03,331,Unassigned Account,Low Value,Stalled / Critical (> 180 days),50,Tier 3 — Lower Priority
OD895EQM,Lajuana Vencill,GTX Plus Pro,GTX,,,,,Engaging,2017-07-26,158,Unassigned Account,High Value,Aging (91-180 days),75,Tier 1 — High Priority
ODFL6HOF,Darcel Schlecht,GTX Plus Basic,GTX,,,,,Engaging,2017-07-23,161,Unassigned Account,Medium Value,Aging (91-180 days),65,Tier 2 — Medium Priority
ODGKZEVV,Kary Hendrixson,GTX Pro,GTX,,,,,Engaging,2017-03-23,283,Unassigned Account,High Value,Stalled / Critical (> 180 days),70,Tier 2 — Medium Priority
ODHVHXKS,Versie Hillebrand,MG Special,MG,,,,,Engaging,2017-07-24,160,Unassigned Account,Low Value,Aging (91-180 days),55,Tier 2 — Medium Priority
ODSFN0YA,Darcel Schlecht,GTX Plus Pro,GTX,,,,,Prospecting,,0,Unassigned Account,High Value,Unengaged (Prospecting),50,Tier 3 — Lower Priority
OEG8QG42,Anna Snelling,MG Advanced,MG,Bioplex,medical,326.82,1016.0,Prospecting,,0,Mid-Market,Medium Value,Unengaged (Prospecting),50,Tier 3 — Lower Priority
OEP0IJ6S,Darcel Schlecht,GTX Pro,GTX,,,,,Engaging,2017-07-31,153,Unassigned Account,High Value,Aging (91-180 days),75,Tier 1 — High Priority
OERROEPM,Markita Hansen,GTX Basic,GTX,,,,,Engaging,2017-05-28,217,Unassigned Account,Low Value,Stalled / Critical (> 180 days),50,Tier 3 — Lower Priority
OFC7ZTU8,Kami Bicknell,GTX Pro,GTX,,,,,Engaging,2017-10-17,75,Unassigned Account,High Value,Recent (<= 90 days),80,Tier 1 — High Priority
OGHK250E,Violet Mclelland,GTX Basic,GTX,,,,,Engaging,2017-09-03,119,Unassigned Account,Low Value,Aging (91-180 days),55,Tier 2 — Medium Priority
OH0HJ6KK,Anna Snelling,MG Advanced,MG,,,,,Prospecting,,0,Unassigned Account,Medium Value,Unengaged (Prospecting),40,Tier 3 — Lower Priority
OHOWVHYX,Rosalina Dieter,MG Advanced,MG,Zoomit,entertainment,324.19,978.0,Engaging,2017-10-11,81,Commercial / Small,Medium Value,Recent (<= 90 days),75,Tier 1 — High Priority
OI3UIKVF,Hayden Neloms,GTX Plus Basic,GTX,Konmatfix,marketing,375.43,1190.0,Engaging,2017-07-20,164,Mid-Market,Medium Value,Aging (91-180 days),75,Tier 1 — High Priority
OIBR7UA7,Gladys Colclough,MG Special,MG,,,,,Prospecting,,0,Unassigned Account,Low Value,Unengaged (Prospecting),30,Tier 3 — Lower Priority
OIFERO7S,Rosalina Dieter,MG Advanced,MG,,,,,Engaging,2017-05-07,238,Unassigned Account,Medium Value,Stalled / Critical (> 180 days),60,Tier 2 — Medium Priority
OIIFWY81,Jonathan Berthelot,GTX Basic,GTX,Conecom,technology,1520.66,1806.0,Prospecting,,0,Mid-Market,Low Value,Unengaged (Prospecting),40,Tier 3 — Lower Priority
OIO2H2MY,Boris Faz,GTX Plus Pro,GTX,,,,,Engaging,2017-05-01,244,Unassigned Account,High Value,Stalled / Critical (> 180 days),70,Tier 2 — Medium Priority
OJ42ZCHR,Violet Mclelland,MG Special,MG,,,,,Engaging,2017-07-30,154,Unassigned Account,Low Value,Aging (91-180 days),55,Tier 2 — Medium Priority
OJDZN6UK,Anna Snelling,GTX Plus Basic,GTX,,,,,Prospecting,,0,Unassigned Account,Medium Value,Unengaged (Prospecting),40,Tier 3 — Lower Priority
OJWGRIXN,Gladys Colclough,GTX Plus Basic,GTX,,,,,Prospecting,,0,Unassigned Account,Medium Value,Unengaged (Prospecting),40,Tier 3 — Lower Priority
OK39IHP1,Rosalina Dieter,MG Special,MG,,,,,Engaging,2017-05-18,227,Unassigned Account,Low Value,Stalled / Critical (> 180 days),50,Tier 3 — Lower Priority
OLGT0VHP,James Ascencio,GTX Plus Pro,GTX,Statholdings,employment,291.27,586.0,Engaging,2017-05-01,244,Commercial / Small,High Value,Stalled / Critical (> 180 days),75,Tier 1 — High Priority
OLVI7L8M,Cassey Cress,GTX Pro,GTX,,,,,Engaging,2016-11-16,410,Unassigned Account,High Value,Stalled / Critical (> 180 days),70,Tier 2 — Medium Priority
OLXEYM3P,Zane Levy,GTX Basic,GTX,,,,,Engaging,2017-08-27,126,Unassigned Account,Low Value,Aging (91-180 days),55,Tier 2 — Medium Priority
OM60BJ4S,Anna Snelling,GTX Plus Basic,GTX,,,,,Prospecting,,0,Unassigned Account,Medium Value,Unengaged (Prospecting),40,Tier 3 — Lower Priority
OM8LELJW,Kary Hendrixson,GTX Basic,GTX,Iselectrics,technology,527.11,1428.0,Engaging,2017-09-06,116,Mid-Market,Low Value,Aging (91-180 days),65,Tier 2 — Medium Priority
OMCFUDOU,James Ascencio,GTX Pro,GTX,,,,,Engaging,2017-10-31,61,Unassigned Account,High Value,Recent (<= 90 days),80,Tier 1 — High Priority
OMJHW2J1,Versie Hillebrand,MG Advanced,MG,,,,,Engaging,2017-08-06,147,Unassigned Account,Medium Value,Aging (91-180 days),65,Tier 2 — Medium Priority
ON821ADT,Markita Hansen,GTX Pro,GTX,,,,,Engaging,2017-11-04,57,Unassigned Account,High Value,Recent (<= 90 days),80,Tier 1 — High Priority
OO9U4C0Y,Cassey Cress,GTX Plus Basic,GTX,Y-corporation,employment,2871.35,9561.0,Engaging,2017-08-27,126,Enterprise,Medium Value,Aging (91-180 days),85,Tier 1 — High Priority
OPCLCCQH,Kami Bicknell,GTX Plus Basic,GTX,Konex,technology,7708.38,13756.0,Engaging,2017-03-16,290,Enterprise,Medium Value,Stalled / Critical (> 180 days),80,Tier 1 — High Priority
OQ1P1OLH,Jonathan Berthelot,GTX Basic,GTX,,,,,Prospecting,,0,Unassigned Account,Low Value,Unengaged (Prospecting),30,Tier 3 — Lower Priority
OQX98BBL,Darcel Schlecht,GTX Plus Basic,GTX,,,,,Prospecting,,0,Unassigned Account,Medium Value,Unengaged (Prospecting),40,Tier 3 — Lower Priority
ORM1IRQ2,Violet Mclelland,MG Special,MG,,,,,Engaging,2017-07-07,177,Unassigned Account,Low Value,Aging (91-180 days),55,Tier 2 — Medium Priority
ORYORRQV,Kary Hendrixson,GTX Basic,GTX,Hottechi,technology,8170.38,16499.0,Engaging,2017-10-13,79,Enterprise,Low Value,Recent (<= 90 days),80,Tier 1 — High Priority
OSG9KZGB,Anna Snelling,GTX Plus Basic,GTX,Kan-code,software,11698.03,34288.0,Engaging,2017-08-07,146,Enterprise,Medium Value,Aging (91-180 days),85,Tier 1 — High Priority
OSMGVV1S,Vicki Laflamme,MG Special,MG,,,,,Engaging,2017-04-24,251,Unassigned Account,Low Value,Stalled / Critical (> 180 days),50,Tier 3 — Lower Priority
OT0GOR3I,Darcel Schlecht,GTX Pro,GTX,Bluth Company,technology,1242.32,3027.0,Prospecting,,0,Mid-Market,High Value,Unengaged (Prospecting),60,Tier 2 — Medium Priority
OT26ZUZ7,Daniell Hammack,GTX Pro,GTX,Betatech,medical,647.18,1185.0,Engaging,2017-07-09,175,Mid-Market,High Value,Aging (91-180 days),85,Tier 1 — High Priority
OT5G3M9A,Cecily Lampkin,MG Advanced,MG,Treequote,telecommunications,5266.09,8595.0,Engaging,2017-07-22,162,Enterprise,Medium Value,Aging (91-180 days),85,Tier 1 — High Priority
OTJR9SSK,Hayden Neloms,GTX Plus Basic,GTX,,,,,Engaging,2017-04-25,250,Unassigned Account,Medium Value,Stalled / Critical (> 180 days),60,Tier 2 — Medium Priority
OTLQMB5X,Rosalina Dieter,GTX Basic,GTX,,,,,Engaging,2017-04-30,245,Unassigned Account,Low Value,Stalled / Critical (> 180 days),50,Tier 3 — Lower Priority
OVA9HMN1,Anna Snelling,GTX Plus Pro,GTX,,,,,Engaging,2017-08-05,148,Unassigned Account,High Value,Aging (91-180 days),75,Tier 1 — High Priority
OVLGWURN,Kary Hendrixson,GTX Basic,GTX,,,,,Engaging,2017-07-30,154,Unassigned Account,Low Value,Aging (91-180 days),55,Tier 2 — Medium Priority
OW9OM3UO,Rosalina Dieter,MG Advanced,MG,,,,,Engaging,2017-07-09,175,Unassigned Account,Medium Value,Aging (91-180 days),65,Tier 2 — Medium Priority
OXKLRULK,Anna Snelling,MG Special,MG,,,,,Prospecting,,0,Unassigned Account,Low Value,Unengaged (Prospecting),30,Tier 3 — Lower Priority
OXNWRI4I,Rosalina Dieter,MG Special,MG,,,,,Engaging,2017-06-15,199,Unassigned Account,Low Value,Stalled / Critical (> 180 days),50,Tier 3 — Lower Priority
OYH46MQB,Corliss Cosme,GTX Basic,GTX,,,,,Engaging,2017-10-25,67,Unassigned Account,Low Value,Recent (<= 90 days),60,Tier 2 — Medium Priority
OYRF34VN,Moses Frase,MG Advanced,MG,,,,,Prospecting,,0,Unassigned Account,Medium Value,Unengaged (Prospecting),40,Tier 3 — Lower Priority
OZ5S8NCK,Kary Hendrixson,GTX Pro,GTX,,,,,Engaging,2017-01-18,347,Unassigned Account,High Value,Stalled / Critical (> 180 days),70,Tier 2 — Medium Priority
OZ761BUJ,Violet Mclelland,GTX Basic,GTX,,,,,Engaging,2017-02-13,321,Unassigned Account,Low Value,Stalled / Critical (> 180 days),50,Tier 3 — Lower Priority
P0B49XCI,Gladys Colclough,MG Special,MG,Codehow,software,2714.9,2641.0,Prospecting,,0,Enterprise,Low Value,Unengaged (Prospecting),50,Tier 3 — Lower Priority
P1SGQODJ,Boris Faz,GTX Plus Basic,GTX,Rangreen,technology,2938.67,8775.0,Engaging,2017-03-21,285,Enterprise,Medium Value,Stalled / Critical (> 180 days),80,Tier 1 — High Priority
P25KLAD2,Lajuana Vencill,MG Advanced,MG,Rangreen,technology,2938.67,8775.0,Prospecting,,0,Enterprise,Medium Value,Unengaged (Prospecting),60,Tier 2 — Medium Priority
P3K1DVYB,Moses Frase,MG Advanced,MG,,,,,Engaging,2017-07-26,158,Unassigned Account,Medium Value,Aging (91-180 days),65,Tier 2 — Medium Priority
P3Z2LYCL,Versie Hillebrand,MG Special,MG,,,,,Engaging,2017-07-23,161,Unassigned Account,Low Value,Aging (91-180 days),55,Tier 2 — Medium Priority
P43NZA0V,Versie Hillebrand,MG Special,MG,,,,,Prospecting,,0,Unassigned Account,Low Value,Unengaged (Prospecting),30,Tier 3 — Lower Priority
P4D1NK6D,Elease Gluck,GTX Basic,GTX,,,,,Engaging,2017-08-11,142,Unassigned Account,Low Value,Aging (91-180 days),55,Tier 2 — Medium Priority
P4D8H19O,Jonathan Berthelot,GTX Plus Basic,GTX,Isdom,medical,3178.24,4540.0,Prospecting,,0,Enterprise,Medium Value,Unengaged (Prospecting),60,Tier 2 — Medium Priority
P5C842B5,Kami Bicknell,GTX Plus Pro,GTX,,,,,Engaging,2017-10-28,64,Unassigned Account,High Value,Recent (<= 90 days),80,Tier 1 — High Priority
P66UXGPS,Darcel Schlecht,GTX Plus Basic,GTX,,,,,Engaging,2017-07-22,162,Unassigned Account,Medium Value,Aging (91-180 days),65,Tier 2 — Medium Priority
P6NQ2LZK,Vicki Laflamme,GTX Basic,GTX,,,,,Engaging,2017-08-23,130,Unassigned Account,Low Value,Aging (91-180 days),55,Tier 2 — Medium Priority
P6Z4X54S,Darcel Schlecht,GTX Pro,GTX,,,,,Prospecting,,0,Unassigned Account,High Value,Unengaged (Prospecting),50,Tier 3 — Lower Priority
P7MSQO38,Anna Snelling,GTX Basic,GTX,Yearin,retail,2261.05,3851.0,Engaging,2017-07-28,156,Mid-Market,Low Value,Aging (91-180 days),65,Tier 2 — Medium Priority
P7UPCSTC,Darcel Schlecht,GTX Pro,GTX,Faxquote,telecommunications,1825.82,5595.0,Prospecting,,0,Enterprise,High Value,Unengaged (Prospecting),70,Tier 2 — Medium Priority
P8QXRXMR,Rosalina Dieter,GTX Pro,GTX,,,,,Engaging,2017-09-25,97,Unassigned Account,High Value,Aging (91-180 days),75,Tier 1 — High Priority
P91SQBST,Anna Snelling,MG Special,MG,Dalttechnology,software,98.79,96.0,Engaging,2017-07-25,159,Commercial / Small,Low Value,Aging (91-180 days),60,Tier 2 — Medium Priority
P95E1DOX,Darcel Schlecht,GTX Plus Basic,GTX,,,,,Prospecting,,0,Unassigned Account,Medium Value,Unengaged (Prospecting),40,Tier 3 — Lower Priority
P9EJ68SM,Cassey Cress,GTX Plus Basic,GTX,,,,,Engaging,2017-07-30,154,Unassigned Account,Medium Value,Aging (91-180 days),65,Tier 2 — Medium Priority
P9LE92UR,Kary Hendrixson,MG Special,MG,,,,,Engaging,2017-03-31,275,Unassigned Account,Low Value,Stalled / Critical (> 180 days),50,Tier 3 — Lower Priority
P9PFSLS6,Maureen Marcano,MG Special,MG,,,,,Engaging,2017-02-05,329,Unassigned Account,Low Value,Stalled / Critical (> 180 days),50,Tier 3 — Lower Priority
PAQ6EKHB,Kami Bicknell,GTX Basic,GTX,,,,,Engaging,2017-09-17,105,Unassigned Account,Low Value,Aging (91-180 days),55,Tier 2 — Medium Priority
PAUK1IU0,Lajuana Vencill,GTX Basic,GTX,,,,,Prospecting,,0,Unassigned Account,Low Value,Unengaged (Prospecting),30,Tier 3 — Lower Priority
PCVNB0NO,Zane Levy,GTX Basic,GTX,,,,,Engaging,2017-06-19,195,Unassigned Account,Low Value,Stalled / Critical (> 180 days),50,Tier 3 — Lower Priority
PCXGIH9X,Darcel Schlecht,GTX Plus Pro,GTX,,,,,Prospecting,,0,Unassigned Account,High Value,Unengaged (Prospecting),50,Tier 3 — Lower Priority
PD2198ZH,Zane Levy,GTX Pro,GTX,,,,,Engaging,2017-03-19,287,Unassigned Account,High Value,Stalled / Critical (> 180 days),70,Tier 2 — Medium Priority
PDMZ1I99,Lajuana Vencill,MG Advanced,MG,Globex Corporation,technology,1223.72,2497.0,Engaging,2017-08-06,147,Mid-Market,Medium Value,Aging (91-180 days),75,Tier 1 — High Priority
PELBIQ95,Lajuana Vencill,GTX Basic,GTX,,,,,Prospecting,,0,Unassigned Account,Low Value,Unengaged (Prospecting),30,Tier 3 — Lower Priority
PES548QV,Darcel Schlecht,GTX Pro,GTX,,,,,Prospecting,,0,Unassigned Account,High Value,Unengaged (Prospecting),50,Tier 3 — Lower Priority
PF7M8CG2,Niesha Huffines,MG Advanced,MG,,,,,Prospecting,,0,Unassigned Account,Medium Value,Unengaged (Prospecting),40,Tier 3 — Lower Priority
PFFHM7HR,Markita Hansen,MG Advanced,MG,Opentech,finance,355.23,853.0,Engaging,2016-11-27,399,Commercial / Small,Medium Value,Stalled / Critical (> 180 days),65,Tier 2 — Medium Priority
PFKDTEYU,Rosie Papadopoulos,GTX Pro,GTX,Xx-zobam,entertainment,3838.39,8274.0,Engaging,2017-06-16,198,Enterprise,High Value,Stalled / Critical (> 180 days),90,Tier 1 — High Priority
PGN9I1HU,Niesha Huffines,GTX Basic,GTX,,,,,Prospecting,,0,Unassigned Account,Low Value,Unengaged (Prospecting),30,Tier 3 — Lower Priority
PGXIPGDM,Vicki Laflamme,MG Advanced,MG,Lexiqvolax,medical,1618.89,3889.0,Engaging,2017-04-12,263,Mid-Market,Medium Value,Stalled / Critical (> 180 days),70,Tier 2 — Medium Priority
PI45UJKA,Darcel Schlecht,GTX Pro,GTX,,,,,Engaging,2017-07-21,163,Unassigned Account,High Value,Aging (91-180 days),75,Tier 1 — High Priority
PIFPDJMN,Kary Hendrixson,GTX Basic,GTX,,,,,Engaging,2017-06-05,209,Unassigned Account,Low Value,Stalled / Critical (> 180 days),50,Tier 3 — Lower Priority
PJ75Q8VM,Jonathan Berthelot,GTX Pro,GTX,,,,,Engaging,2017-07-20,164,Unassigned Account,High Value,Aging (91-180 days),75,Tier 1 — High Priority
PK1PS0KR,Rosie Papadopoulos,MG Advanced,MG,,,,,Engaging,2017-01-22,343,Unassigned Account,Medium Value,Stalled / Critical (> 180 days),60,Tier 2 — Medium Priority
PKDJTR06,Kami Bicknell,GTX Plus Basic,GTX,Hatfan,services,792.46,1299.0,Engaging,2017-01-24,341,Mid-Market,Medium Value,Stalled / Critical (> 180 days),70,Tier 2 — Medium Priority
PM2BF2KB,Cassey Cress,GTX Plus Basic,GTX,Xx-holding,finance,7537.24,20293.0,Engaging,2017-12-13,18,Enterprise,Medium Value,Recent (<= 90 days),90,Tier 1 — High Priority
PMEENWD5,Corliss Cosme,GTX Pro,GTX,Globex Corporation,technology,1223.72,2497.0,Engaging,2017-01-21,344,Mid-Market,High Value,Stalled / Critical (> 180 days),80,Tier 1 — High Priority
PMK11X5L,Wilburn Farren,GTX Plus Basic,GTX,,,,,Engaging,2017-11-08,53,Unassigned Account,Medium Value,Recent (<= 90 days),70,Tier 2 — Medium Priority
PMMW9JX3,Kary Hendrixson,GTX Basic,GTX,,,,,Engaging,2016-12-28,368,Unassigned Account,Low Value,Stalled / Critical (> 180 days),50,Tier 3 — Lower Priority
PNISVWNN,Darcel Schlecht,MG Advanced,MG,Scotfind,software,6354.87,16780.0,Engaging,2017-07-21,163,Enterprise,Medium Value,Aging (91-180 days),85,Tier 1 — High Priority
PNO7D8PD,Zane Levy,GTX Basic,GTX,,,,,Engaging,2017-04-05,270,Unassigned Account,Low Value,Stalled / Critical (> 180 days),50,Tier 3 — Lower Priority
PNTHPFHY,Darcel Schlecht,GTX Pro,GTX,,,,,Engaging,2017-07-29,155,Unassigned Account,High Value,Aging (91-180 days),75,Tier 1 — High Priority
PO158L29,Cassey Cress,GTX Basic,GTX,Blackzim,retail,497.11,1588.0,Engaging,2017-03-23,283,Mid-Market,Low Value,Stalled / Critical (> 180 days),60,Tier 2 — Medium Priority
PODXJ4SP,Maureen Marcano,GTX Basic,GTX,Donquadtech,technology,1712.68,3194.0,Engaging,2017-08-18,135,Mid-Market,Low Value,Aging (91-180 days),65,Tier 2 — Medium Priority
PPUSV3RG,Kary Hendrixson,GTX Plus Pro,GTX,,,,,Engaging,2017-05-21,224,Unassigned Account,High Value,Stalled / Critical (> 180 days),70,Tier 2 — Medium Priority
PQ104BT2,Darcel Schlecht,GTX Pro,GTX,Finjob,employment,2059.9,3644.0,Engaging,2017-07-27,157,Mid-Market,High Value,Aging (91-180 days),85,Tier 1 — High Priority
PQ84ANKD,Violet Mclelland,MG Special,MG,,,,,Engaging,2017-11-20,41,Unassigned Account,Low Value,Recent (<= 90 days),60,Tier 2 — Medium Priority
PQJZNRKK,Rosie Papadopoulos,GTX Pro,GTX,,,,,Engaging,2017-08-14,139,Unassigned Account,High Value,Aging (91-180 days),75,Tier 1 — High Priority
PQL5GITI,Gladys Colclough,GTX Basic,GTX,,,,,Engaging,2017-07-25,159,Unassigned Account,Low Value,Aging (91-180 days),55,Tier 2 — Medium Priority
PQOHTS9I,Jonathan Berthelot,GTX Pro,GTX,Inity,marketing,2403.58,8801.0,Engaging,2017-07-19,165,Enterprise,High Value,Aging (91-180 days),95,Tier 1 — High Priority
PR1H7NHK,Versie Hillebrand,MG Special,MG,Mathtouch,marketing,3027.46,9516.0,Engaging,2017-08-01,152,Enterprise,Low Value,Aging (91-180 days),75,Tier 1 — High Priority
PRUFERA6,Darcel Schlecht,GTX Pro,GTX,,,,,Prospecting,,0,Unassigned Account,High Value,Unengaged (Prospecting),50,Tier 3 — Lower Priority
PSMWYTMB,Boris Faz,MG Advanced,MG,Toughzap,retail,332.43,799.0,Engaging,2017-09-20,102,Commercial / Small,Medium Value,Aging (91-180 days),70,Tier 2 — Medium Priority
PTZ9QLEF,Violet Mclelland,GTX Basic,GTX,,,,,Engaging,2017-08-29,124,Unassigned Account,Low Value,Aging (91-180 days),55,Tier 2 — Medium Priority
PU62ZGX4,Jonathan Berthelot,GTX Plus Basic,GTX,Singletechno,retail,2214.94,5374.0,Engaging,2017-07-27,157,Enterprise,Medium Value,Aging (91-180 days),85,Tier 1 — High Priority
PV3TH2FF,Vicki Laflamme,MG Special,MG,,,,,Engaging,2017-11-23,38,Unassigned Account,Low Value,Recent (<= 90 days),60,Tier 2 — Medium Priority
PVLGUIEN,Corliss Cosme,MG Advanced,MG,,,,,Engaging,2017-04-09,266,Unassigned Account,Medium Value,Stalled / Critical (> 180 days),60,Tier 2 — Medium Priority
PW9DTZON,James Ascencio,GTX Pro,GTX,Donquadtech,technology,1712.68,3194.0,Engaging,2017-07-26,158,Mid-Market,High Value,Aging (91-180 days),85,Tier 1 — High Priority
PXNDLIL2,Lajuana Vencill,MG Special,MG,Initech,telecommunications,6395.05,20275.0,Engaging,2017-08-13,140,Enterprise,Low Value,Aging (91-180 days),75,Tier 1 — High Priority
PYOFK7ZD,Cassey Cress,GTX Basic,GTX,,,,,Engaging,2016-12-17,379,Unassigned Account,Low Value,Stalled / Critical (> 180 days),50,Tier 3 — Lower Priority
PYQ3VX08,Niesha Huffines,GTX Pro,GTX,,,,,Engaging,2017-08-15,138,Unassigned Account,High Value,Aging (91-180 days),75,Tier 1 — High Priority
PYRLUYIQ,Marty Freudenburg,GTX Plus Basic,GTX,Y-corporation,employment,2871.35,9561.0,Engaging,2017-07-27,157,Enterprise,Medium Value,Aging (91-180 days),85,Tier 1 — High Priority
Q19RWR17,Vicki Laflamme,GTX Basic,GTX,Rundofase,technology,1008.06,1238.0,Engaging,2017-02-22,312,Mid-Market,Low Value,Stalled / Critical (> 180 days),60,Tier 2 — Medium Priority
Q1HNDPKW,Darcel Schlecht,GTX Pro,GTX,,,,,Engaging,2017-07-23,161,Unassigned Account,High Value,Aging (91-180 days),75,Tier 1 — High Priority
Q1TS5ZKD,Versie Hillebrand,MG Special,MG,,,,,Engaging,2017-08-03,150,Unassigned Account,Low Value,Aging (91-180 days),55,Tier 2 — Medium Priority
Q2BB73WT,Hayden Neloms,GTX Plus Basic,GTX,,,,,Engaging,2017-04-03,272,Unassigned Account,Medium Value,Stalled / Critical (> 180 days),60,Tier 2 — Medium Priority
Q2CLAKLM,Daniell Hammack,GTX Plus Pro,GTX,,,,,Engaging,2017-04-30,245,Unassigned Account,High Value,Stalled / Critical (> 180 days),70,Tier 2 — Medium Priority
Q2RY668B,Kami Bicknell,GTX Basic,GTX,,,,,Engaging,2017-05-10,235,Unassigned Account,Low Value,Stalled / Critical (> 180 days),50,Tier 3 — Lower Priority
Q3HHDSDS,Marty Freudenburg,GTX Basic,GTX,,,,,Engaging,2017-07-24,160,Unassigned Account,Low Value,Aging (91-180 days),55,Tier 2 — Medium Priority
Q5GNQ823,Vicki Laflamme,GTX Pro,GTX,,,,,Engaging,2017-07-26,158,Unassigned Account,High Value,Aging (91-180 days),75,Tier 1 — High Priority
Q5RRTVJK,Versie Hillebrand,MG Special,MG,,,,,Prospecting,,0,Unassigned Account,Low Value,Unengaged (Prospecting),30,Tier 3 — Lower Priority
Q620I4AZ,Lajuana Vencill,GTX Plus Basic,GTX,,,,,Prospecting,,0,Unassigned Account,Medium Value,Unengaged (Prospecting),40,Tier 3 — Lower Priority
Q62JFLLD,Darcel Schlecht,GTX Pro,GTX,,,,,Engaging,2017-07-28,156,Unassigned Account,High Value,Aging (91-180 days),75,Tier 1 — High Priority
Q62STRQQ,Gladys Colclough,GTX Plus Basic,GTX,,,,,Prospecting,,0,Unassigned Account,Medium Value,Unengaged (Prospecting),40,Tier 3 — Lower Priority
Q65B52C5,Niesha Huffines,GTX Basic,GTX,Kan-code,software,11698.03,34288.0,Engaging,2017-07-31,153,Enterprise,Low Value,Aging (91-180 days),75,Tier 1 — High Priority
Q6OUJCH5,Vicki Laflamme,GTX Pro,GTX,,,,,Engaging,2017-04-21,254,Unassigned Account,High Value,Stalled / Critical (> 180 days),70,Tier 2 — Medium Priority
Q8BZ3PC9,Rosie Papadopoulos,GTX Plus Pro,GTX,,,,,Engaging,2017-04-18,257,Unassigned Account,High Value,Stalled / Critical (> 180 days),70,Tier 2 — Medium Priority
Q8QGD2OG,Cecily Lampkin,MG Advanced,MG,,,,,Engaging,2017-08-08,145,Unassigned Account,Medium Value,Aging (91-180 days),65,Tier 2 — Medium Priority
Q9CASEJL,Gladys Colclough,MG Special,MG,,,,,Prospecting,,0,Unassigned Account,Low Value,Unengaged (Prospecting),30,Tier 3 — Lower Priority
Q9UWOC28,Anna Snelling,GTX Plus Basic,GTX,Plusstrip,entertainment,349.81,315.0,Prospecting,,0,Commercial / Small,Medium Value,Unengaged (Prospecting),45,Tier 3 — Lower Priority
Q9VC6GV0,Anna Snelling,MG Special,MG,Konmatfix,marketing,375.43,1190.0,Engaging,2017-07-19,165,Mid-Market,Low Value,Aging (91-180 days),65,Tier 2 — Medium Priority
QCBO7C6E,Kami Bicknell,GTX Plus Basic,GTX,,,,,Engaging,2017-10-13,79,Unassigned Account,Medium Value,Recent (<= 90 days),70,Tier 2 — Medium Priority
QCNOCX0P,Boris Faz,GTX Pro,GTX,,,,,Engaging,2017-04-07,268,Unassigned Account,High Value,Stalled / Critical (> 180 days),70,Tier 2 — Medium Priority
QD4ONE04,Anna Snelling,MG Special,MG,Rangreen,technology,2938.67,8775.0,Engaging,2017-07-31,153,Enterprise,Low Value,Aging (91-180 days),75,Tier 1 — High Priority
QD7MU7DD,Rosie Papadopoulos,GTX Pro,GTX,,,,,Engaging,2017-11-05,56,Unassigned Account,High Value,Recent (<= 90 days),80,Tier 1 — High Priority
QD8F0CI6,Rosalina Dieter,GTX Basic,GTX,,,,,Engaging,2017-04-17,258,Unassigned Account,Low Value,Stalled / Critical (> 180 days),50,Tier 3 — Lower Priority
QDBJOE9M,Zane Levy,MG Special,MG,,,,,Engaging,2017-10-08,84,Unassigned Account,Low Value,Recent (<= 90 days),60,Tier 2 — Medium Priority
QDGUWTLU,Rosalina Dieter,MG Special,MG,,,,,Engaging,2017-02-27,307,Unassigned Account,Low Value,Stalled / Critical (> 180 days),50,Tier 3 — Lower Priority
QELHQ898,Zane Levy,GTX Plus Basic,GTX,Statholdings,employment,291.27,586.0,Engaging,2017-07-22,162,Commercial / Small,Medium Value,Aging (91-180 days),70,Tier 2 — Medium Priority
QEZ2X87C,Rosalina Dieter,MG Special,MG,Iselectrics,technology,527.11,1428.0,Engaging,2017-09-07,115,Mid-Market,Low Value,Aging (91-180 days),65,Tier 2 — Medium Priority
QFRZLXF3,Cecily Lampkin,MG Special,MG,,,,,Engaging,2017-08-12,141,Unassigned Account,Low Value,Aging (91-180 days),55,Tier 2 — Medium Priority
QGXJLNK1,Jonathan Berthelot,GTX Basic,GTX,,,,,Engaging,2017-07-24,160,Unassigned Account,Low Value,Aging (91-180 days),55,Tier 2 — Medium Priority
QHJ3W8FW,Kami Bicknell,GTX Pro,GTX,,,,,Engaging,2017-03-12,294,Unassigned Account,High Value,Stalled / Critical (> 180 days),70,Tier 2 — Medium Priority
QHY85D44,Moses Frase,MG Special,MG,,,,,Engaging,2017-08-12,141,Unassigned Account,Low Value,Aging (91-180 days),55,Tier 2 — Medium Priority
QIEAKLRU,Cecily Lampkin,MG Advanced,MG,,,,,Engaging,2017-08-03,150,Unassigned Account,Medium Value,Aging (91-180 days),65,Tier 2 — Medium Priority
QIHWKCFK,Cassey Cress,MG Advanced,MG,Singletechno,retail,2214.94,5374.0,Engaging,2017-03-24,282,Enterprise,Medium Value,Stalled / Critical (> 180 days),80,Tier 1 — High Priority
QJ1DIUN7,Rosalina Dieter,MG Special,MG,Ganjaflex,retail,5158.71,17479.0,Engaging,2017-08-17,136,Enterprise,Low Value,Aging (91-180 days),75,Tier 1 — High Priority
QKW7MDJK,Violet Mclelland,GTX Pro,GTX,,,,,Engaging,2017-08-23,130,Unassigned Account,High Value,Aging (91-180 days),75,Tier 1 — High Priority
QKXCMJVB,James Ascencio,GTX Basic,GTX,,,,,Engaging,2017-07-08,176,Unassigned Account,Low Value,Aging (91-180 days),55,Tier 2 — Medium Priority
QM6VR1H5,Daniell Hammack,GTX Plus Pro,GTX,,,,,Engaging,2017-01-04,361,Unassigned Account,High Value,Stalled / Critical (> 180 days),70,Tier 2 — Medium Priority
QMFN71BT,Darcel Schlecht,GTX Plus Basic,GTX,,,,,Engaging,2017-08-13,140,Unassigned Account,Medium Value,Aging (91-180 days),65,Tier 2 — Medium Priority
QMRDG7WP,Jonathan Berthelot,GTX Pro,GTX,,,,,Prospecting,,0,Unassigned Account,High Value,Unengaged (Prospecting),50,Tier 3 — Lower Priority
QN1UL4N3,Jonathan Berthelot,GTX Plus Pro,GTX,,,,,Prospecting,,0,Unassigned Account,High Value,Unengaged (Prospecting),50,Tier 3 — Lower Priority
QNB3SCN9,Wilburn Farren,GTX Plus Pro,GTX,,,,,Engaging,2017-10-01,91,Unassigned Account,High Value,Aging (91-180 days),75,Tier 1 — High Priority
QNVW1NSS,Wilburn Farren,MG Advanced,MG,,,,,Engaging,2017-05-30,215,Unassigned Account,Medium Value,Stalled / Critical (> 180 days),60,Tier 2 — Medium Priority
QP006VDE,Markita Hansen,MG Advanced,MG,Domzoom,entertainment,217.87,551.0,Engaging,2017-05-01,244,Commercial / Small,Medium Value,Stalled / Critical (> 180 days),65,Tier 2 — Medium Priority
QP0QCP8Y,Kary Hendrixson,GTX Plus Pro,GTX,Dalttechnology,software,98.79,96.0,Engaging,2017-07-05,179,Commercial / Small,High Value,Aging (91-180 days),80,Tier 1 — High Priority
QPUPBL50,Kary Hendrixson,GTX Basic,GTX,,,,,Engaging,2017-08-20,133,Unassigned Account,Low Value,Aging (91-180 days),55,Tier 2 — Medium Priority
QQPAK72N,Hayden Neloms,GTX Plus Pro,GTX,,,,,Engaging,2017-08-13,140,Unassigned Account,High Value,Aging (91-180 days),75,Tier 1 — High Priority
QR2BDRAI,James Ascencio,MG Advanced,MG,,,,,Engaging,2017-01-04,361,Unassigned Account,Medium Value,Stalled / Critical (> 180 days),60,Tier 2 — Medium Priority
QR63ME8L,Cecily Lampkin,GTX Basic,GTX,,,,,Prospecting,,0,Unassigned Account,Low Value,Unengaged (Prospecting),30,Tier 3 — Lower Priority
QRQ8C6MQ,Cassey Cress,GTX Pro,GTX,Globex Corporation,technology,1223.72,2497.0,Engaging,2017-03-03,303,Mid-Market,High Value,Stalled / Critical (> 180 days),80,Tier 1 — High Priority
QRR70537,Anna Snelling,GTX Basic,GTX,,,,,Engaging,2017-07-22,162,Unassigned Account,Low Value,Aging (91-180 days),55,Tier 2 — Medium Priority
QU220OFI,Boris Faz,GTX Basic,GTX,Finhigh,finance,1102.43,1759.0,Engaging,2017-07-08,176,Mid-Market,Low Value,Aging (91-180 days),65,Tier 2 — Medium Priority
QU6CFZ22,Cassey Cress,MG Advanced,MG,,,,,Engaging,2017-06-23,191,Unassigned Account,Medium Value,Stalled / Critical (> 180 days),60,Tier 2 — Medium Priority
QV3TAWDT,Rosie Papadopoulos,GTX Pro,GTX,,,,,Engaging,2017-07-10,174,Unassigned Account,High Value,Aging (91-180 days),75,Tier 1 — High Priority
QVWEPN6J,Versie Hillebrand,MG Special,MG,,,,,Prospecting,,0,Unassigned Account,Low Value,Unengaged (Prospecting),30,Tier 3 — Lower Priority
QY7GTG6Y,Marty Freudenburg,GTX Plus Basic,GTX,,,,,Prospecting,,0,Unassigned Account,Medium Value,Unengaged (Prospecting),40,Tier 3 — Lower Priority
R0CLLIH9,Kary Hendrixson,GTX Pro,GTX,,,,,Engaging,2017-04-12,263,Unassigned Account,High Value,Stalled / Critical (> 180 days),70,Tier 2 — Medium Priority
R0MBBXL8,Cecily Lampkin,MG Advanced,MG,,,,,Prospecting,,0,Unassigned Account,Medium Value,Unengaged (Prospecting),40,Tier 3 — Lower Priority
R0Q5BZ9Y,Darcel Schlecht,GTX Pro,GTX,Blackzim,retail,497.11,1588.0,Prospecting,,0,Mid-Market,High Value,Unengaged (Prospecting),60,Tier 2 — Medium Priority
R0XNAFUB,Zane Levy,GTX Basic,GTX,,,,,Engaging,2017-07-12,172,Unassigned Account,Low Value,Aging (91-180 days),55,Tier 2 — Medium Priority
R14YE68N,Jonathan Berthelot,GTX Pro,GTX,Plexzap,retail,2437.85,4874.0,Prospecting,,0,Mid-Market,High Value,Unengaged (Prospecting),60,Tier 2 — Medium Priority
R1HFBU5H,Darcel Schlecht,GTX Basic,GTX,,,,,Prospecting,,0,Unassigned Account,Low Value,Unengaged (Prospecting),30,Tier 3 — Lower Priority
R1K16RZO,Maureen Marcano,GTX Plus Pro,GTX,,,,,Engaging,2017-05-01,244,Unassigned Account,High Value,Stalled / Critical (> 180 days),70,Tier 2 — Medium Priority
R2V49PU5,Kami Bicknell,GTX Plus Basic,GTX,,,,,Engaging,2017-08-21,132,Unassigned Account,Medium Value,Aging (91-180 days),65,Tier 2 — Medium Priority
R2W96FGX,Zane Levy,GTX Basic,GTX,,,,,Engaging,2017-02-15,319,Unassigned Account,Low Value,Stalled / Critical (> 180 days),50,Tier 3 — Lower Priority
R443AUAG,Violet Mclelland,GTX Pro,GTX,,,,,Engaging,2017-06-27,187,Unassigned Account,High Value,Stalled / Critical (> 180 days),70,Tier 2 — Medium Priority
R55U5QI4,Darcel Schlecht,GTX Plus Pro,GTX,Scottech,marketing,45.39,100.0,Engaging,2017-07-30,154,Commercial / Small,High Value,Aging (91-180 days),80,Tier 1 — High Priority
R5RSH4JV,Boris Faz,GTX Plus Pro,GTX,,,,,Engaging,2017-02-25,309,Unassigned Account,High Value,Stalled / Critical (> 180 days),70,Tier 2 — Medium Priority
R65LGLJ0,Cassey Cress,MG Special,MG,,,,,Engaging,2017-08-30,123,Unassigned Account,Low Value,Aging (91-180 days),55,Tier 2 — Medium Priority
R69OYH4Z,Vicki Laflamme,GTX Pro,GTX,Umbrella Corporation,finance,2022.14,5113.0,Engaging,2017-07-21,163,Enterprise,High Value,Aging (91-180 days),95,Tier 1 — High Priority
R6HYAPR6,Darcel Schlecht,GTX Pro,GTX,Opentech,finance,355.23,853.0,Prospecting,,0,Commercial / Small,High Value,Unengaged (Prospecting),55,Tier 2 — Medium Priority
R6OZIG5J,Darcel Schlecht,MG Advanced,MG,,,,,Engaging,2017-07-30,154,Unassigned Account,Medium Value,Aging (91-180 days),65,Tier 2 — Medium Priority
R6Q5JOLX,Cassey Cress,GTX Plus Pro,GTX,,,,,Engaging,2017-09-16,106,Unassigned Account,High Value,Aging (91-180 days),75,Tier 1 — High Priority
R7H0M07R,Darcel Schlecht,MG Advanced,MG,,,,,Engaging,2017-07-27,157,Unassigned Account,Medium Value,Aging (91-180 days),65,Tier 2 — Medium Priority
R7I947IZ,Marty Freudenburg,GTX Plus Basic,GTX,,,,,Engaging,2017-07-30,154,Unassigned Account,Medium Value,Aging (91-180 days),65,Tier 2 — Medium Priority
R8V3ALA8,Darcel Schlecht,GTX Basic,GTX,Konmatfix,marketing,375.43,1190.0,Prospecting,,0,Mid-Market,Low Value,Unengaged (Prospecting),40,Tier 3 — Lower Priority
R9AVNYCO,Zane Levy,GTX Plus Basic,GTX,Conecom,technology,1520.66,1806.0,Engaging,2017-06-07,207,Mid-Market,Medium Value,Stalled / Critical (> 180 days),70,Tier 2 — Medium Priority
R9GI5SJ5,Vicki Laflamme,MG Advanced,MG,Domzoom,entertainment,217.87,551.0,Engaging,2017-08-05,148,Commercial / Small,Medium Value,Aging (91-180 days),70,Tier 2 — Medium Priority
R9U1QNHQ,Hayden Neloms,MG Special,MG,Betasoloin,medical,251.41,495.0,Engaging,2017-04-29,246,Commercial / Small,Low Value,Stalled / Critical (> 180 days),55,Tier 2 — Medium Priority
RACLHBXN,Daniell Hammack,GTX Plus Basic,GTX,,,,,Engaging,2017-03-19,287,Unassigned Account,Medium Value,Stalled / Critical (> 180 days),60,Tier 2 — Medium Priority
RC4LEDIA,Marty Freudenburg,MG Advanced,MG,,,,,Engaging,2017-08-09,144,Unassigned Account,Medium Value,Aging (91-180 days),65,Tier 2 — Medium Priority
RCJRB8W8,Darcel Schlecht,GTX Plus Pro,GTX,,,,,Engaging,2017-08-05,148,Unassigned Account,High Value,Aging (91-180 days),75,Tier 1 — High Priority
RD6Y5R4P,Kami Bicknell,MG Special,MG,Cancity,retail,718.62,2448.0,Engaging,2017-08-03,150,Mid-Market,Low Value,Aging (91-180 days),65,Tier 2 — Medium Priority
RDHTQLNI,Cassey Cress,GTX Plus Pro,GTX,,,,,Engaging,2017-12-21,10,Unassigned Account,High Value,Recent (<= 90 days),80,Tier 1 — High Priority
RE3UNESR,Kary Hendrixson,GTX Basic,GTX,,,,,Engaging,2017-05-21,224,Unassigned Account,Low Value,Stalled / Critical (> 180 days),50,Tier 3 — Lower Priority
REAFB3C3,Zane Levy,GTX Basic,GTX,,,,,Engaging,2017-07-21,163,Unassigned Account,Low Value,Aging (91-180 days),55,Tier 2 — Medium Priority
REO3FMSB,Corliss Cosme,MG Advanced,MG,Massive Dynamic,entertainment,665.06,1095.0,Engaging,2017-06-09,205,Mid-Market,Medium Value,Stalled / Critical (> 180 days),70,Tier 2 — Medium Priority
RFQFJLNJ,Markita Hansen,MG Special,MG,,,,,Engaging,2017-08-21,132,Unassigned Account,Low Value,Aging (91-180 days),55,Tier 2 — Medium Priority
RFQP9VCW,Wilburn Farren,MG Advanced,MG,,,,,Engaging,2017-03-07,299,Unassigned Account,Medium Value,Stalled / Critical (> 180 days),60,Tier 2 — Medium Priority
RFXH6VDX,Hayden Neloms,GTX Plus Basic,GTX,,,,,Engaging,2017-07-27,157,Unassigned Account,Medium Value,Aging (91-180 days),65,Tier 2 — Medium Priority
RG893DYQ,Markita Hansen,GTX Basic,GTX,The New York Inquirer,medical,439.21,792.0,Engaging,2017-05-05,240,Commercial / Small,Low Value,Stalled / Critical (> 180 days),55,Tier 2 — Medium Priority
RGW7PKJ6,Marty Freudenburg,GTX Basic,GTX,Xx-zobam,entertainment,3838.39,8274.0,Prospecting,,0,Enterprise,Low Value,Unengaged (Prospecting),50,Tier 3 — Lower Priority
RH0FJYPZ,Darcel Schlecht,GTX Plus Basic,GTX,,,,,Prospecting,,0,Unassigned Account,Medium Value,Unengaged (Prospecting),40,Tier 3 — Lower Priority
RIC5ZHK4,Corliss Cosme,GTX Plus Basic,GTX,Plussunin,retail,1419.98,4018.0,Engaging,2017-05-07,238,Mid-Market,Medium Value,Stalled / Critical (> 180 days),70,Tier 2 — Medium Priority
RIW4VWBW,Hayden Neloms,GTX Plus Pro,GTX,,,,,Engaging,2017-01-10,355,Unassigned Account,High Value,Stalled / Critical (> 180 days),70,Tier 2 — Medium Priority
RJ21Q4HO,Gladys Colclough,GTX Basic,GTX,Hottechi,technology,8170.38,16499.0,Prospecting,,0,Enterprise,Low Value,Unengaged (Prospecting),50,Tier 3 — Lower Priority
RJYG004O,Daniell Hammack,GTX Basic,GTX,Domzoom,entertainment,217.87,551.0,Engaging,2016-12-16,380,Commercial / Small,Low Value,Stalled / Critical (> 180 days),55,Tier 2 — Medium Priority
RKOQZJZR,Zane Levy,GTX Plus Basic,GTX,J-Texon,retail,1388.67,3583.0,Engaging,2017-09-11,111,Mid-Market,Medium Value,Aging (91-180 days),75,Tier 1 — High Priority
RKP2DVSU,Niesha Huffines,MG Special,MG,Hottechi,technology,8170.38,16499.0,Prospecting,,0,Enterprise,Low Value,Unengaged (Prospecting),50,Tier 3 — Lower Priority
RKVXBXBM,Markita Hansen,MG Special,MG,,,,,Engaging,2017-06-07,207,Unassigned Account,Low Value,Stalled / Critical (> 180 days),50,Tier 3 — Lower Priority
RLDCYEJU,Moses Frase,MG Advanced,MG,,,,,Prospecting,,0,Unassigned Account,Medium Value,Unengaged (Prospecting),40,Tier 3 — Lower Priority
RMJG8OS2,Darcel Schlecht,GTX Basic,GTX,,,,,Prospecting,,0,Unassigned Account,Low Value,Unengaged (Prospecting),30,Tier 3 — Lower Priority
RN67OVFW,Zane Levy,GTX Basic,GTX,,,,,Engaging,2017-11-04,57,Unassigned Account,Low Value,Recent (<= 90 days),60,Tier 2 — Medium Priority
RN7M3757,Versie Hillebrand,MG Advanced,MG,,,,,Engaging,2017-07-30,154,Unassigned Account,Medium Value,Aging (91-180 days),65,Tier 2 — Medium Priority
ROM4I2T0,Versie Hillebrand,MG Special,MG,Rundofase,technology,1008.06,1238.0,Prospecting,,0,Mid-Market,Low Value,Unengaged (Prospecting),40,Tier 3 — Lower Priority
RP7KA6HS,Elease Gluck,MG Special,MG,Mathtouch,marketing,3027.46,9516.0,Engaging,2017-02-05,329,Enterprise,Low Value,Stalled / Critical (> 180 days),70,Tier 2 — Medium Priority
RPCZJOE2,Niesha Huffines,MG Special,MG,,,,,Prospecting,,0,Unassigned Account,Low Value,Unengaged (Prospecting),30,Tier 3 — Lower Priority
RPONINLM,Vicki Laflamme,GTX Plus Basic,GTX,,,,,Engaging,2017-01-23,342,Unassigned Account,Medium Value,Stalled / Critical (> 180 days),60,Tier 2 — Medium Priority
RQF6II3D,Anna Snelling,MG Special,MG,,,,,Engaging,2017-07-22,162,Unassigned Account,Low Value,Aging (91-180 days),55,Tier 2 — Medium Priority
RQULJHTU,Daniell Hammack,GTX Plus Pro,GTX,,,,,Engaging,2017-03-16,290,Unassigned Account,High Value,Stalled / Critical (> 180 days),70,Tier 2 — Medium Priority
RS31U03Y,Zane Levy,GTX Plus Basic,GTX,,,,,Engaging,2017-12-07,24,Unassigned Account,Medium Value,Recent (<= 90 days),70,Tier 2 — Medium Priority
RSY2XLKK,Anna Snelling,MG Advanced,MG,Streethex,retail,1376.8,1165.0,Prospecting,,0,Mid-Market,Medium Value,Unengaged (Prospecting),50,Tier 3 — Lower Priority
RTOIXNPC,Gladys Colclough,MG Special,MG,,,,,Engaging,2017-07-30,154,Unassigned Account,Low Value,Aging (91-180 days),55,Tier 2 — Medium Priority
RTWAUR7C,Gladys Colclough,GTX Plus Pro,GTX,Y-corporation,employment,2871.35,9561.0,Engaging,2017-07-24,160,Enterprise,High Value,Aging (91-180 days),95,Tier 1 — High Priority
RTWE19SU,Kary Hendrixson,GTX Pro,GTX,Conecom,technology,1520.66,1806.0,Engaging,2017-12-17,14,Mid-Market,High Value,Recent (<= 90 days),90,Tier 1 — High Priority
RTX8ZJXT,Vicki Laflamme,GTX Basic,GTX,,,,,Engaging,2017-08-31,122,Unassigned Account,Low Value,Aging (91-180 days),55,Tier 2 — Medium Priority
RU5X1LZM,Zane Levy,GTX Pro,GTX,,,,,Engaging,2017-08-26,127,Unassigned Account,High Value,Aging (91-180 days),75,Tier 1 — High Priority
RUAU1ORD,Zane Levy,GTX Basic,GTX,,,,,Engaging,2017-06-10,204,Unassigned Account,Low Value,Stalled / Critical (> 180 days),50,Tier 3 — Lower Priority
RUFJMV3I,James Ascencio,MG Special,MG,,,,,Engaging,2017-06-20,194,Unassigned Account,Low Value,Stalled / Critical (> 180 days),50,Tier 3 — Lower Priority
RV5Y8DRY,Marty Freudenburg,GTX Plus Pro,GTX,,,,,Engaging,2017-07-25,159,Unassigned Account,High Value,Aging (91-180 days),75,Tier 1 — High Priority
RVH3UUKY,Vicki Laflamme,MG Advanced,MG,,,,,Engaging,2017-02-19,315,Unassigned Account,Medium Value,Stalled / Critical (> 180 days),60,Tier 2 — Medium Priority
RVUJPYY8,Rosalina Dieter,MG Special,MG,,,,,Engaging,2017-10-18,74,Unassigned Account,Low Value,Recent (<= 90 days),60,Tier 2 — Medium Priority
RW39Y63V,Vicki Laflamme,GTX Pro,GTX,,,,,Engaging,2017-01-10,355,Unassigned Account,High Value,Stalled / Critical (> 180 days),70,Tier 2 — Medium Priority
RW3CJO8D,Zane Levy,MG Advanced,MG,,,,,Engaging,2017-09-04,118,Unassigned Account,Medium Value,Aging (91-180 days),65,Tier 2 — Medium Priority
RXAQJKSL,Corliss Cosme,GTX Plus Pro,GTX,,,,,Engaging,2017-04-26,249,Unassigned Account,High Value,Stalled / Critical (> 180 days),70,Tier 2 — Medium Priority
RY6T3GLC,Corliss Cosme,GTX Pro,GTX,Zathunicon,retail,71.12,144.0,Engaging,2017-05-29,216,Commercial / Small,High Value,Stalled / Critical (> 180 days),75,Tier 1 — High Priority
RYNZ2WOK,Markita Hansen,MG Advanced,MG,Iselectrics,technology,527.11,1428.0,Engaging,2017-08-29,124,Mid-Market,Medium Value,Aging (91-180 days),75,Tier 1 — High Priority
RYWETTBK,Kami Bicknell,GTX Basic,GTX,Fasehatice,retail,4968.91,7523.0,Engaging,2017-10-20,72,Enterprise,Low Value,Recent (<= 90 days),80,Tier 1 — High Priority
RZXMIHGO,Gladys Colclough,GTX Basic,GTX,,,,,Engaging,2017-08-01,152,Unassigned Account,Low Value,Aging (91-180 days),55,Tier 2 — Medium Priority
S0Z4QVL2,Vicki Laflamme,GTX Pro,GTX,,,,,Engaging,2017-07-21,163,Unassigned Account,High Value,Aging (91-180 days),75,Tier 1 — High Priority
S1U1RD6K,Darcel Schlecht,GTX Pro,GTX,Iselectrics,technology,527.11,1428.0,Prospecting,,0,Mid-Market,High Value,Unengaged (Prospecting),60,Tier 2 — Medium Priority
S2J63YRV,Rosie Papadopoulos,MG Special,MG,,,,,Engaging,2017-06-08,206,Unassigned Account,Low Value,Stalled / Critical (> 180 days),50,Tier 3 — Lower Priority
S2MSQIXP,Zane Levy,GTX Basic,GTX,Hottechi,technology,8170.38,16499.0,Engaging,2017-04-19,256,Enterprise,Low Value,Stalled / Critical (> 180 days),70,Tier 2 — Medium Priority
S2SC8AP7,Violet Mclelland,MG Special,MG,,,,,Engaging,2017-06-25,189,Unassigned Account,Low Value,Stalled / Critical (> 180 days),50,Tier 3 — Lower Priority
S2XTTF3B,Rosalina Dieter,MG Special,MG,,,,,Engaging,2017-09-11,111,Unassigned Account,Low Value,Aging (91-180 days),55,Tier 2 — Medium Priority
S2Y2Q1D2,Marty Freudenburg,GTX Plus Basic,GTX,Singletechno,retail,2214.94,5374.0,Engaging,2017-07-27,157,Enterprise,Medium Value,Aging (91-180 days),85,Tier 1 — High Priority
S3LATQVJ,Versie Hillebrand,GTX Plus Basic,GTX,Kinnamplus,retail,702.72,1831.0,Engaging,2017-07-23,161,Mid-Market,Medium Value,Aging (91-180 days),75,Tier 1 — High Priority
S3W6Q07M,Kami Bicknell,GTX Plus Pro,GTX,Acme Corporation,technology,1100.04,2822.0,Engaging,2017-01-16,349,Mid-Market,High Value,Stalled / Critical (> 180 days),80,Tier 1 — High Priority
S4V0T890,Marty Freudenburg,MG Advanced,MG,Finjob,employment,2059.9,3644.0,Prospecting,,0,Mid-Market,Medium Value,Unengaged (Prospecting),50,Tier 3 — Lower Priority
S50ETCN7,Anna Snelling,GTX Plus Basic,GTX,,,,,Engaging,2017-07-21,163,Unassigned Account,Medium Value,Aging (91-180 days),65,Tier 2 — Medium Priority
S53EVWFC,Daniell Hammack,GTX Pro,GTX,,,,,Engaging,2017-08-23,130,Unassigned Account,High Value,Aging (91-180 days),75,Tier 1 — High Priority
S6645YWA,Kami Bicknell,GTX Basic,GTX,Y-corporation,employment,2871.35,9561.0,Engaging,2017-02-07,327,Enterprise,Low Value,Stalled / Critical (> 180 days),70,Tier 2 — Medium Priority
S6BD2RV6,Versie Hillebrand,MG Special,MG,,,,,Prospecting,,0,Unassigned Account,Low Value,Unengaged (Prospecting),30,Tier 3 — Lower Priority
S6YZO6UQ,Darcel Schlecht,GTX Pro,GTX,,,,,Engaging,2017-07-21,163,Unassigned Account,High Value,Aging (91-180 days),75,Tier 1 — High Priority
S7UVZXM3,Corliss Cosme,MG Special,MG,,,,,Engaging,2017-10-24,68,Unassigned Account,Low Value,Recent (<= 90 days),60,Tier 2 — Medium Priority
S8FODURJ,Zane Levy,GTX Basic,GTX,Nam-zim,services,405.59,1179.0,Engaging,2017-09-07,115,Mid-Market,Low Value,Aging (91-180 days),65,Tier 2 — Medium Priority
S931EBRN,Cassey Cress,GTX Basic,GTX,,,,,Engaging,2017-08-09,144,Unassigned Account,Low Value,Aging (91-180 days),55,Tier 2 — Medium Priority
S9JXWIBD,Gladys Colclough,GTX Plus Basic,GTX,,,,,Engaging,2017-07-30,154,Unassigned Account,Medium Value,Aging (91-180 days),65,Tier 2 — Medium Priority
SAMPTSH0,Anna Snelling,GTX Plus Basic,GTX,,,,,Engaging,2017-08-14,139,Unassigned Account,Medium Value,Aging (91-180 days),65,Tier 2 — Medium Priority
SAUIIUTV,Marty Freudenburg,GTX Pro,GTX,,,,,Prospecting,,0,Unassigned Account,High Value,Unengaged (Prospecting),50,Tier 3 — Lower Priority
SCS5H8V1,Markita Hansen,GTK 500,GTK,Vehement Capital Partners,finance,646.1,883.0,Engaging,2017-02-14,320,Mid-Market,High Value,Stalled / Critical (> 180 days),80,Tier 1 — High Priority
SE6OIGYN,Violet Mclelland,GTX Plus Basic,GTX,Isdom,medical,3178.24,4540.0,Engaging,2017-06-12,202,Enterprise,Medium Value,Stalled / Critical (> 180 days),80,Tier 1 — High Priority
SFR7RG9V,Gladys Colclough,GTX Plus Basic,GTX,,,,,Prospecting,,0,Unassigned Account,Medium Value,Unengaged (Prospecting),40,Tier 3 — Lower Priority
SGI0VM1F,Cecily Lampkin,GTX Plus Pro,GTX,,,,,Prospecting,,0,Unassigned Account,High Value,Unengaged (Prospecting),50,Tier 3 — Lower Priority
SH4FSTJV,Versie Hillebrand,MG Special,MG,,,,,Prospecting,,0,Unassigned Account,Low Value,Unengaged (Prospecting),30,Tier 3 — Lower Priority
SIBR2J01,Maureen Marcano,MG Special,MG,,,,,Engaging,2017-05-31,214,Unassigned Account,Low Value,Stalled / Critical (> 180 days),50,Tier 3 — Lower Priority
SJ3QA8KP,Niesha Huffines,MG Advanced,MG,Treequote,telecommunications,5266.09,8595.0,Engaging,2017-07-28,156,Enterprise,Medium Value,Aging (91-180 days),85,Tier 1 — High Priority
SJE81OUR,Cecily Lampkin,MG Advanced,MG,,,,,Prospecting,,0,Unassigned Account,Medium Value,Unengaged (Prospecting),40,Tier 3 — Lower Priority
SJGOQMLT,Moses Frase,MG Advanced,MG,,,,,Engaging,2017-07-22,162,Unassigned Account,Medium Value,Aging (91-180 days),65,Tier 2 — Medium Priority
SKBDCYV5,Zane Levy,GTX Plus Basic,GTX,Zencorporation,technology,40.79,142.0,Engaging,2017-04-09,266,Commercial / Small,Medium Value,Stalled / Critical (> 180 days),65,Tier 2 — Medium Priority
SLILSQJV,Maureen Marcano,GTX Plus Basic,GTX,,,,,Engaging,2017-10-19,73,Unassigned Account,Medium Value,Recent (<= 90 days),70,Tier 2 — Medium Priority
SLMY2KDA,Kary Hendrixson,GTX Pro,GTX,,,,,Engaging,2017-08-06,147,Unassigned Account,High Value,Aging (91-180 days),75,Tier 1 — High Priority
SLYFFVBE,Maureen Marcano,GTX Plus Basic,GTX,Blackzim,retail,497.11,1588.0,Engaging,2017-03-07,299,Mid-Market,Medium Value,Stalled / Critical (> 180 days),70,Tier 2 — Medium Priority
SMP2K39G,Markita Hansen,GTX Pro,GTX,,,,,Engaging,2017-09-28,94,Unassigned Account,High Value,Aging (91-180 days),75,Tier 1 — High Priority
SP9W5IND,Boris Faz,MG Special,MG,Acme Corporation,technology,1100.04,2822.0,Engaging,2017-07-30,154,Mid-Market,Low Value,Aging (91-180 days),65,Tier 2 — Medium Priority
SPMQ0BHA,Lajuana Vencill,GTX Basic,GTX,,,,,Engaging,2017-07-29,155,Unassigned Account,Low Value,Aging (91-180 days),55,Tier 2 — Medium Priority
SPTF1MZ4,Versie Hillebrand,MG Special,MG,,,,,Prospecting,,0,Unassigned Account,Low Value,Unengaged (Prospecting),30,Tier 3 — Lower Priority
SPV7OJTH,Cassey Cress,MG Advanced,MG,,,,,Engaging,2017-06-02,212,Unassigned Account,Medium Value,Stalled / Critical (> 180 days),60,Tier 2 — Medium Priority
SQ71BWHG,Kary Hendrixson,GTX Pro,GTX,Zencorporation,technology,40.79,142.0,Engaging,2017-11-04,57,Commercial / Small,High Value,Recent (<= 90 days),85,Tier 1 — High Priority
SQLYCFGV,Zane Levy,GTX Pro,GTX,Opentech,finance,355.23,853.0,Engaging,2016-12-22,374,Commercial / Small,High Value,Stalled / Critical (> 180 days),75,Tier 1 — High Priority
SRYX0U85,Moses Frase,MG Advanced,MG,,,,,Prospecting,,0,Unassigned Account,Medium Value,Unengaged (Prospecting),40,Tier 3 — Lower Priority
SSK95WLX,Darcel Schlecht,GTX Plus Basic,GTX,,,,,Engaging,2017-07-27,157,Unassigned Account,Medium Value,Aging (91-180 days),65,Tier 2 — Medium Priority
STI8KYWL,Niesha Huffines,GTX Plus Basic,GTX,,,,,Engaging,2017-07-31,153,Unassigned Account,Medium Value,Aging (91-180 days),65,Tier 2 — Medium Priority
STT3X4NB,Violet Mclelland,GTX Basic,GTX,Xx-holding,finance,7537.24,20293.0,Engaging,2017-03-01,305,Enterprise,Low Value,Stalled / Critical (> 180 days),70,Tier 2 — Medium Priority
SU1NDYXR,Boris Faz,GTX Plus Basic,GTX,Stanredtax,finance,1698.2,3798.0,Engaging,2017-08-16,137,Mid-Market,Medium Value,Aging (91-180 days),75,Tier 1 — High Priority
SU8FTFLS,Cecily Lampkin,MG Advanced,MG,,,,,Prospecting,,0,Unassigned Account,Medium Value,Unengaged (Prospecting),40,Tier 3 — Lower Priority
SU8JNMP4,Kami Bicknell,GTX Plus Basic,GTX,Bubba Gump,software,987.39,2253.0,Engaging,2016-11-24,402,Mid-Market,Medium Value,Stalled / Critical (> 180 days),70,Tier 2 — Medium Priority
SUUVV6RP,Niesha Huffines,MG Special,MG,,,,,Engaging,2017-08-03,150,Unassigned Account,Low Value,Aging (91-180 days),55,Tier 2 — Medium Priority
SVCKI631,Maureen Marcano,GTX Basic,GTX,,,,,Engaging,2017-02-15,319,Unassigned Account,Low Value,Stalled / Critical (> 180 days),50,Tier 3 — Lower Priority
SWEQFKRF,Rosie Papadopoulos,GTX Pro,GTX,,,,,Engaging,2017-05-22,223,Unassigned Account,High Value,Stalled / Critical (> 180 days),70,Tier 2 — Medium Priority
SWJ9OOZU,Hayden Neloms,MG Advanced,MG,Opentech,finance,355.23,853.0,Engaging,2017-02-13,321,Commercial / Small,Medium Value,Stalled / Critical (> 180 days),65,Tier 2 — Medium Priority
SX0SSL0H,Rosie Papadopoulos,GTX Plus Basic,GTX,,,,,Engaging,2017-03-06,300,Unassigned Account,Medium Value,Stalled / Critical (> 180 days),60,Tier 2 — Medium Priority
SXFE42KG,Cecily Lampkin,MG Advanced,MG,Gogozoom,telecommunications,86.68,187.0,Engaging,2017-07-25,159,Commercial / Small,Medium Value,Aging (91-180 days),70,Tier 2 — Medium Priority
SXYJU7LC,Kami Bicknell,GTX Basic,GTX,,,,,Engaging,2017-07-05,179,Unassigned Account,Low Value,Aging (91-180 days),55,Tier 2 — Medium Priority
SY61BAXZ,Cassey Cress,GTX Plus Basic,GTX,Rantouch,telecommunications,1188.42,3015.0,Engaging,2017-08-17,136,Mid-Market,Medium Value,Aging (91-180 days),75,Tier 1 — High Priority
SYA1A4E5,Niesha Huffines,GTX Pro,GTX,,,,,Engaging,2017-08-07,146,Unassigned Account,High Value,Aging (91-180 days),75,Tier 1 — High Priority
SYP74C5W,Darcel Schlecht,GTX Pro,GTX,Bioholding,medical,587.34,1356.0,Prospecting,,0,Mid-Market,High Value,Unengaged (Prospecting),60,Tier 2 — Medium Priority
SZAMHBGA,Violet Mclelland,MG Advanced,MG,Nam-zim,services,405.59,1179.0,Engaging,2017-06-28,186,Mid-Market,Medium Value,Stalled / Critical (> 180 days),70,Tier 2 — Medium Priority
SZS2IPM3,Versie Hillebrand,MG Advanced,MG,Doncon,technology,587.72,1501.0,Engaging,2017-07-24,160,Mid-Market,Medium Value,Aging (91-180 days),75,Tier 1 — High Priority
T0TDA2O1,Anna Snelling,GTX Plus Pro,GTX,,,,,Engaging,2017-07-29,155,Unassigned Account,High Value,Aging (91-180 days),75,Tier 1 — High Priority
T0VJ4AMX,Corliss Cosme,GTX Basic,GTX,Green-Plus,services,692.19,1922.0,Engaging,2017-03-31,275,Mid-Market,Low Value,Stalled / Critical (> 180 days),60,Tier 2 — Medium Priority
T12MT0HL,Darcel Schlecht,GTX Pro,GTX,,,,,Prospecting,,0,Unassigned Account,High Value,Unengaged (Prospecting),50,Tier 3 — Lower Priority
T1F2I8ED,Corliss Cosme,GTX Plus Basic,GTX,,,,,Engaging,2017-03-09,297,Unassigned Account,Medium Value,Stalled / Critical (> 180 days),60,Tier 2 — Medium Priority
T1SITEI0,Darcel Schlecht,MG Special,MG,Singletechno,retail,2214.94,5374.0,Engaging,2017-07-29,155,Enterprise,Low Value,Aging (91-180 days),75,Tier 1 — High Priority
T3T4OE0A,Niesha Huffines,MG Special,MG,Konex,technology,7708.38,13756.0,Prospecting,,0,Enterprise,Low Value,Unengaged (Prospecting),50,Tier 3 — Lower Priority
T4AW06MM,Anna Snelling,GTX Plus Pro,GTX,,,,,Engaging,2017-07-22,162,Unassigned Account,High Value,Aging (91-180 days),75,Tier 1 — High Priority
T4FQOS6J,Maureen Marcano,GTX Plus Basic,GTX,Opentech,finance,355.23,853.0,Engaging,2017-05-14,231,Commercial / Small,Medium Value,Stalled / Critical (> 180 days),65,Tier 2 — Medium Priority
T4FR3FAC,Vicki Laflamme,MG Advanced,MG,,,,,Engaging,2017-06-29,185,Unassigned Account,Medium Value,Stalled / Critical (> 180 days),60,Tier 2 — Medium Priority
T50TV9SO,Zane Levy,GTX Basic,GTX,,,,,Engaging,2017-07-26,158,Unassigned Account,Low Value,Aging (91-180 days),55,Tier 2 — Medium Priority
T56J7ES7,Kami Bicknell,GTX Plus Basic,GTX,Nam-zim,services,405.59,1179.0,Engaging,2017-06-09,205,Mid-Market,Medium Value,Stalled / Critical (> 180 days),70,Tier 2 — Medium Priority
T5SX9Z3T,Vicki Laflamme,GTX Basic,GTX,Conecom,technology,1520.66,1806.0,Engaging,2017-05-10,235,Mid-Market,Low Value,Stalled / Critical (> 180 days),60,Tier 2 — Medium Priority
T6MPH7JC,Violet Mclelland,MG Special,MG,,,,,Engaging,2017-12-17,14,Unassigned Account,Low Value,Recent (<= 90 days),60,Tier 2 — Medium Priority
T7N0RX05,Maureen Marcano,GTX Plus Pro,GTX,,,,,Engaging,2017-11-04,57,Unassigned Account,High Value,Recent (<= 90 days),80,Tier 1 — High Priority
T7T1YIM7,Boris Faz,GTX Plus Pro,GTX,,,,,Engaging,2017-01-06,359,Unassigned Account,High Value,Stalled / Critical (> 180 days),70,Tier 2 — Medium Priority
T9QD8U1Y,Darcel Schlecht,MG Special,MG,Betasoloin,medical,251.41,495.0,Engaging,2017-07-21,163,Commercial / Small,Low Value,Aging (91-180 days),60,Tier 2 — Medium Priority
TAKHOTRW,Niesha Huffines,GTX Basic,GTX,,,,,Prospecting,,0,Unassigned Account,Low Value,Unengaged (Prospecting),30,Tier 3 — Lower Priority
TBNPWPNE,Lajuana Vencill,MG Special,MG,,,,,Prospecting,,0,Unassigned Account,Low Value,Unengaged (Prospecting),30,Tier 3 — Lower Priority
TCJA7XF2,Kami Bicknell,MG Special,MG,,,,,Engaging,2017-08-27,126,Unassigned Account,Low Value,Aging (91-180 days),55,Tier 2 — Medium Priority
TDJ3N8EJ,Kami Bicknell,MG Advanced,MG,Kinnamplus,retail,702.72,1831.0,Engaging,2017-07-20,164,Mid-Market,Medium Value,Aging (91-180 days),75,Tier 1 — High Priority
TF19VML9,Kami Bicknell,GTX Plus Basic,GTX,,,,,Engaging,2017-02-08,326,Unassigned Account,Medium Value,Stalled / Critical (> 180 days),60,Tier 2 — Medium Priority
TFCQZ28G,Cecily Lampkin,MG Advanced,MG,,,,,Prospecting,,0,Unassigned Account,Medium Value,Unengaged (Prospecting),40,Tier 3 — Lower Priority
TFPZNRS3,Versie Hillebrand,MG Special,MG,,,,,Prospecting,,0,Unassigned Account,Low Value,Unengaged (Prospecting),30,Tier 3 — Lower Priority
TFSKOBH7,Darcel Schlecht,GTX Basic,GTX,,,,,Engaging,2017-07-25,159,Unassigned Account,Low Value,Aging (91-180 days),55,Tier 2 — Medium Priority
TGSLH2ZD,Zane Levy,GTX Basic,GTX,,,,,Engaging,2017-08-27,126,Unassigned Account,Low Value,Aging (91-180 days),55,Tier 2 — Medium Priority
TH9RV79M,Maureen Marcano,MG Special,MG,,,,,Engaging,2017-02-06,328,Unassigned Account,Low Value,Stalled / Critical (> 180 days),50,Tier 3 — Lower Priority
THKCN7HU,Kary Hendrixson,GTX Basic,GTX,,,,,Engaging,2017-03-19,287,Unassigned Account,Low Value,Stalled / Critical (> 180 days),50,Tier 3 — Lower Priority
TIPG6R0Z,Vicki Laflamme,GTX Basic,GTX,,,,,Engaging,2017-06-17,197,Unassigned Account,Low Value,Stalled / Critical (> 180 days),50,Tier 3 — Lower Priority
TIPXNDS2,Gladys Colclough,MG Special,MG,Betatech,medical,647.18,1185.0,Engaging,2017-08-03,150,Mid-Market,Low Value,Aging (91-180 days),65,Tier 2 — Medium Priority
TJ03NDNX,Violet Mclelland,MG Advanced,MG,Iselectrics,technology,527.11,1428.0,Engaging,2017-03-25,281,Mid-Market,Medium Value,Stalled / Critical (> 180 days),70,Tier 2 — Medium Priority
TJ64MOUR,Darcel Schlecht,GTX Plus Basic,GTX,,,,,Prospecting,,0,Unassigned Account,Medium Value,Unengaged (Prospecting),40,Tier 3 — Lower Priority
TJ7PNIXL,Darcel Schlecht,GTX Pro,GTX,,,,,Engaging,2017-07-26,158,Unassigned Account,High Value,Aging (91-180 days),75,Tier 1 — High Priority
TJ95PY76,Darcel Schlecht,GTX Pro,GTX,J-Texon,retail,1388.67,3583.0,Engaging,2017-07-30,154,Mid-Market,High Value,Aging (91-180 days),85,Tier 1 — High Priority
TK9J8AOZ,Gladys Colclough,GTX Pro,GTX,Treequote,telecommunications,5266.09,8595.0,Prospecting,,0,Enterprise,High Value,Unengaged (Prospecting),70,Tier 2 — Medium Priority
TLJWMKEO,Gladys Colclough,GTX Plus Basic,GTX,Iselectrics,technology,527.11,1428.0,Prospecting,,0,Mid-Market,Medium Value,Unengaged (Prospecting),50,Tier 3 — Lower Priority
TLLW2ZRM,Zane Levy,GTX Pro,GTX,Condax,medical,4.54,9.0,Engaging,2017-08-25,128,Commercial / Small,High Value,Aging (91-180 days),80,Tier 1 — High Priority
TLOHEQ18,Corliss Cosme,GTX Plus Basic,GTX,,,,,Engaging,2017-01-02,363,Unassigned Account,Medium Value,Stalled / Critical (> 180 days),60,Tier 2 — Medium Priority
TLZGG7G5,Cecily Lampkin,MG Special,MG,Conecom,technology,1520.66,1806.0,Prospecting,,0,Mid-Market,Low Value,Unengaged (Prospecting),40,Tier 3 — Lower Priority
TM70L0W8,Zane Levy,GTX Pro,GTX,,,,,Engaging,2017-08-22,131,Unassigned Account,High Value,Aging (91-180 days),75,Tier 1 — High Priority
TN4KM3D1,Jonathan Berthelot,GTX Basic,GTX,Bluth Company,technology,1242.32,3027.0,Prospecting,,0,Mid-Market,Low Value,Unengaged (Prospecting),40,Tier 3 — Lower Priority
TNWCER5C,Rosie Papadopoulos,GTX Plus Basic,GTX,,,,,Engaging,2017-06-12,202,Unassigned Account,Medium Value,Stalled / Critical (> 180 days),60,Tier 2 — Medium Priority
TOJ902PF,Daniell Hammack,GTX Plus Basic,GTX,Bioholding,medical,587.34,1356.0,Engaging,2017-12-15,16,Mid-Market,Medium Value,Recent (<= 90 days),80,Tier 1 — High Priority
TQJJDWWH,James Ascencio,MG Advanced,MG,,,,,Engaging,2017-08-15,138,Unassigned Account,Medium Value,Aging (91-180 days),65,Tier 2 — Medium Priority
TQQDICC6,Darcel Schlecht,GTX Basic,GTX,,,,,Engaging,2017-07-22,162,Unassigned Account,Low Value,Aging (91-180 days),55,Tier 2 — Medium Priority
TQZLDFIJ,Versie Hillebrand,MG Special,MG,,,,,Engaging,2017-07-29,155,Unassigned Account,Low Value,Aging (91-180 days),55,Tier 2 — Medium Priority
TR7WLH5Q,Darcel Schlecht,MG Special,MG,,,,,Prospecting,,0,Unassigned Account,Low Value,Unengaged (Prospecting),30,Tier 3 — Lower Priority
TS9QPHNA,Niesha Huffines,GTX Basic,GTX,,,,,Prospecting,,0,Unassigned Account,Low Value,Unengaged (Prospecting),30,Tier 3 — Lower Priority
TTKPNDTP,Versie Hillebrand,MG Advanced,MG,,,,,Engaging,2017-07-22,162,Unassigned Account,Medium Value,Aging (91-180 days),65,Tier 2 — Medium Priority
TUKHDOGS,Maureen Marcano,GTX Pro,GTX,,,,,Engaging,2017-08-20,133,Unassigned Account,High Value,Aging (91-180 days),75,Tier 1 — High Priority
TV2M081C,Moses Frase,MG Advanced,MG,,,,,Engaging,2017-07-22,162,Unassigned Account,Medium Value,Aging (91-180 days),65,Tier 2 — Medium Priority
TV300INP,Wilburn Farren,GTX Plus Pro,GTX,,,,,Engaging,2017-03-03,303,Unassigned Account,High Value,Stalled / Critical (> 180 days),70,Tier 2 — Medium Priority
TWEVVI99,Daniell Hammack,GTX Plus Basic,GTX,Scottech,marketing,45.39,100.0,Engaging,2017-08-25,128,Commercial / Small,Medium Value,Aging (91-180 days),70,Tier 2 — Medium Priority
TWWD62O3,Darcel Schlecht,MG Special,MG,,,,,Prospecting,,0,Unassigned Account,Low Value,Unengaged (Prospecting),30,Tier 3 — Lower Priority
TX5SADEI,Niesha Huffines,GTX Plus Basic,GTX,Dontechi,software,4618.0,10083.0,Engaging,2017-07-30,154,Enterprise,Medium Value,Aging (91-180 days),85,Tier 1 — High Priority
TZPE6M07,Wilburn Farren,MG Advanced,MG,,,,,Engaging,2017-08-22,131,Unassigned Account,Medium Value,Aging (91-180 days),65,Tier 2 — Medium Priority
U0E0XHK9,Hayden Neloms,MG Advanced,MG,,,,,Engaging,2017-04-06,269,Unassigned Account,Medium Value,Stalled / Critical (> 180 days),60,Tier 2 — Medium Priority
U0U1RIMI,Lajuana Vencill,GTX Plus Basic,GTX,,,,,Prospecting,,0,Unassigned Account,Medium Value,Unengaged (Prospecting),40,Tier 3 — Lower Priority
U177IWW0,Maureen Marcano,GTX Plus Basic,GTX,,,,,Engaging,2017-05-22,223,Unassigned Account,Medium Value,Stalled / Critical (> 180 days),60,Tier 2 — Medium Priority
U1XSUD1P,Kami Bicknell,GTX Basic,GTX,,,,,Engaging,2017-09-06,116,Unassigned Account,Low Value,Aging (91-180 days),55,Tier 2 — Medium Priority
U2HYH97X,Kary Hendrixson,GTX Basic,GTX,,,,,Engaging,2017-04-20,255,Unassigned Account,Low Value,Stalled / Critical (> 180 days),50,Tier 3 — Lower Priority
U4IJO6SL,Vicki Laflamme,GTX Pro,GTX,,,,,Engaging,2017-04-08,267,Unassigned Account,High Value,Stalled / Critical (> 180 days),70,Tier 2 — Medium Priority
U4L1277G,Hayden Neloms,GTX Plus Basic,GTX,,,,,Engaging,2017-08-01,152,Unassigned Account,Medium Value,Aging (91-180 days),65,Tier 2 — Medium Priority
U5K2MZB6,Zane Levy,MG Advanced,MG,,,,,Engaging,2017-04-13,262,Unassigned Account,Medium Value,Stalled / Critical (> 180 days),60,Tier 2 — Medium Priority
U6XJRWV8,James Ascencio,MG Advanced,MG,,,,,Engaging,2017-04-18,257,Unassigned Account,Medium Value,Stalled / Critical (> 180 days),60,Tier 2 — Medium Priority
U7M26UZV,Vicki Laflamme,MG Special,MG,,,,,Engaging,2017-03-03,303,Unassigned Account,Low Value,Stalled / Critical (> 180 days),50,Tier 3 — Lower Priority
UAE5ZC7O,Daniell Hammack,GTX Plus Pro,GTX,,,,,Engaging,2016-12-05,391,Unassigned Account,High Value,Stalled / Critical (> 180 days),70,Tier 2 — Medium Priority
UAX2OR58,Darcel Schlecht,MG Special,MG,,,,,Engaging,2017-07-22,162,Unassigned Account,Low Value,Aging (91-180 days),55,Tier 2 — Medium Priority
UBO7V799,Lajuana Vencill,MG Advanced,MG,,,,,Engaging,2017-07-31,153,Unassigned Account,Medium Value,Aging (91-180 days),65,Tier 2 — Medium Priority
UD1GNRL4,Jonathan Berthelot,GTX Plus Basic,GTX,,,,,Prospecting,,0,Unassigned Account,Medium Value,Unengaged (Prospecting),40,Tier 3 — Lower Priority
UDAUS3DF,Anna Snelling,MG Special,MG,Sonron,telecommunications,1699.85,5108.0,Prospecting,,0,Enterprise,Low Value,Unengaged (Prospecting),50,Tier 3 — Lower Priority
UEI0RABV,Niesha Huffines,GTX Basic,GTX,,,,,Prospecting,,0,Unassigned Account,Low Value,Unengaged (Prospecting),30,Tier 3 — Lower Priority
UEZOR630,Elease Gluck,GTX Basic,GTX,,,,,Engaging,2017-04-29,246,Unassigned Account,Low Value,Stalled / Critical (> 180 days),50,Tier 3 — Lower Priority
UFL6ZQDV,Zane Levy,GTX Basic,GTX,,,,,Engaging,2017-05-18,227,Unassigned Account,Low Value,Stalled / Critical (> 180 days),50,Tier 3 — Lower Priority
UFZFCBOS,Jonathan Berthelot,GTX Basic,GTX,Lexiqvolax,medical,1618.89,3889.0,Prospecting,,0,Mid-Market,Low Value,Unengaged (Prospecting),40,Tier 3 — Lower Priority
UGB3A3CE,Maureen Marcano,MG Special,MG,,,,,Engaging,2017-07-04,180,Unassigned Account,Low Value,Aging (91-180 days),55,Tier 2 — Medium Priority
UGTXH980,Daniell Hammack,GTX Pro,GTX,,,,,Engaging,2017-06-01,213,Unassigned Account,High Value,Stalled / Critical (> 180 days),70,Tier 2 — Medium Priority
UH9TR8Y1,Darcel Schlecht,GTX Plus Pro,GTX,,,,,Prospecting,,0,Unassigned Account,High Value,Unengaged (Prospecting),50,Tier 3 — Lower Priority
UHIIYU2J,Lajuana Vencill,GTX Basic,GTX,,,,,Engaging,2017-07-30,154,Unassigned Account,Low Value,Aging (91-180 days),55,Tier 2 — Medium Priority
UI3DE2C4,Zane Levy,GTX Plus Basic,GTX,,,,,Engaging,2017-02-26,308,Unassigned Account,Medium Value,Stalled / Critical (> 180 days),60,Tier 2 — Medium Priority
UIOJX7O0,Cassey Cress,GTX Pro,GTX,,,,,Engaging,2017-08-24,129,Unassigned Account,High Value,Aging (91-180 days),75,Tier 1 — High Priority
UIP7MXOR,Niesha Huffines,GTX Basic,GTX,,,,,Prospecting,,0,Unassigned Account,Low Value,Unengaged (Prospecting),30,Tier 3 — Lower Priority
UIX6X6R3,Zane Levy,MG Advanced,MG,Umbrella Corporation,finance,2022.14,5113.0,Engaging,2017-05-01,244,Enterprise,Medium Value,Stalled / Critical (> 180 days),80,Tier 1 — High Priority
UJ58VMZT,Cecily Lampkin,GTX Plus Basic,GTX,,,,,Engaging,2017-07-21,163,Unassigned Account,Medium Value,Aging (91-180 days),65,Tier 2 — Medium Priority
UJ7BYO6A,Wilburn Farren,MG Advanced,MG,,,,,Engaging,2017-05-04,241,Unassigned Account,Medium Value,Stalled / Critical (> 180 days),60,Tier 2 — Medium Priority
UJTU7DUB,Moses Frase,MG Special,MG,,,,,Engaging,2017-07-22,162,Unassigned Account,Low Value,Aging (91-180 days),55,Tier 2 — Medium Priority
UK00OVV2,Versie Hillebrand,MG Special,MG,,,,,Prospecting,,0,Unassigned Account,Low Value,Unengaged (Prospecting),30,Tier 3 — Lower Priority
ULJG457F,Anna Snelling,MG Special,MG,,,,,Engaging,2017-08-03,150,Unassigned Account,Low Value,Aging (91-180 days),55,Tier 2 — Medium Priority
UM1OU73X,Darcel Schlecht,GTX Pro,GTX,,,,,Engaging,2017-08-04,149,Unassigned Account,High Value,Aging (91-180 days),75,Tier 1 — High Priority
UMD1BA4S,Anna Snelling,MG Special,MG,Ganjaflex,retail,5158.71,17479.0,Prospecting,,0,Enterprise,Low Value,Unengaged (Prospecting),50,Tier 3 — Lower Priority
UMF3KRCL,Maureen Marcano,GTX Basic,GTX,,,,,Engaging,2017-08-11,142,Unassigned Account,Low Value,Aging (91-180 days),55,Tier 2 — Medium Priority
UMXZFLO8,Zane Levy,GTX Pro,GTX,,,,,Engaging,2017-05-29,216,Unassigned Account,High Value,Stalled / Critical (> 180 days),70,Tier 2 — Medium Priority
UND13JS5,Marty Freudenburg,GTX Pro,GTX,Plusstrip,entertainment,349.81,315.0,Prospecting,,0,Commercial / Small,High Value,Unengaged (Prospecting),55,Tier 2 — Medium Priority
UO8DLVVQ,Darcel Schlecht,GTX Pro,GTX,,,,,Engaging,2017-07-27,157,Unassigned Account,High Value,Aging (91-180 days),75,Tier 1 — High Priority
UP409DSB,Maureen Marcano,MG Advanced,MG,Ganjaflex,retail,5158.71,17479.0,Engaging,2016-11-10,416,Enterprise,Medium Value,Stalled / Critical (> 180 days),80,Tier 1 — High Priority
UQQE9ILV,James Ascencio,GTX Pro,GTX,Iselectrics,technology,527.11,1428.0,Engaging,2017-01-13,352,Mid-Market,High Value,Stalled / Critical (> 180 days),80,Tier 1 — High Priority
URQYDGX8,Jonathan Berthelot,GTX Basic,GTX,,,,,Engaging,2017-08-02,151,Unassigned Account,Low Value,Aging (91-180 days),55,Tier 2 — Medium Priority
URRD7VUB,Jonathan Berthelot,MG Special,MG,Blackzim,retail,497.11,1588.0,Prospecting,,0,Mid-Market,Low Value,Unengaged (Prospecting),40,Tier 3 — Lower Priority
USJWM3F3,Violet Mclelland,GTX Basic,GTX,,,,,Engaging,2017-07-10,174,Unassigned Account,Low Value,Aging (91-180 days),55,Tier 2 — Medium Priority
USS2SNQI,Maureen Marcano,MG Special,MG,,,,,Engaging,2017-08-13,140,Unassigned Account,Low Value,Aging (91-180 days),55,Tier 2 — Medium Priority
USVLKDF4,Corliss Cosme,GTX Basic,GTX,Dontechi,software,4618.0,10083.0,Engaging,2017-02-04,330,Enterprise,Low Value,Stalled / Critical (> 180 days),70,Tier 2 — Medium Priority
UU25XD9E,Zane Levy,GTX Pro,GTX,Hatfan,services,792.46,1299.0,Engaging,2017-05-08,237,Mid-Market,High Value,Stalled / Critical (> 180 days),80,Tier 1 — High Priority
UU7N7LZK,James Ascencio,MG Advanced,MG,,,,,Engaging,2017-09-18,104,Unassigned Account,Medium Value,Aging (91-180 days),65,Tier 2 — Medium Priority
UUGY3W44,Kary Hendrixson,GTX Basic,GTX,,,,,Engaging,2017-04-07,268,Unassigned Account,Low Value,Stalled / Critical (> 180 days),50,Tier 3 — Lower Priority
UVCHXUIG,Anna Snelling,MG Special,MG,Konmatfix,marketing,375.43,1190.0,Engaging,2017-07-26,158,Mid-Market,Low Value,Aging (91-180 days),65,Tier 2 — Medium Priority
UWI771ZX,Darcel Schlecht,GTX Plus Basic,GTX,,,,,Engaging,2017-07-29,155,Unassigned Account,Medium Value,Aging (91-180 days),65,Tier 2 — Medium Priority
UY93W9NZ,Jonathan Berthelot,GTX Basic,GTX,,,,,Prospecting,,0,Unassigned Account,Low Value,Unengaged (Prospecting),30,Tier 3 — Lower Priority
UYQJ2A1O,Vicki Laflamme,GTX Plus Pro,GTX,,,,,Engaging,2017-05-01,244,Unassigned Account,High Value,Stalled / Critical (> 180 days),70,Tier 2 — Medium Priority
UZ7DU3D9,Gladys Colclough,GTX Plus Pro,GTX,,,,,Prospecting,,0,Unassigned Account,High Value,Unengaged (Prospecting),50,Tier 3 — Lower Priority
V02WMIWK,Anna Snelling,MG Special,MG,,,,,Engaging,2017-07-26,158,Unassigned Account,Low Value,Aging (91-180 days),55,Tier 2 — Medium Priority
V0G393Q6,Marty Freudenburg,GTX Plus Basic,GTX,,,,,Engaging,2017-08-13,140,Unassigned Account,Medium Value,Aging (91-180 days),65,Tier 2 — Medium Priority
V1KABF71,Jonathan Berthelot,GTX Plus Basic,GTX,,,,,Engaging,2017-08-04,149,Unassigned Account,Medium Value,Aging (91-180 days),65,Tier 2 — Medium Priority
V1SX6HOD,Maureen Marcano,GTX Plus Basic,GTX,,,,,Engaging,2017-09-19,103,Unassigned Account,Medium Value,Aging (91-180 days),65,Tier 2 — Medium Priority
V2V69I86,Darcel Schlecht,GTX Plus Basic,GTX,,,,,Prospecting,,0,Unassigned Account,Medium Value,Unengaged (Prospecting),40,Tier 3 — Lower Priority
V3G1HBTZ,Lajuana Vencill,GTX Basic,GTX,Nam-zim,services,405.59,1179.0,Engaging,2017-07-28,156,Mid-Market,Low Value,Aging (91-180 days),65,Tier 2 — Medium Priority
V3HVIJLL,Zane Levy,GTX Basic,GTX,,,,,Engaging,2017-02-16,318,Unassigned Account,Low Value,Stalled / Critical (> 180 days),50,Tier 3 — Lower Priority
V4XHHFO3,Elease Gluck,GTX Basic,GTX,Blackzim,retail,497.11,1588.0,Engaging,2017-03-15,291,Mid-Market,Low Value,Stalled / Critical (> 180 days),60,Tier 2 — Medium Priority
V5PKXYWS,Gladys Colclough,GTX Plus Pro,GTX,,,,,Prospecting,,0,Unassigned Account,High Value,Unengaged (Prospecting),50,Tier 3 — Lower Priority
V71FMJBD,Rosie Papadopoulos,MG Advanced,MG,,,,,Engaging,2017-06-28,186,Unassigned Account,Medium Value,Stalled / Critical (> 180 days),60,Tier 2 — Medium Priority
V74O6XQT,Daniell Hammack,GTX Pro,GTX,,,,,Engaging,2017-03-14,292,Unassigned Account,High Value,Stalled / Critical (> 180 days),70,Tier 2 — Medium Priority
V7W8CA47,Vicki Laflamme,MG Special,MG,,,,,Engaging,2017-08-16,137,Unassigned Account,Low Value,Aging (91-180 days),55,Tier 2 — Medium Priority
V9JDJ861,Anna Snelling,MG Special,MG,,,,,Prospecting,,0,Unassigned Account,Low Value,Unengaged (Prospecting),30,Tier 3 — Lower Priority
VAL8O4PH,Darcel Schlecht,MG Special,MG,,,,,Engaging,2017-08-01,152,Unassigned Account,Low Value,Aging (91-180 days),55,Tier 2 — Medium Priority
VAM56BG4,Darcel Schlecht,GTX Plus Basic,GTX,Acme Corporation,technology,1100.04,2822.0,Prospecting,,0,Mid-Market,Medium Value,Unengaged (Prospecting),50,Tier 3 — Lower Priority
VBB0LCEN,Lajuana Vencill,MG Advanced,MG,,,,,Engaging,2017-07-26,158,Unassigned Account,Medium Value,Aging (91-180 days),65,Tier 2 — Medium Priority
VBFYOCDO,Kami Bicknell,GTX Basic,GTX,,,,,Engaging,2017-05-10,235,Unassigned Account,Low Value,Stalled / Critical (> 180 days),50,Tier 3 — Lower Priority
VCSHYIU8,Maureen Marcano,GTX Plus Basic,GTX,,,,,Engaging,2017-01-12,353,Unassigned Account,Medium Value,Stalled / Critical (> 180 days),60,Tier 2 — Medium Priority
VD2KHXRY,Zane Levy,GTX Pro,GTX,Toughzap,retail,332.43,799.0,Engaging,2017-07-27,157,Commercial / Small,High Value,Aging (91-180 days),80,Tier 1 — High Priority
VDIU10RV,Markita Hansen,MG Special,MG,Lexiqvolax,medical,1618.89,3889.0,Engaging,2016-11-23,403,Mid-Market,Low Value,Stalled / Critical (> 180 days),60,Tier 2 — Medium Priority
VFEV5XBS,Violet Mclelland,GTX Plus Basic,GTX,,,,,Engaging,2017-01-31,334,Unassigned Account,Medium Value,Stalled / Critical (> 180 days),60,Tier 2 — Medium Priority
VGSH1TSW,Violet Mclelland,MG Special,MG,Vehement Capital Partners,finance,646.1,883.0,Engaging,2017-08-25,128,Mid-Market,Low Value,Aging (91-180 days),65,Tier 2 — Medium Priority
VH6OFWCV,Zane Levy,MG Advanced,MG,,,,,Engaging,2017-06-20,194,Unassigned Account,Medium Value,Stalled / Critical (> 180 days),60,Tier 2 — Medium Priority
VHT6G2BS,Jonathan Berthelot,GTX Plus Basic,GTX,,,,,Engaging,2017-08-14,139,Unassigned Account,Medium Value,Aging (91-180 days),65,Tier 2 — Medium Priority
VHZFABAC,Daniell Hammack,MG Special,MG,,,,,Engaging,2017-06-22,192,Unassigned Account,Low Value,Stalled / Critical (> 180 days),50,Tier 3 — Lower Priority
VIFA2I18,Jonathan Berthelot,GTX Basic,GTX,,,,,Engaging,2017-07-28,156,Unassigned Account,Low Value,Aging (91-180 days),55,Tier 2 — Medium Priority
VIY7P8J6,Versie Hillebrand,MG Special,MG,Hatfan,services,792.46,1299.0,Engaging,2017-08-01,152,Mid-Market,Low Value,Aging (91-180 days),65,Tier 2 — Medium Priority
VJ5QGP8Z,Maureen Marcano,MG Advanced,MG,,,,,Engaging,2017-02-15,319,Unassigned Account,Medium Value,Stalled / Critical (> 180 days),60,Tier 2 — Medium Priority
VJ9K12PY,Lajuana Vencill,MG Special,MG,,,,,Engaging,2017-07-21,163,Unassigned Account,Low Value,Aging (91-180 days),55,Tier 2 — Medium Priority
VJILDVVF,Darcel Schlecht,GTX Pro,GTX,Zathunicon,retail,71.12,144.0,Prospecting,,0,Commercial / Small,High Value,Unengaged (Prospecting),55,Tier 2 — Medium Priority
VJSI29OF,Versie Hillebrand,MG Special,MG,,,,,Engaging,2017-08-11,142,Unassigned Account,Low Value,Aging (91-180 days),55,Tier 2 — Medium Priority
VK9KN5PT,Boris Faz,MG Advanced,MG,,,,,Engaging,2017-04-02,273,Unassigned Account,Medium Value,Stalled / Critical (> 180 days),60,Tier 2 — Medium Priority
VKIR68JX,Violet Mclelland,GTX Plus Basic,GTX,,,,,Engaging,2017-09-04,118,Unassigned Account,Medium Value,Aging (91-180 days),65,Tier 2 — Medium Priority
VKT0UN11,James Ascencio,MG Advanced,MG,Codehow,software,2714.9,2641.0,Engaging,2017-01-14,351,Enterprise,Medium Value,Stalled / Critical (> 180 days),80,Tier 1 — High Priority
VL8YNHD7,Kary Hendrixson,GTX Plus Basic,GTX,,,,,Engaging,2017-12-08,23,Unassigned Account,Medium Value,Recent (<= 90 days),70,Tier 2 — Medium Priority
VLYT262U,Daniell Hammack,GTX Plus Basic,GTX,,,,,Engaging,2017-08-04,149,Unassigned Account,Medium Value,Aging (91-180 days),65,Tier 2 — Medium Priority
VM0MHPAO,Wilburn Farren,MG Special,MG,,,,,Engaging,2017-04-03,272,Unassigned Account,Low Value,Stalled / Critical (> 180 days),50,Tier 3 — Lower Priority
VMBM5EKL,Darcel Schlecht,GTX Pro,GTX,,,,,Engaging,2017-07-26,158,Unassigned Account,High Value,Aging (91-180 days),75,Tier 1 — High Priority
VMIAO42Z,Vicki Laflamme,GTX Plus Pro,GTX,Donquadtech,technology,1712.68,3194.0,Engaging,2017-04-28,247,Mid-Market,High Value,Stalled / Critical (> 180 days),80,Tier 1 — High Priority
VMXGBINH,Darcel Schlecht,GTX Pro,GTX,,,,,Prospecting,,0,Unassigned Account,High Value,Unengaged (Prospecting),50,Tier 3 — Lower Priority
VN8LKQN3,Boris Faz,GTX Plus Basic,GTX,,,,,Engaging,2017-02-02,332,Unassigned Account,Medium Value,Stalled / Critical (> 180 days),60,Tier 2 — Medium Priority
VO1YR5CY,Versie Hillebrand,GTX Basic,GTX,,,,,Engaging,2017-07-25,159,Unassigned Account,Low Value,Aging (91-180 days),55,Tier 2 — Medium Priority
VP8ERXPR,Cassey Cress,MG Special,MG,,,,,Engaging,2017-04-29,246,Unassigned Account,Low Value,Stalled / Critical (> 180 days),50,Tier 3 — Lower Priority
VPG5E490,Boris Faz,GTX Basic,GTX,Bubba Gump,software,987.39,2253.0,Engaging,2017-05-11,234,Mid-Market,Low Value,Stalled / Critical (> 180 days),60,Tier 2 — Medium Priority
VPXW8RJS,Kami Bicknell,MG Advanced,MG,,,,,Engaging,2017-01-05,360,Unassigned Account,Medium Value,Stalled / Critical (> 180 days),60,Tier 2 — Medium Priority
VRCYXSP1,Zane Levy,GTX Basic,GTX,,,,,Engaging,2017-07-21,163,Unassigned Account,Low Value,Aging (91-180 days),55,Tier 2 — Medium Priority
VRWH3YJV,Maureen Marcano,GTX Plus Pro,GTX,,,,,Engaging,2017-09-14,108,Unassigned Account,High Value,Aging (91-180 days),75,Tier 1 — High Priority
VRYR5A81,Wilburn Farren,GTX Basic,GTX,Finhigh,finance,1102.43,1759.0,Engaging,2017-03-25,281,Mid-Market,Low Value,Stalled / Critical (> 180 days),60,Tier 2 — Medium Priority
VSYO182N,Kary Hendrixson,GTX Pro,GTX,Dalttechnology,software,98.79,96.0,Engaging,2017-07-01,183,Commercial / Small,High Value,Stalled / Critical (> 180 days),75,Tier 1 — High Priority
VUFZB941,Marty Freudenburg,GTX Plus Basic,GTX,,,,,Prospecting,,0,Unassigned Account,Medium Value,Unengaged (Prospecting),40,Tier 3 — Lower Priority
VV6T07G4,Darcel Schlecht,MG Advanced,MG,,,,,Engaging,2017-07-24,160,Unassigned Account,Medium Value,Aging (91-180 days),65,Tier 2 — Medium Priority
VVE9HGLD,Kary Hendrixson,GTX Pro,GTX,,,,,Engaging,2017-10-05,87,Unassigned Account,High Value,Recent (<= 90 days),80,Tier 1 — High Priority
VVM42VWQ,Anna Snelling,GTX Basic,GTX,,,,,Engaging,2017-07-30,154,Unassigned Account,Low Value,Aging (91-180 days),55,Tier 2 — Medium Priority
VVO21D4Z,Cecily Lampkin,GTX Basic,GTX,,,,,Engaging,2017-07-25,159,Unassigned Account,Low Value,Aging (91-180 days),55,Tier 2 — Medium Priority
VW8CEV4C,Versie Hillebrand,MG Special,MG,Konmatfix,marketing,375.43,1190.0,Prospecting,,0,Mid-Market,Low Value,Unengaged (Prospecting),40,Tier 3 — Lower Priority
VXMFL425,James Ascencio,GTX Basic,GTX,Faxquote,telecommunications,1825.82,5595.0,Engaging,2017-02-12,322,Enterprise,Low Value,Stalled / Critical (> 180 days),70,Tier 2 — Medium Priority
VXTVHC1Z,Boris Faz,GTX Plus Pro,GTX,,,,,Engaging,2017-05-28,217,Unassigned Account,High Value,Stalled / Critical (> 180 days),70,Tier 2 — Medium Priority
VY4IVO2W,Kami Bicknell,GTX Plus Basic,GTX,,,,,Engaging,2017-04-24,251,Unassigned Account,Medium Value,Stalled / Critical (> 180 days),60,Tier 2 — Medium Priority
VYPYVO8V,Vicki Laflamme,GTX Basic,GTX,,,,,Engaging,2017-01-24,341,Unassigned Account,Low Value,Stalled / Critical (> 180 days),50,Tier 3 — Lower Priority
VYR4EWHR,Kary Hendrixson,GTX Basic,GTX,,,,,Engaging,2017-08-18,135,Unassigned Account,Low Value,Aging (91-180 days),55,Tier 2 — Medium Priority
VZ28EXFN,Marty Freudenburg,GTX Plus Basic,GTX,,,,,Prospecting,,0,Unassigned Account,Medium Value,Unengaged (Prospecting),40,Tier 3 — Lower Priority
W07RZO17,Kary Hendrixson,MG Advanced,MG,,,,,Engaging,2017-07-04,180,Unassigned Account,Medium Value,Aging (91-180 days),65,Tier 2 — Medium Priority
W1XRTUT2,Versie Hillebrand,MG Special,MG,Finhigh,finance,1102.43,1759.0,Engaging,2017-08-15,138,Mid-Market,Low Value,Aging (91-180 days),65,Tier 2 — Medium Priority
W2149WNZ,Versie Hillebrand,MG Special,MG,Golddex,finance,52.5,165.0,Prospecting,,0,Commercial / Small,Low Value,Unengaged (Prospecting),35,Tier 3 — Lower Priority
W24IDMVV,Corliss Cosme,GTX Plus Pro,GTX,,,,,Engaging,2017-02-15,319,Unassigned Account,High Value,Stalled / Critical (> 180 days),70,Tier 2 — Medium Priority
W2K1S9N3,Lajuana Vencill,GTX Plus Basic,GTX,Dalttechnology,software,98.79,96.0,Prospecting,,0,Commercial / Small,Medium Value,Unengaged (Prospecting),45,Tier 3 — Lower Priority
W4XB23IP,Boris Faz,GTX Basic,GTX,,,,,Engaging,2017-11-09,52,Unassigned Account,Low Value,Recent (<= 90 days),60,Tier 2 — Medium Priority
W533W8G6,Zane Levy,GTX Basic,GTX,,,,,Engaging,2017-09-04,118,Unassigned Account,Low Value,Aging (91-180 days),55,Tier 2 — Medium Priority
W5FH95XO,Hayden Neloms,MG Special,MG,,,,,Engaging,2017-10-30,62,Unassigned Account,Low Value,Recent (<= 90 days),60,Tier 2 — Medium Priority
W72TPY7P,Markita Hansen,MG Special,MG,,,,,Engaging,2017-10-19,73,Unassigned Account,Low Value,Recent (<= 90 days),60,Tier 2 — Medium Priority
W8CXDBQN,Vicki Laflamme,MG Special,MG,,,,,Engaging,2017-01-13,352,Unassigned Account,Low Value,Stalled / Critical (> 180 days),50,Tier 3 — Lower Priority
WA3U0EVI,Gladys Colclough,MG Special,MG,,,,,Prospecting,,0,Unassigned Account,Low Value,Unengaged (Prospecting),30,Tier 3 — Lower Priority
WA4TPQ5U,Maureen Marcano,GTX Plus Basic,GTX,Zoomit,entertainment,324.19,978.0,Engaging,2017-06-13,201,Commercial / Small,Medium Value,Stalled / Critical (> 180 days),65,Tier 2 — Medium Priority
WALNFJ70,Kary Hendrixson,GTX Plus Pro,GTX,,,,,Engaging,2016-12-08,388,Unassigned Account,High Value,Stalled / Critical (> 180 days),70,Tier 2 — Medium Priority
WARBRUXU,Jonathan Berthelot,GTX Basic,GTX,Stanredtax,finance,1698.2,3798.0,Engaging,2017-07-21,163,Mid-Market,Low Value,Aging (91-180 days),65,Tier 2 — Medium Priority
WAT7H38N,Versie Hillebrand,MG Special,MG,,,,,Prospecting,,0,Unassigned Account,Low Value,Unengaged (Prospecting),30,Tier 3 — Lower Priority
WD7Q5D3G,Markita Hansen,GTX Plus Basic,GTX,,,,,Engaging,2017-08-07,146,Unassigned Account,Medium Value,Aging (91-180 days),65,Tier 2 — Medium Priority
WE2CEE8A,Jonathan Berthelot,GTX Basic,GTX,Dontechi,software,4618.0,10083.0,Prospecting,,0,Enterprise,Low Value,Unengaged (Prospecting),50,Tier 3 — Lower Priority
WEES59KH,Violet Mclelland,MG Special,MG,,,,,Engaging,2017-09-06,116,Unassigned Account,Low Value,Aging (91-180 days),55,Tier 2 — Medium Priority
WEKW3XIN,Cassey Cress,GTX Plus Pro,GTX,Condax,medical,4.54,9.0,Engaging,2017-06-20,194,Commercial / Small,High Value,Stalled / Critical (> 180 days),75,Tier 1 — High Priority
WFCEPHD3,Markita Hansen,GTX Pro,GTX,,,,,Engaging,2017-03-16,290,Unassigned Account,High Value,Stalled / Critical (> 180 days),70,Tier 2 — Medium Priority
WGETO859,Boris Faz,GTX Basic,GTX,,,,,Engaging,2017-04-19,256,Unassigned Account,Low Value,Stalled / Critical (> 180 days),50,Tier 3 — Lower Priority
WGFTBY3W,Darcel Schlecht,GTX Pro,GTX,,,,,Engaging,2017-07-24,160,Unassigned Account,High Value,Aging (91-180 days),75,Tier 1 — High Priority
WI5RHGX9,Versie Hillebrand,MG Special,MG,,,,,Prospecting,,0,Unassigned Account,Low Value,Unengaged (Prospecting),30,Tier 3 — Lower Priority
WIQQUZRQ,Rosalina Dieter,MG Special,MG,,,,,Engaging,2017-09-10,112,Unassigned Account,Low Value,Aging (91-180 days),55,Tier 2 — Medium Priority
WJ7HDR4Q,Marty Freudenburg,MG Advanced,MG,,,,,Prospecting,,0,Unassigned Account,Medium Value,Unengaged (Prospecting),40,Tier 3 — Lower Priority
WJK0O5J9,Versie Hillebrand,MG Special,MG,Doncon,technology,587.72,1501.0,Prospecting,,0,Mid-Market,Low Value,Unengaged (Prospecting),40,Tier 3 — Lower Priority
WJO52I18,Cassey Cress,GTX Pro,GTX,Inity,marketing,2403.58,8801.0,Engaging,2017-11-04,57,Enterprise,High Value,Recent (<= 90 days),100,Tier 1 — High Priority
WJQ8VD51,Kami Bicknell,GTX Basic,GTX,Faxquote,telecommunications,1825.82,5595.0,Engaging,2017-02-19,315,Enterprise,Low Value,Stalled / Critical (> 180 days),70,Tier 2 — Medium Priority
WK1319MB,Boris Faz,MG Advanced,MG,,,,,Engaging,2017-08-23,130,Unassigned Account,Medium Value,Aging (91-180 days),65,Tier 2 — Medium Priority
WL6CZ7N4,Marty Freudenburg,GTX Plus Basic,GTX,,,,,Engaging,2017-07-28,156,Unassigned Account,Medium Value,Aging (91-180 days),65,Tier 2 — Medium Priority
WLDFQR7Z,Darcel Schlecht,MG Advanced,MG,Bubba Gump,software,987.39,2253.0,Engaging,2017-07-21,163,Mid-Market,Medium Value,Aging (91-180 days),75,Tier 1 — High Priority
WLS5J30E,Elease Gluck,MG Special,MG,Inity,marketing,2403.58,8801.0,Engaging,2017-03-31,275,Enterprise,Low Value,Stalled / Critical (> 180 days),70,Tier 2 — Medium Priority
WM7XURV6,Corliss Cosme,GTX Plus Basic,GTX,Groovestreet,retail,223.8,299.0,Engaging,2017-05-22,223,Commercial / Small,Medium Value,Stalled / Critical (> 180 days),65,Tier 2 — Medium Priority
WNTAT1OT,Boris Faz,GTX Basic,GTX,,,,,Engaging,2017-08-31,122,Unassigned Account,Low Value,Aging (91-180 days),55,Tier 2 — Medium Priority
WNWI8RJU,Versie Hillebrand,MG Advanced,MG,,,,,Prospecting,,0,Unassigned Account,Medium Value,Unengaged (Prospecting),40,Tier 3 — Lower Priority
WO1OYV0Z,Boris Faz,GTX Plus Pro,GTX,,,,,Engaging,2017-08-06,147,Unassigned Account,High Value,Aging (91-180 days),75,Tier 1 — High Priority
WOO9JXOQ,Gladys Colclough,MG Advanced,MG,Sumace,retail,167.89,493.0,Engaging,2017-07-31,153,Commercial / Small,Medium Value,Aging (91-180 days),70,Tier 2 — Medium Priority
WQ5U8PPM,Niesha Huffines,GTX Plus Basic,GTX,Umbrella Corporation,finance,2022.14,5113.0,Engaging,2017-07-26,158,Enterprise,Medium Value,Aging (91-180 days),85,Tier 1 — High Priority
WQAKXOYU,Boris Faz,GTX Pro,GTX,,,,,Engaging,2017-07-02,182,Unassigned Account,High Value,Stalled / Critical (> 180 days),70,Tier 2 — Medium Priority
WQSJNIEZ,Markita Hansen,GTX Basic,GTX,,,,,Engaging,2017-05-05,240,Unassigned Account,Low Value,Stalled / Critical (> 180 days),50,Tier 3 — Lower Priority
WR9CQB8E,Darcel Schlecht,MG Special,MG,,,,,Prospecting,,0,Unassigned Account,Low Value,Unengaged (Prospecting),30,Tier 3 — Lower Priority
WRKPDK7O,Versie Hillebrand,GTX Plus Pro,GTX,Hatfan,services,792.46,1299.0,Engaging,2017-08-01,152,Mid-Market,High Value,Aging (91-180 days),85,Tier 1 — High Priority
WRUG19FZ,Hayden Neloms,MG Advanced,MG,Vehement Capital Partners,finance,646.1,883.0,Engaging,2017-01-13,352,Mid-Market,Medium Value,Stalled / Critical (> 180 days),70,Tier 2 — Medium Priority
WS3BIQ4S,Markita Hansen,GTX Plus Pro,GTX,,,,,Engaging,2017-05-22,223,Unassigned Account,High Value,Stalled / Critical (> 180 days),70,Tier 2 — Medium Priority
WSO3NMK5,Maureen Marcano,MG Advanced,MG,,,,,Engaging,2017-09-18,104,Unassigned Account,Medium Value,Aging (91-180 days),65,Tier 2 — Medium Priority
WSQHC199,Darcel Schlecht,MG Special,MG,,,,,Engaging,2017-07-24,160,Unassigned Account,Low Value,Aging (91-180 days),55,Tier 2 — Medium Priority
WTAM4BED,Cassey Cress,MG Special,MG,,,,,Engaging,2017-06-13,201,Unassigned Account,Low Value,Stalled / Critical (> 180 days),50,Tier 3 — Lower Priority
WTD6O2OR,Anna Snelling,MG Advanced,MG,Betasoloin,medical,251.41,495.0,Prospecting,,0,Commercial / Small,Medium Value,Unengaged (Prospecting),45,Tier 3 — Lower Priority
WU81R3XH,Lajuana Vencill,GTX Basic,GTX,,,,,Engaging,2017-07-31,153,Unassigned Account,Low Value,Aging (91-180 days),55,Tier 2 — Medium Priority
WUNMIJW9,Elease Gluck,MG Advanced,MG,,,,,Engaging,2017-03-02,304,Unassigned Account,Medium Value,Stalled / Critical (> 180 days),60,Tier 2 — Medium Priority
WV2YBM8V,Kary Hendrixson,GTX Basic,GTX,,,,,Engaging,2017-09-30,92,Unassigned Account,Low Value,Aging (91-180 days),55,Tier 2 — Medium Priority
WVKBXWA9,Rosie Papadopoulos,MG Advanced,MG,,,,,Engaging,2017-09-19,103,Unassigned Account,Medium Value,Aging (91-180 days),65,Tier 2 — Medium Priority
WVT3X6IC,Versie Hillebrand,MG Special,MG,,,,,Engaging,2017-07-27,157,Unassigned Account,Low Value,Aging (91-180 days),55,Tier 2 — Medium Priority
WW1WV7IT,Cassey Cress,GTX Pro,GTX,Cancity,retail,718.62,2448.0,Engaging,2017-03-31,275,Mid-Market,High Value,Stalled / Critical (> 180 days),80,Tier 1 — High Priority
WWCMITY9,Rosalina Dieter,GTX Pro,GTX,Funholding,finance,2819.5,7227.0,Engaging,2017-06-12,202,Enterprise,High Value,Stalled / Critical (> 180 days),90,Tier 1 — High Priority
WX546S1D,Marty Freudenburg,GTX Basic,GTX,,,,,Engaging,2017-07-27,157,Unassigned Account,Low Value,Aging (91-180 days),55,Tier 2 — Medium Priority
WZ3FJA3V,Zane Levy,GTX Plus Basic,GTX,Labdrill,medical,2741.37,9226.0,Engaging,2017-08-25,128,Enterprise,Medium Value,Aging (91-180 days),85,Tier 1 — High Priority
WZN26QZQ,Corliss Cosme,GTX Plus Pro,GTX,Lexiqvolax,medical,1618.89,3889.0,Engaging,2017-08-27,126,Mid-Market,High Value,Aging (91-180 days),85,Tier 1 — High Priority
X1D1HYMM,James Ascencio,GTX Plus Pro,GTX,,,,,Engaging,2017-02-25,309,Unassigned Account,High Value,Stalled / Critical (> 180 days),70,Tier 2 — Medium Priority
X2REWR7J,Niesha Huffines,GTX Pro,GTX,,,,,Prospecting,,0,Unassigned Account,High Value,Unengaged (Prospecting),50,Tier 3 — Lower Priority
X33HL9WS,Daniell Hammack,GTX Plus Basic,GTX,,,,,Engaging,2017-07-28,156,Unassigned Account,Medium Value,Aging (91-180 days),65,Tier 2 — Medium Priority
X3KQZM1K,Gladys Colclough,MG Special,MG,,,,,Prospecting,,0,Unassigned Account,Low Value,Unengaged (Prospecting),30,Tier 3 — Lower Priority
X3ZSQCH8,Kami Bicknell,GTX Basic,GTX,Scotfind,software,6354.87,16780.0,Engaging,2017-02-10,324,Enterprise,Low Value,Stalled / Critical (> 180 days),70,Tier 2 — Medium Priority
X4FW4JR1,Kary Hendrixson,GTX Basic,GTX,,,,,Engaging,2017-05-15,230,Unassigned Account,Low Value,Stalled / Critical (> 180 days),50,Tier 3 — Lower Priority
X4THRRSJ,Darcel Schlecht,MG Advanced,MG,,,,,Prospecting,,0,Unassigned Account,Medium Value,Unengaged (Prospecting),40,Tier 3 — Lower Priority
X6NSKI7H,Cassey Cress,GTX Basic,GTX,,,,,Engaging,2017-09-06,116,Unassigned Account,Low Value,Aging (91-180 days),55,Tier 2 — Medium Priority
X7MN9ROG,Vicki Laflamme,GTX Plus Pro,GTX,,,,,Engaging,2017-10-23,69,Unassigned Account,High Value,Recent (<= 90 days),80,Tier 1 — High Priority
X8GGF9MG,Rosalina Dieter,MG Special,MG,Dontechi,software,4618.0,10083.0,Engaging,2017-04-12,263,Enterprise,Low Value,Stalled / Critical (> 180 days),70,Tier 2 — Medium Priority
X8M3SCVF,Darcel Schlecht,GTX Basic,GTX,,,,,Engaging,2017-07-19,165,Unassigned Account,Low Value,Aging (91-180 days),55,Tier 2 — Medium Priority
X9HFP474,Daniell Hammack,GTX Basic,GTX,Dontechi,software,4618.0,10083.0,Engaging,2017-07-12,172,Enterprise,Low Value,Aging (91-180 days),75,Tier 1 — High Priority
X9L0T199,Kami Bicknell,GTX Pro,GTX,,,,,Engaging,2017-08-18,135,Unassigned Account,High Value,Aging (91-180 days),75,Tier 1 — High Priority
X9NUTLTR,Gladys Colclough,MG Advanced,MG,,,,,Prospecting,,0,Unassigned Account,Medium Value,Unengaged (Prospecting),40,Tier 3 — Lower Priority
XAC1J3TF,Rosalina Dieter,MG Advanced,MG,,,,,Engaging,2017-05-15,230,Unassigned Account,Medium Value,Stalled / Critical (> 180 days),60,Tier 2 — Medium Priority
XARW0KTX,Gladys Colclough,GTX Pro,GTX,,,,,Prospecting,,0,Unassigned Account,High Value,Unengaged (Prospecting),50,Tier 3 — Lower Priority
XB1ZV04H,Versie Hillebrand,GTX Basic,GTX,,,,,Engaging,2017-08-03,150,Unassigned Account,Low Value,Aging (91-180 days),55,Tier 2 — Medium Priority
XBPJ6M4K,Kary Hendrixson,GTX Basic,GTX,Finhigh,finance,1102.43,1759.0,Engaging,2017-08-31,122,Mid-Market,Low Value,Aging (91-180 days),65,Tier 2 — Medium Priority
XDECB9X2,Vicki Laflamme,GTX Basic,GTX,,,,,Engaging,2017-04-07,268,Unassigned Account,Low Value,Stalled / Critical (> 180 days),50,Tier 3 — Lower Priority
XETF5BVH,Darcel Schlecht,GTX Plus Pro,GTX,Finjob,employment,2059.9,3644.0,Prospecting,,0,Mid-Market,High Value,Unengaged (Prospecting),60,Tier 2 — Medium Priority
XFB1VXQY,Maureen Marcano,MG Advanced,MG,,,,,Engaging,2017-03-25,281,Unassigned Account,Medium Value,Stalled / Critical (> 180 days),60,Tier 2 — Medium Priority
XFCKQ7RI,Darcel Schlecht,MG Advanced,MG,,,,,Engaging,2017-07-25,159,Unassigned Account,Medium Value,Aging (91-180 days),65,Tier 2 — Medium Priority
XGHMOHYQ,Lajuana Vencill,GTX Basic,GTX,,,,,Engaging,2017-08-15,138,Unassigned Account,Low Value,Aging (91-180 days),55,Tier 2 — Medium Priority
XGMTNND1,Darcel Schlecht,GTX Pro,GTX,,,,,Prospecting,,0,Unassigned Account,High Value,Unengaged (Prospecting),50,Tier 3 — Lower Priority
XM4VD3NN,Markita Hansen,GTX Plus Basic,GTX,,,,,Engaging,2017-04-04,271,Unassigned Account,Medium Value,Stalled / Critical (> 180 days),60,Tier 2 — Medium Priority
XNHTLVT1,Gladys Colclough,MG Special,MG,,,,,Engaging,2017-07-22,162,Unassigned Account,Low Value,Aging (91-180 days),55,Tier 2 — Medium Priority
XNKIZY9J,Corliss Cosme,MG Advanced,MG,,,,,Engaging,2017-08-18,135,Unassigned Account,Medium Value,Aging (91-180 days),65,Tier 2 — Medium Priority
XOVYPE58,Rosie Papadopoulos,GTX Pro,GTX,Betasoloin,medical,251.41,495.0,Engaging,2017-04-19,256,Commercial / Small,High Value,Stalled / Critical (> 180 days),75,Tier 1 — High Priority
XQ0N9T87,Hayden Neloms,MG Advanced,MG,,,,,Engaging,2017-04-10,265,Unassigned Account,Medium Value,Stalled / Critical (> 180 days),60,Tier 2 — Medium Priority
XQY4Z4KI,Rosie Papadopoulos,MG Special,MG,,,,,Engaging,2017-06-06,208,Unassigned Account,Low Value,Stalled / Critical (> 180 days),50,Tier 3 — Lower Priority
XRDF1NAB,Zane Levy,GTX Pro,GTX,,,,,Engaging,2017-03-01,305,Unassigned Account,High Value,Stalled / Critical (> 180 days),70,Tier 2 — Medium Priority
XRJ54GNR,Anna Snelling,GTX Basic,GTX,,,,,Prospecting,,0,Unassigned Account,Low Value,Unengaged (Prospecting),30,Tier 3 — Lower Priority
XRO7PMA2,Cassey Cress,GTX Plus Basic,GTX,,,,,Engaging,2017-05-17,228,Unassigned Account,Medium Value,Stalled / Critical (> 180 days),60,Tier 2 — Medium Priority
XRWMLGOG,James Ascencio,MG Advanced,MG,,,,,Engaging,2017-07-18,166,Unassigned Account,Medium Value,Aging (91-180 days),65,Tier 2 — Medium Priority
XRZNF1LQ,Kary Hendrixson,GTX Pro,GTX,,,,,Engaging,2017-08-31,122,Unassigned Account,High Value,Aging (91-180 days),75,Tier 1 — High Priority
XRZVJPD5,Maureen Marcano,GTX Plus Basic,GTX,,,,,Engaging,2017-02-27,307,Unassigned Account,Medium Value,Stalled / Critical (> 180 days),60,Tier 2 — Medium Priority
XS7B6QT7,Lajuana Vencill,MG Special,MG,,,,,Prospecting,,0,Unassigned Account,Low Value,Unengaged (Prospecting),30,Tier 3 — Lower Priority
XS7L2AQE,Moses Frase,GTX Basic,GTX,Zencorporation,technology,40.79,142.0,Prospecting,,0,Commercial / Small,Low Value,Unengaged (Prospecting),35,Tier 3 — Lower Priority
XSEG5T4H,Markita Hansen,GTX Plus Basic,GTX,Zoomit,entertainment,324.19,978.0,Engaging,2017-11-03,58,Commercial / Small,Medium Value,Recent (<= 90 days),75,Tier 1 — High Priority
XSTGL252,Cassey Cress,GTX Pro,GTX,Toughzap,retail,332.43,799.0,Engaging,2017-10-15,77,Commercial / Small,High Value,Recent (<= 90 days),85,Tier 1 — High Priority
XT8HCGAD,Rosalina Dieter,MG Special,MG,Bubba Gump,software,987.39,2253.0,Engaging,2017-09-10,112,Mid-Market,Low Value,Aging (91-180 days),65,Tier 2 — Medium Priority
XT9QCG8T,Niesha Huffines,GTX Plus Basic,GTX,Zoomit,entertainment,324.19,978.0,Prospecting,,0,Commercial / Small,Medium Value,Unengaged (Prospecting),45,Tier 3 — Lower Priority
XTE9XJTS,Kary Hendrixson,MG Special,MG,Zencorporation,technology,40.79,142.0,Engaging,2017-06-04,210,Commercial / Small,Low Value,Stalled / Critical (> 180 days),55,Tier 2 — Medium Priority
XTXMQMRC,Darcel Schlecht,GTX Plus Basic,GTX,,,,,Prospecting,,0,Unassigned Account,Medium Value,Unengaged (Prospecting),40,Tier 3 — Lower Priority
XU836DFA,Kami Bicknell,GTX Basic,GTX,,,,,Engaging,2017-06-18,196,Unassigned Account,Low Value,Stalled / Critical (> 180 days),50,Tier 3 — Lower Priority
XV41LZYE,Lajuana Vencill,GTX Basic,GTX,,,,,Engaging,2017-07-28,156,Unassigned Account,Low Value,Aging (91-180 days),55,Tier 2 — Medium Priority
XVB2CGL6,Maureen Marcano,GTX Pro,GTX,,,,,Engaging,2017-07-21,163,Unassigned Account,High Value,Aging (91-180 days),75,Tier 1 — High Priority
XVQ3OA99,Jonathan Berthelot,GTX Basic,GTX,,,,,Prospecting,,0,Unassigned Account,Low Value,Unengaged (Prospecting),30,Tier 3 — Lower Priority
XXD7OQOH,Markita Hansen,MG Special,MG,,,,,Engaging,2017-08-30,123,Unassigned Account,Low Value,Aging (91-180 days),55,Tier 2 — Medium Priority
XXUGTDX7,Vicki Laflamme,MG Special,MG,,,,,Engaging,2017-03-28,278,Unassigned Account,Low Value,Stalled / Critical (> 180 days),50,Tier 3 — Lower Priority
XYLNH45V,Daniell Hammack,GTX Plus Basic,GTX,Zathunicon,retail,71.12,144.0,Engaging,2017-01-31,334,Commercial / Small,Medium Value,Stalled / Critical (> 180 days),65,Tier 2 — Medium Priority
XYNTWPN1,Violet Mclelland,MG Special,MG,Rundofase,technology,1008.06,1238.0,Engaging,2017-01-08,357,Mid-Market,Low Value,Stalled / Critical (> 180 days),60,Tier 2 — Medium Priority
XYRO1TLJ,Markita Hansen,GTX Pro,GTX,,,,,Engaging,2017-06-29,185,Unassigned Account,High Value,Stalled / Critical (> 180 days),70,Tier 2 — Medium Priority
Y0EKPBLQ,Niesha Huffines,MG Special,MG,,,,,Prospecting,,0,Unassigned Account,Low Value,Unengaged (Prospecting),30,Tier 3 — Lower Priority
Y0M8X7BV,Corliss Cosme,GTX Plus Pro,GTX,,,,,Engaging,2017-08-25,128,Unassigned Account,High Value,Aging (91-180 days),75,Tier 1 — High Priority
Y28VHZKQ,Cassey Cress,MG Advanced,MG,,,,,Engaging,2017-03-13,293,Unassigned Account,Medium Value,Stalled / Critical (> 180 days),60,Tier 2 — Medium Priority
Y2EC6KYG,Hayden Neloms,MG Advanced,MG,,,,,Engaging,2017-05-25,220,Unassigned Account,Medium Value,Stalled / Critical (> 180 days),60,Tier 2 — Medium Priority
Y3AAS62P,Vicki Laflamme,GTX Plus Basic,GTX,Zoomit,entertainment,324.19,978.0,Engaging,2017-09-12,110,Commercial / Small,Medium Value,Aging (91-180 days),70,Tier 2 — Medium Priority
Y3CYQGPH,Rosalina Dieter,GTX Basic,GTX,,,,,Engaging,2017-02-22,312,Unassigned Account,Low Value,Stalled / Critical (> 180 days),50,Tier 3 — Lower Priority
Y3TOQUQI,Marty Freudenburg,GTX Basic,GTX,Zotware,software,4478.47,13809.0,Engaging,2017-07-25,159,Enterprise,Low Value,Aging (91-180 days),75,Tier 1 — High Priority
Y533QVR5,Lajuana Vencill,GTX Basic,GTX,,,,,Prospecting,,0,Unassigned Account,Low Value,Unengaged (Prospecting),30,Tier 3 — Lower Priority
Y6NI5EBV,Kami Bicknell,GTX Plus Basic,GTX,,,,,Engaging,2017-10-17,75,Unassigned Account,Medium Value,Recent (<= 90 days),70,Tier 2 — Medium Priority
Y6UBZM6P,Vicki Laflamme,GTX Plus Pro,GTX,,,,,Engaging,2017-01-09,356,Unassigned Account,High Value,Stalled / Critical (> 180 days),70,Tier 2 — Medium Priority
Y7244XW7,Moses Frase,MG Special,MG,Plussunin,retail,1419.98,4018.0,Engaging,2017-08-01,152,Mid-Market,Low Value,Aging (91-180 days),65,Tier 2 — Medium Priority
Y7N97FW8,Vicki Laflamme,GTX Pro,GTX,,,,,Engaging,2017-02-20,314,Unassigned Account,High Value,Stalled / Critical (> 180 days),70,Tier 2 — Medium Priority
Y7WAFW9D,Anna Snelling,MG Advanced,MG,,,,,Prospecting,,0,Unassigned Account,Medium Value,Unengaged (Prospecting),40,Tier 3 — Lower Priority
Y8ZUSC9C,Jonathan Berthelot,GTX Basic,GTX,,,,,Engaging,2017-08-14,139,Unassigned Account,Low Value,Aging (91-180 days),55,Tier 2 — Medium Priority
Y9EBNML6,Moses Frase,MG Advanced,MG,Donquadtech,technology,1712.68,3194.0,Prospecting,,0,Mid-Market,Medium Value,Unengaged (Prospecting),50,Tier 3 — Lower Priority
YB20NWM1,Vicki Laflamme,MG Special,MG,,,,,Engaging,2017-03-24,282,Unassigned Account,Low Value,Stalled / Critical (> 180 days),50,Tier 3 — Lower Priority
YB4YJTK4,Kami Bicknell,GTX Basic,GTX,Lexiqvolax,medical,1618.89,3889.0,Engaging,2017-08-23,130,Mid-Market,Low Value,Aging (91-180 days),65,Tier 2 — Medium Priority
YBWUG6QP,Darcel Schlecht,GTX Pro,GTX,Condax,medical,4.54,9.0,Prospecting,,0,Commercial / Small,High Value,Unengaged (Prospecting),55,Tier 2 — Medium Priority
YBY3PA1S,Gladys Colclough,GTX Basic,GTX,,,,,Engaging,2017-07-22,162,Unassigned Account,Low Value,Aging (91-180 days),55,Tier 2 — Medium Priority
YCQTM2BQ,Lajuana Vencill,MG Advanced,MG,,,,,Engaging,2017-07-25,159,Unassigned Account,Medium Value,Aging (91-180 days),65,Tier 2 — Medium Priority
YE7F777U,Lajuana Vencill,GTX Basic,GTX,,,,,Engaging,2017-08-01,152,Unassigned Account,Low Value,Aging (91-180 days),55,Tier 2 — Medium Priority
YFB7Y92U,Elease Gluck,GTK 500,GTK,,,,,Engaging,2017-02-07,327,Unassigned Account,High Value,Stalled / Critical (> 180 days),70,Tier 2 — Medium Priority
YI1V6SOX,Darcel Schlecht,GTX Pro,GTX,The New York Inquirer,medical,439.21,792.0,Engaging,2017-07-29,155,Commercial / Small,High Value,Aging (91-180 days),80,Tier 1 — High Priority
YI92HVHO,Darcel Schlecht,MG Advanced,MG,,,,,Prospecting,,0,Unassigned Account,Medium Value,Unengaged (Prospecting),40,Tier 3 — Lower Priority
YIU1B39V,Anna Snelling,GTX Basic,GTX,,,,,Prospecting,,0,Unassigned Account,Low Value,Unengaged (Prospecting),30,Tier 3 — Lower Priority
YKBJP191,Darcel Schlecht,GTX Pro,GTX,Faxquote,telecommunications,1825.82,5595.0,Prospecting,,0,Enterprise,High Value,Unengaged (Prospecting),70,Tier 2 — Medium Priority
YL29KX3L,Anna Snelling,GTX Plus Basic,GTX,Zumgoity,medical,441.08,1210.0,Prospecting,,0,Mid-Market,Medium Value,Unengaged (Prospecting),50,Tier 3 — Lower Priority
YLK0MRJ3,Kary Hendrixson,GTX Basic,GTX,Iselectrics,technology,527.11,1428.0,Engaging,2017-04-01,274,Mid-Market,Low Value,Stalled / Critical (> 180 days),60,Tier 2 — Medium Priority
YM8DBAFV,Cassey Cress,GTX Basic,GTX,Sumace,retail,167.89,493.0,Engaging,2017-02-05,329,Commercial / Small,Low Value,Stalled / Critical (> 180 days),55,Tier 2 — Medium Priority
YMI68O7S,Marty Freudenburg,GTX Plus Basic,GTX,Zumgoity,medical,441.08,1210.0,Prospecting,,0,Mid-Market,Medium Value,Unengaged (Prospecting),50,Tier 3 — Lower Priority
YMWG4Z3S,Kary Hendrixson,GTX Plus Basic,GTX,Warephase,services,2041.73,5276.0,Engaging,2017-11-23,38,Enterprise,Medium Value,Recent (<= 90 days),90,Tier 1 — High Priority
YPM5PZMD,Vicki Laflamme,MG Special,MG,,,,,Engaging,2017-09-03,119,Unassigned Account,Low Value,Aging (91-180 days),55,Tier 2 — Medium Priority
YQ0Y0YQS,Violet Mclelland,MG Advanced,MG,Newex,services,1012.72,3492.0,Engaging,2017-03-05,301,Mid-Market,Medium Value,Stalled / Critical (> 180 days),70,Tier 2 — Medium Priority
YQJGEI71,James Ascencio,GTX Plus Pro,GTX,,,,,Engaging,2017-10-19,73,Unassigned Account,High Value,Recent (<= 90 days),80,Tier 1 — High Priority
YRTI0EKE,Rosalina Dieter,GTX Basic,GTX,,,,,Engaging,2017-05-29,216,Unassigned Account,Low Value,Stalled / Critical (> 180 days),50,Tier 3 — Lower Priority
YT34YUZN,Corliss Cosme,GTX Pro,GTX,Betasoloin,medical,251.41,495.0,Engaging,2017-06-12,202,Commercial / Small,High Value,Stalled / Critical (> 180 days),75,Tier 1 — High Priority
YTGQKC7A,Rosalina Dieter,MG Special,MG,Dalttechnology,software,98.79,96.0,Engaging,2017-06-03,211,Commercial / Small,Low Value,Stalled / Critical (> 180 days),55,Tier 2 — Medium Priority
YVDQ80A0,Maureen Marcano,GTX Plus Basic,GTX,,,,,Engaging,2017-07-15,169,Unassigned Account,Medium Value,Aging (91-180 days),65,Tier 2 — Medium Priority
YVFK9Q0W,Niesha Huffines,MG Advanced,MG,Faxquote,telecommunications,1825.82,5595.0,Prospecting,,0,Enterprise,Medium Value,Unengaged (Prospecting),60,Tier 2 — Medium Priority
YVXKNYSM,Corliss Cosme,GTX Pro,GTX,,,,,Engaging,2017-05-07,238,Unassigned Account,High Value,Stalled / Critical (> 180 days),70,Tier 2 — Medium Priority
YWGU40CP,Darcel Schlecht,MG Special,MG,,,,,Engaging,2017-07-31,153,Unassigned Account,Low Value,Aging (91-180 days),55,Tier 2 — Medium Priority
YX4E972E,Markita Hansen,GTX Pro,GTX,Conecom,technology,1520.66,1806.0,Engaging,2017-06-14,200,Mid-Market,High Value,Stalled / Critical (> 180 days),80,Tier 1 — High Priority
YXXWQA4G,Zane Levy,MG Advanced,MG,,,,,Engaging,2017-06-15,199,Unassigned Account,Medium Value,Stalled / Critical (> 180 days),60,Tier 2 — Medium Priority
YY2DWBG5,Versie Hillebrand,MG Advanced,MG,Ron-tech,medical,3922.42,6837.0,Engaging,2017-07-24,160,Enterprise,Medium Value,Aging (91-180 days),85,Tier 1 — High Priority
YYMKOAVY,Marty Freudenburg,GTX Plus Basic,GTX,Donquadtech,technology,1712.68,3194.0,Prospecting,,0,Mid-Market,Medium Value,Unengaged (Prospecting),50,Tier 3 — Lower Priority
YYTZSTL0,Rosie Papadopoulos,GTX Plus Pro,GTX,,,,,Engaging,2017-07-07,177,Unassigned Account,High Value,Aging (91-180 days),75,Tier 1 — High Priority
YYU1J6E1,Anna Snelling,MG Special,MG,,,,,Engaging,2017-07-27,157,Unassigned Account,Low Value,Aging (91-180 days),55,Tier 2 — Medium Priority
YYUJ1DCF,Anna Snelling,MG Advanced,MG,,,,,Prospecting,,0,Unassigned Account,Medium Value,Unengaged (Prospecting),40,Tier 3 — Lower Priority
Z0RLNFVY,Boris Faz,GTX Plus Basic,GTX,,,,,Engaging,2017-03-16,290,Unassigned Account,Medium Value,Stalled / Critical (> 180 days),60,Tier 2 — Medium Priority
Z1WLLL1H,Kami Bicknell,GTX Basic,GTX,,,,,Engaging,2017-01-21,344,Unassigned Account,Low Value,Stalled / Critical (> 180 days),50,Tier 3 — Lower Priority
Z236WCM1,Kary Hendrixson,GTX Plus Basic,GTX,Vehement Capital Partners,finance,646.1,883.0,Engaging,2017-05-05,240,Mid-Market,Medium Value,Stalled / Critical (> 180 days),70,Tier 2 — Medium Priority
Z2E1UVVB,Violet Mclelland,MG Advanced,MG,,,,,Engaging,2017-05-07,238,Unassigned Account,Medium Value,Stalled / Critical (> 180 days),60,Tier 2 — Medium Priority
Z4JQEOMT,Lajuana Vencill,GTX Basic,GTX,,,,,Prospecting,,0,Unassigned Account,Low Value,Unengaged (Prospecting),30,Tier 3 — Lower Priority
Z4OOTJAJ,Darcel Schlecht,GTX Plus Pro,GTX,,,,,Engaging,2017-08-10,143,Unassigned Account,High Value,Aging (91-180 days),75,Tier 1 — High Priority
Z6R4KJFU,Daniell Hammack,GTX Pro,GTX,,,,,Engaging,2017-06-25,189,Unassigned Account,High Value,Stalled / Critical (> 180 days),70,Tier 2 — Medium Priority
Z6VQW8TB,Versie Hillebrand,GTX Basic,GTX,,,,,Prospecting,,0,Unassigned Account,Low Value,Unengaged (Prospecting),30,Tier 3 — Lower Priority
Z75ND4JF,Kary Hendrixson,GTX Basic,GTX,,,,,Engaging,2017-01-04,361,Unassigned Account,Low Value,Stalled / Critical (> 180 days),50,Tier 3 — Lower Priority
Z7EBMMAE,Versie Hillebrand,MG Special,MG,,,,,Engaging,2017-07-24,160,Unassigned Account,Low Value,Aging (91-180 days),55,Tier 2 — Medium Priority
Z7OH4GWO,Kami Bicknell,GTX Pro,GTX,,,,,Engaging,2017-04-13,262,Unassigned Account,High Value,Stalled / Critical (> 180 days),70,Tier 2 — Medium Priority
Z7Q2USU1,Markita Hansen,MG Special,MG,,,,,Engaging,2017-08-11,142,Unassigned Account,Low Value,Aging (91-180 days),55,Tier 2 — Medium Priority
Z89NKUC7,Anna Snelling,MG Special,MG,Plussunin,retail,1419.98,4018.0,Prospecting,,0,Mid-Market,Low Value,Unengaged (Prospecting),40,Tier 3 — Lower Priority
Z8Z77GN3,Kami Bicknell,GTX Pro,GTX,,,,,Engaging,2017-08-24,129,Unassigned Account,High Value,Aging (91-180 days),75,Tier 1 — High Priority
Z99W80UY,Niesha Huffines,GTX Plus Pro,GTX,Zencorporation,technology,40.79,142.0,Prospecting,,0,Commercial / Small,High Value,Unengaged (Prospecting),55,Tier 2 — Medium Priority
Z9CW6K35,Niesha Huffines,MG Special,MG,,,,,Prospecting,,0,Unassigned Account,Low Value,Unengaged (Prospecting),30,Tier 3 — Lower Priority
Z9QZKUV5,Zane Levy,GTX Basic,GTX,Zumgoity,medical,441.08,1210.0,Engaging,2017-03-30,276,Mid-Market,Low Value,Stalled / Critical (> 180 days),60,Tier 2 — Medium Priority
Z9S1ZX7W,Daniell Hammack,GTX Plus Basic,GTX,Condax,medical,4.54,9.0,Engaging,2017-07-02,182,Commercial / Small,Medium Value,Stalled / Critical (> 180 days),65,Tier 2 — Medium Priority
ZB3JRI67,Marty Freudenburg,GTX Basic,GTX,,,,,Prospecting,,0,Unassigned Account,Low Value,Unengaged (Prospecting),30,Tier 3 — Lower Priority
ZBDT3T2H,Kary Hendrixson,GTX Basic,GTX,,,,,Engaging,2017-09-18,104,Unassigned Account,Low Value,Aging (91-180 days),55,Tier 2 — Medium Priority
ZC987DAQ,Markita Hansen,MG Advanced,MG,,,,,Engaging,2017-08-07,146,Unassigned Account,Medium Value,Aging (91-180 days),65,Tier 2 — Medium Priority
ZCUMC0XC,Gladys Colclough,MG Special,MG,,,,,Engaging,2017-08-04,149,Unassigned Account,Low Value,Aging (91-180 days),55,Tier 2 — Medium Priority
ZD1X3R4G,Corliss Cosme,GTX Plus Basic,GTX,,,,,Engaging,2017-06-29,185,Unassigned Account,Medium Value,Stalled / Critical (> 180 days),60,Tier 2 — Medium Priority
ZEYGDEBG,Daniell Hammack,GTX Pro,GTX,,,,,Engaging,2017-10-09,83,Unassigned Account,High Value,Recent (<= 90 days),80,Tier 1 — High Priority
ZG8WPG99,Kary Hendrixson,GTX Pro,GTX,,,,,Engaging,2017-03-03,303,Unassigned Account,High Value,Stalled / Critical (> 180 days),70,Tier 2 — Medium Priority
ZGFB0IF1,Anna Snelling,GTX Plus Basic,GTX,,,,,Engaging,2017-07-20,164,Unassigned Account,Medium Value,Aging (91-180 days),65,Tier 2 — Medium Priority
ZGK1AWBD,Boris Faz,MG Special,MG,Vehement Capital Partners,finance,646.1,883.0,Engaging,2017-08-06,147,Mid-Market,Low Value,Aging (91-180 days),65,Tier 2 — Medium Priority
ZGTCQT1A,Darcel Schlecht,GTX Pro,GTX,Rundofase,technology,1008.06,1238.0,Prospecting,,0,Mid-Market,High Value,Unengaged (Prospecting),60,Tier 2 — Medium Priority
ZGW9SCQ0,Hayden Neloms,MG Advanced,MG,,,,,Engaging,2017-09-10,112,Unassigned Account,Medium Value,Aging (91-180 days),65,Tier 2 — Medium Priority
ZH14SZPT,Violet Mclelland,GTX Plus Basic,GTX,,,,,Engaging,2017-04-29,246,Unassigned Account,Medium Value,Stalled / Critical (> 180 days),60,Tier 2 — Medium Priority
ZHPJ73Q6,Versie Hillebrand,GTX Basic,GTX,Inity,marketing,2403.58,8801.0,Prospecting,,0,Enterprise,Low Value,Unengaged (Prospecting),50,Tier 3 — Lower Priority
ZHXIDZNI,Kary Hendrixson,GTX Pro,GTX,,,,,Engaging,2017-02-08,326,Unassigned Account,High Value,Stalled / Critical (> 180 days),70,Tier 2 — Medium Priority
ZHY9C8OO,Kami Bicknell,GTX Plus Basic,GTX,,,,,Engaging,2017-02-02,332,Unassigned Account,Medium Value,Stalled / Critical (> 180 days),60,Tier 2 — Medium Priority
ZI89S9HC,Markita Hansen,MG Advanced,MG,Dalttechnology,software,98.79,96.0,Engaging,2017-06-11,203,Commercial / Small,Medium Value,Stalled / Critical (> 180 days),65,Tier 2 — Medium Priority
ZIK2R3S7,Corliss Cosme,MG Advanced,MG,,,,,Engaging,2017-05-16,229,Unassigned Account,Medium Value,Stalled / Critical (> 180 days),60,Tier 2 — Medium Priority
ZIMT5RQ2,Anna Snelling,MG Special,MG,,,,,Prospecting,,0,Unassigned Account,Low Value,Unengaged (Prospecting),30,Tier 3 — Lower Priority
ZJLW1OPF,Darcel Schlecht,GTX Pro,GTX,Xx-zobam,entertainment,3838.39,8274.0,Engaging,2017-07-28,156,Enterprise,High Value,Aging (91-180 days),95,Tier 1 — High Priority
ZJQKUIZ4,Kary Hendrixson,MG Special,MG,Opentech,finance,355.23,853.0,Engaging,2017-05-22,223,Commercial / Small,Low Value,Stalled / Critical (> 180 days),55,Tier 2 — Medium Priority
ZK4S74FD,Vicki Laflamme,GTX Plus Pro,GTX,Singletechno,retail,2214.94,5374.0,Engaging,2017-05-25,220,Enterprise,High Value,Stalled / Critical (> 180 days),90,Tier 1 — High Priority
ZKJIVMSG,Lajuana Vencill,MG Advanced,MG,Finjob,employment,2059.9,3644.0,Prospecting,,0,Mid-Market,Medium Value,Unengaged (Prospecting),50,Tier 3 — Lower Priority
ZLN48IIP,Markita Hansen,GTX Basic,GTX,Iselectrics,technology,527.11,1428.0,Engaging,2017-04-03,272,Mid-Market,Low Value,Stalled / Critical (> 180 days),60,Tier 2 — Medium Priority
ZNEQXZZK,Anna Snelling,MG Advanced,MG,Donquadtech,technology,1712.68,3194.0,Engaging,2017-07-25,159,Mid-Market,Medium Value,Aging (91-180 days),75,Tier 1 — High Priority
ZOBJHMAF,Cassey Cress,MG Advanced,MG,,,,,Engaging,2016-12-11,385,Unassigned Account,Medium Value,Stalled / Critical (> 180 days),60,Tier 2 — Medium Priority
ZPXE49AP,Daniell Hammack,GTX Basic,GTX,,,,,Engaging,2017-09-06,116,Unassigned Account,Low Value,Aging (91-180 days),55,Tier 2 — Medium Priority
ZQ4QTT1Z,Boris Faz,GTX Plus Basic,GTX,,,,,Engaging,2017-03-07,299,Unassigned Account,Medium Value,Stalled / Critical (> 180 days),60,Tier 2 — Medium Priority
ZQRBJVZF,Anna Snelling,MG Special,MG,Dontechi,software,4618.0,10083.0,Prospecting,,0,Enterprise,Low Value,Unengaged (Prospecting),50,Tier 3 — Lower Priority
ZR436XWW,Maureen Marcano,GTX Plus Basic,GTX,,,,,Engaging,2017-08-12,141,Unassigned Account,Medium Value,Aging (91-180 days),65,Tier 2 — Medium Priority
ZRCQXB38,Darcel Schlecht,GTX Basic,GTX,,,,,Engaging,2017-07-23,161,Unassigned Account,Low Value,Aging (91-180 days),55,Tier 2 — Medium Priority
ZRYPU2QW,James Ascencio,MG Advanced,MG,,,,,Engaging,2017-03-09,297,Unassigned Account,Medium Value,Stalled / Critical (> 180 days),60,Tier 2 — Medium Priority
ZT1234V3,Gladys Colclough,MG Advanced,MG,Ron-tech,medical,3922.42,6837.0,Prospecting,,0,Enterprise,Medium Value,Unengaged (Prospecting),60,Tier 2 — Medium Priority
ZT163LH3,Jonathan Berthelot,GTX Basic,GTX,,,,,Prospecting,,0,Unassigned Account,Low Value,Unengaged (Prospecting),30,Tier 3 — Lower Priority
ZT52DT8H,Daniell Hammack,MG Advanced,MG,,,,,Engaging,2017-06-26,188,Unassigned Account,Medium Value,Stalled / Critical (> 180 days),60,Tier 2 — Medium Priority
ZTCQWF53,Darcel Schlecht,GTX Plus Basic,GTX,Faxquote,telecommunications,1825.82,5595.0,Prospecting,,0,Enterprise,Medium Value,Unengaged (Prospecting),60,Tier 2 — Medium Priority
ZTFYF8PV,Lajuana Vencill,GTX Plus Basic,GTX,,,,,Prospecting,,0,Unassigned Account,Medium Value,Unengaged (Prospecting),40,Tier 3 — Lower Priority
ZTLLHCBU,Kary Hendrixson,GTX Basic,GTX,Dontechi,software,4618.0,10083.0,Engaging,2017-03-07,299,Enterprise,Low Value,Stalled / Critical (> 180 days),70,Tier 2 — Medium Priority
ZTQD4PLQ,Jonathan Berthelot,GTX Plus Basic,GTX,,,,,Engaging,2017-07-22,162,Unassigned Account,Medium Value,Aging (91-180 days),65,Tier 2 — Medium Priority
ZTVWSE98,Rosalina Dieter,MG Special,MG,,,,,Engaging,2017-06-01,213,Unassigned Account,Low Value,Stalled / Critical (> 180 days),50,Tier 3 — Lower Priority
ZU3GICE9,Maureen Marcano,GTX Basic,GTX,,,,,Engaging,2017-06-15,199,Unassigned Account,Low Value,Stalled / Critical (> 180 days),50,Tier 3 — Lower Priority
ZVAZKWF3,Kami Bicknell,GTX Pro,GTX,,,,,Engaging,2017-04-14,261,Unassigned Account,High Value,Stalled / Critical (> 180 days),70,Tier 2 — Medium Priority
ZVO432VF,Marty Freudenburg,MG Special,MG,Faxquote,telecommunications,1825.82,5595.0,Prospecting,,0,Enterprise,Low Value,Unengaged (Prospecting),50,Tier 3 — Lower Priority
ZXNPF7PL,Versie Hillebrand,GTX Plus Pro,GTX,,,,,Prospecting,,0,Unassigned Account,High Value,Unengaged (Prospecting),50,Tier 3 — Lower Priority
ZZY4516R,Hayden Neloms,MG Advanced,MG,,,,,Engaging,2016-11-20,406,Unassigned Account,Medium Value,Stalled / Critical (> 180 days),60,Tier 2 — Medium Priority
